smiles,group,CYP2C9-sub
O=C(OC(C)C)c1c(COC)c2c([nH]c3c2cc(OCc2ccccc2)cc3)cn1,training,0.0
O=C(Nc1cc(C(=O)C)c(OC[C@@H](O)CNC(C)C)cc1)CCC,training,0.0
O=C(Nc1ccccc1)C,training,0.0
S(=O)(=O)(N)c1sc(NC(=O)C)nn1,training,0.0
O=C(C)C,training,0.0
O[C@@H]1[C@H](CC)[C@H]2[C@@H]3[C@@H](O)[C@@]45[C@@H](N(C)c6c4cccc6)[C@@H](N1[C@H]3C5)C2,training,0.0
O[C@H](CNC(C)(C)C)c1cc(CO)c(O)cc1,training,0.0
O=C(N(c1ccccc1)C1(COC)CCN(CCN2C(=O)N(CC)N=N2)CC1)CC,training,0.0
S(=O)(=O)(Cc1cc2c(CCN(C)C)c[nH]c2cc1)N1CCCC1,training,0.0
Clc1ccc(-c2c(CC(=O)N(CCC)CCC)n3c(n2)C=CC(Cl)=C3)cc1,training,0.0
Clc1cc2C(c3ccccc3)=NCc3n(c(C)nn3)-c2cc1,training,0.0
O(C[C@@H](O)CNC(C)C)c1c(CC=C)cccc1,training,0.0
Brc1c(N)c(CNC2CCC(O)CC2)cc(Br)c1,training,0.0
O=C1[C@@](CC)(c2ccc(N)cc2)CCC(=O)N1,training,0.0
N(C)(C)c1cc(C)c(C[C@@H](N)C)cc1,training,0.0
Fc1c(N2CCN(C)CC2)cc2N(NC)C=C(C(=O)O)C(=O)c2c1,training,0.0
Clc1cc2nccc(Nc3cc(CN(CC)CC)c(O)cc3)c2cc1,training,0.0
N[C@H](Cc1ccccc1)C,training,0.0
Nc1ccccc1,training,0.0
O=C1c2c(C(=O)c3c1cccc3)cccc2,training,0.0
O=C1[C@H](CCC)C(=O)N2N1C(N(C)C)=Nc1c2cc(C)cc1,training,0.0
Oc1c(O)ccc2c1-c1c3[C@@H](N(C)CCc3ccc1)C2,training,0.0
FC(F)(F)c1cc([C@H](O[C@@H]2[C@@H](N(CC3=NNC(=O)N3)CCO2)c2ccc(F)cc2)C)cc(C(F)(F)F)c1,training,0.0
N(CCCN(c1ccccc1)C1Cc2c(cccc2)C1)(CC)CC,training,0.0
O=[N+]([O-])c1c([C@H]2C(C(=O)OCC(=O)C)=C(C)NC(C)=C2C(=O)OC)cccc1,training,0.0
S(=O)(=O)(N[C@H](C(=O)N1[C@@H](C(=O)O)C[C@@H](C)CC1)CCCN=C(N)N)c1cc2c(NC[C@H](C)C2)cc1,training,0.0
Clc1c(Cl)cccc1N1CCN(CCCCOc2cc3NC(=O)CCc3cc2)CC1,training,0.0
O=C1[C@H](C)[C@H]2[C@@]34OO[C@@](C)(O[C@H]3O1)CC[C@H]4[C@H](C)CC2,training,0.0
O=C(O[C@@H]1[C@H](C)[C@H]2[C@@]34OO[C@@](C)(O[C@H]3O1)CC[C@H]4[C@H](C)CC2)CCC(=O)O,training,0.0
O=C(OC)N[C@@H](C(=O)NN(C[C@@H](O)[C@@H](NC(=O)[C@@H](NC(=O)OC)C(C)(C)C)Cc1ccccc1)Cc1ccc(-c2ncccc2)cc1)C(C)(C)C,training,0.0
Clc1ccc(C2CCC(C=3C(=O)C(=O)c4c(C=3O)cccc4)CC2)cc1,training,0.0
S(=O)(=O)(NC)Cc1cc2c(CCCN3CCN(c4c(OC)cncn4)CC3)c[nH]c2cc1,training,0.0
S(CC(=O)O[C@H]1[C@]2(C)[C@@H](C)CC[C@]3([C@@H](C)[C@H](O)[C@@](CC)(C)C1)[C@H]2C(=O)CC3)c1nc(N)[nH]n1,training,0.0
CN1CCC(=C2c3ncccc3CCc3c2cccc3)CC1,training,0.0
Clc1ccc(CC2=NN([C@@H]3CCN(C)CCC3)C(=O)c3c2cccc3)cc1,training,0.0
Clc1ccc(-c2oc(/C=N\N3C(=O)N(CCCCN4CCN(C)CC4)C(=O)C3)cc2)cc1,training,0.0
O([C@@H]1[C@@H](C)[C@H](O[C@@H]2O[C@@H](C)[C@H](O)[C@@](OC)(C)C2)[C@@H](C)C(=O)O[C@H](CC)[C@](O)(C)[C@H](O)[C@@H](C)N(C)C[C@H](C)C[C@]1(O)C)[C@H]1[C@H](O)[C@@H](N(C)C)C[C@@H](C)O1,training,0.0
O=[N+]([O-])c1cc([C@H]2C(C(=O)OC)=C(C)NC(C)=C2C(=O)O[C@@H]2CN(Cc3ccccc3)CC2)ccc1,training,0.0
Cl[C@]12[C@@H](O)C[C@]3(C)[C@@](O)(C(=O)CO)[C@@H](C)C[C@H]3[C@@H]1CCC=1[C@]2(C)C=CC(=O)C=1,training,0.0
O=[N+]([O-])c1cc([C@@H]2C(C(=O)OC)=C(C)NC(C)=C2C(=O)O[C@H]2CN(Cc3ccccc3)CCC2)ccc1,training,0.0
N([C@H](Cc1ccccc1)C)(Cc1ccccc1)C,training,0.0
O(CCCN(C)C)c1nn(Cc2ccccc2)c2c1cccc2,training,0.0
O(C[C@@H](CN(Cc1ccccc1)c1ccccc1)N1CCCC1)CC(C)C,training,0.0
F[C@]12[C@@H](O)C[C@]3(C)[C@@](O)(C(=O)CO)[C@@H](C)C[C@H]3[C@@H]1CCC=1[C@]2(C)C=CC(=O)C=1,training,0.0
O(CCc1ccc(OC[C@@H](O)CNC(C)C)cc1)CC1CC1,training,0.0
Clc1ccc(C(=O)NCCc2ccc(OC(C(=O)O)(C)C)cc2)cc1,training,0.0
[C@H](n1cncc1)(c1ccc(-c2ccccc2)cc1)c1ccccc1,training,0.0
O[C@](CCN1CCCCC1)([C@H]1[C@H]2C=C[C@@H](C1)C2)c1ccccc1,training,0.0
Brc1c(O)c(Br)cc(C(=O)c2c(CC)oc3c2cccc3)c1,training,0.0
O=C1C=C2[C@@](C)([C@@H]3[C@H]([C@H]4[C@@](C)([C@@H](O)CC4)CC3)CC2)C=C1,training,0.0
S(=O)(=O)(N)c1sc2S(=O)(=O)N(CCCOC)C[C@H](NCC)c2c1,training,0.0
Brc1c2oc(C3CCNCC3)cc2cc(OC)c1,training,0.0
Brc1cc2C(c3ncccc3)=NCC(=O)Nc2cc1,training,0.0
Brc1[nH]c2c3c(ccc2)C=2[C@H](N(C)C[C@H](C(=O)N[C@@]4(C(C)C)C(=O)N5[C@@H](CC(C)C)C(=O)N6[C@H]([C@]5(O)O4)CCC6)C=2)Cc13,training,0.0
Brc1ccc(C2(O)CCN(CCCC(=O)c3ccc(F)cc3)CC2)cc1,training,0.0
BrC=1C(=O)N=C(N)NC=1c1ccccc1,training,0.0
Brc1sc2-n3c(C)nnc3CN=C(c3c(Cl)cccc3)c2c1,training,0.0
C(C)(C)(C)N1CCC(c2ccccc2)(c2ccccc2)CC1,training,0.0
O(C[C@@H](O)CNC(C)(C)C)c1c(C#N)cccc1,training,0.0
Clc1c(OC[C@@H](O)CNC(C)(C)C)cc(C)cc1,training,0.0
O(C)[C@]12[C@@H]([C@](O)(C(C)(C)C)C)C[C@@]3([C@@H]4N(CC5CC5)CC[C@@]53[C@@H]1Oc1c(O)ccc(c51)C4)CC2,training,0.0
O=C1N(CCCCN2CCN(c3ncccn3)CC2)C(=O)CC2(C1)CCCC2,training,0.0
S(=O)(=O)(OCCCCOS(=O)(=O)C)C,training,0.0
Clc1cc(Cl)cc(Sc2n(Cc3ccncc3)c(COC(=O)N)nc2C(C)C)c1,training,0.0
S=C1N(C(=O)OCC)C=CN1C,training,0.0
O=C(OC[C@](COC(=O)N)(CCC)C)NC(C)C,training,0.0
O(C[C@@H](O)CNC(C)(C)C)c1c2c(NC(=O)CC2)ccc1,training,0.0
O=C([C@@H](N)C)c1ccccc1,training,0.0
Fc1ccc(-c2c(/C=C\[C@@H](O)C[C@@H](O)CC(=O)O)c(C(C)C)nc(C(C)C)c2COC)cc1,training,0.0
Clc1ccc([C@H](N2CCN(CCOCC(=O)O)CC2)c2ccccc2)cc1,training,0.0
C[C@@H]1SC[C@]2(O1)C1CCN(C2)CC1,training,0.0
Clc1cc2nccc(N[C@H](CCCN(CC)CC)C)c2cc1,training,0.0
Clc1ccc([C@@H](CCN(C)C)c2ncccc2)cc1,training,0.0
ClC(Cl)(Cl)C(O)O,training,0.0
O[C@@H]1C/C(=C/C=C\2/[C@H]3[C@@](C)([C@@H]([C@@H](CCCC(C)C)C)CC3)CCC/2)/C(=C)CC1,training,0.0
O=[N+]([O-])c1cc([C@@H]2C(C(=O)OC/C=C/c3ccccc3)=C(C)NC(C)=C2C(=O)OCCOC)ccc1,training,0.0
S(CCN/C(=N/C#N)/NC)Cc1c(C)[nH]cn1,training,0.0
Fc1c(N2CCNCC2)cc2N(C3CC3)C=C(C(=O)O)C(=O)c2c1,training,0.0
ClC1(Cl)[C@H](c2ccc(OC(C(=O)O)(C)C)cc2)C1,training,0.0
Clc1cc2C(=[N+]([O-])CC(NC)=Nc2cc1)c1ccccc1,training,0.0
Cl[C@H]([C@@H](NC(=O)[C@@H]1N(C)C[C@H](CCC)C1)[C@@H]1[C@H](O)[C@H](O)[C@@H](O)[C@@H](SC)O1)C,training,0.0
Clc1ccc(NC=2/C(=N\C(C)C)/C=C3N(c4ccc(Cl)cc4)c4c(N=C3C=2)cccc4)cc1,training,0.0
Clc1ccc(OC(C(=O)O)(C)C)cc1,training,0.0
Clc1ccc(OC(C(=O)OCC)(C)C)cc1,training,0.0
ClCCc1c(C)ncs1,training,0.0
Clc1c(C2=NCC(=O)Nc3c2cc([N+](=O)[O-])cc3)cccc1,training,0.0
Clc1cc2/C(=C\CCN3CCN(CCO)CC3)/c3c(Sc2cc1)cccc3,training,0.0
Clc1c(C(n2cncc2)(c2ccccc2)c2ccccc2)cccc1,training,0.0
O=C(OC)[C@H]1[C@@H](OC(=O)c2ccccc2)C[C@H]2N(C)[C@@H]1CC2,training,0.0
O(C)c1c2O[C@H]3[C@@H](O)C=C[C@H]4[C@@H]5N(C)CC[C@]34c2c(cc1)C5,training,0.0
O=C(N[C@@H]1C=2C(c3c(OC)c(OC)c(OC)cc3CC1)=CC=C(OC)C(=O)C=2)C,training,0.0
O=C(CO)[C@@H]1[C@]2(C)[C@H]([C@H]3[C@H]([C@@H](O)C2)[C@]2(C)C(=CC(=O)CC2)CC3)CC1,training,0.0
O=C(CO)[C@]1(O)[C@]2(C)[C@H]([C@H]3[C@H](C(=O)C2)[C@]2(C)C(=CC(=O)CC2)CC3)CC1,training,0.0
O=C1N(C)[C@H](c2cnccc2)CC1,training,0.0
O=C1Oc2c(cccc2)C=C1,training,0.0
N(CCC=C1c2c(cccc2)C=Cc2c1cccc2)(C)C,training,0.0
ClC=1C=2[C@](C)([C@@H]3[C@H](C(=O)C=2)C3)[C@@H]2[C@H]([C@H]3[C@@](C)([C@@](O)(C(=O)C)CC3)CC2)C=1,training,0.0
O=C(N)c1c(/N=N\N(C)C)[nH]cn1,training,0.0
S(=O)(=O)(CCN(CC)CC)[C@H]1[C@@H]2C(=O)O[C@H](C(C)C)[C@H](C)C=CC(=O)NCC=CC(C)=C[C@@H](O)CC(=O)Cc3occ(C(=O)N2CC1)n3,training,0.0
O=C(C)[C@@]1(O)C[C@H](O[C@@H]2O[C@@H](C)[C@@H](O)[C@@H](N)C2)c2c(O)c3C(=O)c4c(OC)cccc4C(=O)c3c(O)c2C1,training,0.0
O=C(O)c1ccc(OCCn2cncc2)cc1,training,0.0
O=C(OCC)[C@@H](N[C@H](C(=O)N(CC(=O)O)C1Cc2c(cccc2)C1)C)CCc1ccccc1,training,0.0
N(CCCN1c2c(cccc2)CCc2c1cccc2)C,training,0.0
F[C@]12[C@@H](O)C[C@]3(C)[C@@](O)(C(=O)CO)[C@H](C)C[C@H]3[C@@H]1CCC=1[C@]2(C)C=CC(=O)C=1,training,0.0
[C@H](C)(c1c(C)c(C)ccc1)c1nc[nH]c1,training,0.0
ClC1(Cl)[C@]2(Cl)C(Cl)=C(Cl)[C@@]1(Cl)[C@@H]1[C@H]2[C@H]2[C@@H]3O[C@@H]3[C@@H]1C2,training,0.0
Oc1ccc(/C(=C(/CC)\c2ccc(O)cc2)/CC)cc1,training,0.0
O([C@@H]1[C@@H](C)O[C@@H](O[C@@H]2C[C@@H]3[C@@](C)([C@@H]4[C@H]([C@]5(O)[C@@](C)([C@@H](C6=CC(=O)OC6)CC5)CC4)CC3)CC2)C[C@@H]1O)[C@@H]1O[C@H](C)[C@@H](O[C@@H]2O[C@H](C)[C@@H](O)[C@@H](O)C2)[C@@H](O)C1,training,0.0
O([C@@H]1[C@@H](C)O[C@@H](O[C@@H]2C[C@@H]3[C@@](C)([C@@H]4[C@H]([C@]5(O)[C@](C)([C@H](O)C4)[C@@H](C4=CC(=O)OC4)CC5)CC3)CC2)C[C@@H]1O)[C@@H]1O[C@H](C)[C@@H](O[C@@H]2O[C@H](C)[C@@H](O)[C@@H](O)C2)[C@@H](O)C1,training,0.0
N(N)c1nnc(NN)c2c1cccc2,training,0.0
O(C[C@@H]1[C@@H](O)[C@H](O)[C@@H](O)[C@H](Oc2cc(O)c3C(=O)C=C(c4cc(O)c(OC)cc4)Oc3c2)O1)[C@H]1[C@H](O)[C@H](O)[C@@H](O)[C@H](C)O1,training,0.0
O=C(CCc1ccccc1)c1c(OC[C@@H](O)CNC(CC)(C)C)cccc1,training,0.0
Clc1c(S(=O)(=O)N)cc(S(=O)(=O)N)c(C)c1,training,0.0
S(SC(=S)N(CC)CC)C(=S)N(CC)CC,training,0.0
[SH0](=O)(C)C,training,0.0
S(=O)(=O)(Nc1ccc(OCCN(CCc2ccc(NS(=O)(=O)C)cc2)C)cc1)C,training,0.0
Clc1cc2NC(=O)N(C3CCN(CCCN4C(=O)Nc5c4cccc5)CC3)c2cc1,training,0.0
O(C)c1c(OC)cc2c(C(=O)[C@H](CC3CCN(Cc4ccccc4)CC3)C2)c1,training,0.0
O=C(CO)[C@@]1(O)C[C@H](O[C@@H]2O[C@@H](C)[C@@H](O)[C@@H](N)C2)c2c(O)c3C(=O)c4c(OC)cccc4C(=O)c3c(O)c2C1,training,0.0
O=C(N)C=1C(=O)[C@@]2(O)C(O)=C3C(=O)c4c(O)cccc4[C@H](C)[C@H]3[C@H](O)[C@H]2[C@H](N(C)C)C=1O,training,0.0
FC(F)(F)c1c(NC(=O)[C@@H]2[C@]3(C)[C@H]([C@H]4[C@@H]([C@]5(C)[C@H](NC(=O)C=C5)CC4)CC3)CC2)cc(C(F)(F)F)cc1,training,0.0
O=C(CCCN1CCC(OC(c2ccccc2)c2ccccc2)CC1)c1ccc(C(C)(C)C)cc1,training,0.0
Brc1ccc(S(=O)(=O)N/C=N/CCSCc2nc(N=C(N)N)sc2)cc1,training,0.0
O=C(NCCc1cc(OC)c(OC)cc1)CNc1cc(C(=O)NC)ccc1,training,0.0
Clc1c([C@@H](OCc2ccc(Cl)cc2)Cn2cncc2)ccc(Cl)c1,training,0.0
O=[N+]([O-])c1cc([C@H]2C(C(=O)OCCN(Cc3ccccc3)c3ccccc3)=C(C)NC(C)=C2P2(=O)OCC(C)(C)CO2)ccc1,training,0.0
O(CC)CN1C(Cc2ccccc2)=C(C(C)C)C(=O)NC1=O,training,0.0
O=C(Nc1c(CC[C@@H]2N(C)CCCC2)cccc1)c1ccc(OC)cc1,training,0.0
Fc1c(N2CCNCC2)nc2N(CC)C=C(C(=O)O)C(=O)c2c1,training,0.0
O=[N+]([O-])c1c(O)c(O)cc(/C=C(\C(=O)N(CC)CC)/C#N)c1,training,0.0
NC=1N2[C@@H](c3c(cccc3)Cc3c2cccc3)CN=1,training,0.0
O[C@@H](CNC)c1cc(O)c(O)cc1,training,0.0
O=C(OC)[C@H]1[C@H]2[C@H]3[C@@](C)([C@@]4(OC(=O)CC4)CC3)C[C@H]3O[C@@]23[C@]2(C)C(=CC(=O)CC2)C1,training,0.0
O=C(O)/C(=C\c1n(Cc2ccc(C(=O)O)cc2)c(CCCC)nc1)/Cc1sccc1,training,0.0
O=C(N[C@@H](CO)C)[C@@H]1C=C2[C@H](N(C)C1)Cc1c3c([nH]c1)cccc23,training,0.0
O=C(N[C@@]1(C)C(=O)N2[C@@H](Cc3ccccc3)C(=O)N3[C@H]([C@]2(O)O1)CCC3)[C@@H]1C=C2[C@H](N(C)C1)Cc1c3c([nH]c1)cccc23,training,0.0
O([C@@H]1[C@@H](C)[C@H](O[C@@H]2O[C@@H](C)[C@H](O)[C@@](OC)(C)C2)[C@@H](C)C(=O)O[C@H](CC)[C@](O)(C)[C@H](O)[C@@H](C)C(=O)[C@H](C)C[C@]1(O)C)[C@H]1[C@H](O)[C@@H](N(C)C)C[C@@H](C)O1,training,0.0
C(C)c1ccccc1,training,0.0
O=C1[C@@](CC)(C)CC(=O)N1,training,0.0
O=C1N(CC)C(=O)N[C@@H]1c1ccccc1,training,0.0
O(CC)c1c2O[C@H]3[C@@H](O)C=C[C@H]4[C@@H]5N(C)CC[C@]34c2c(cc1)C5,training,0.0
O=C(OCC)c1n([C@H](C)c2ccccc2)cnc1,training,0.0
O=C1C=C2[C@@H]([C@H]3C(=C)C[C@]4(CC)[C@](O)(C#C)CC[C@H]4[C@@H]3CC2)CC1,training,0.0
O([C@H]1[C@H](O)[C@@H](O)[C@@H]2O[C@H](C)OC[C@H]2O1)[C@H]1[C@@H]2[C@@H]([C@H](c3cc(OC)c(O)c(OC)c3)c3c1cc1OCOc1c3)C(=O)OC2,training,0.0
O(C)c1c(CN[C@@H]2[C@H](C(c3ccccc3)c3ccccc3)N3CCC2CC3)cc(C(C)C)cc1,training,0.0
S(=O)(=O)(/N=C(/N)\CCSCc1nc(N=C(N)N)sc1)N,training,0.0
O=C(OCC(COC(=O)N)c1ccccc1)N,training,0.0
Clc1c(Cl)cccc1[C@@H]1C(C(=O)OCC)=C(C)NC(C)=C1C(=O)OC,training,0.0
FC(F)(F)c1cc(C[C@H](NCC)C)ccc1,training,0.0
Clc1ccc(C(=O)c2ccc(OC(C(=O)OC(C)C)(C)C)cc2)cc1,training,0.0
O=C(O)C(C)(C)c1ccc([C@@H](O)CCCN2CCC(C(O)(c3ccccc3)c3ccccc3)CC2)cc1,training,0.0
O=C(NC(C)(C)C)[C@@H]1[C@]2(C)[C@H]([C@H]3[C@@H]([C@]4(C)[C@H](NC(=O)C=C4)CC3)CC2)CC1,training,0.0
FC(F)(F)COc1c(C(=O)NC[C@@H]2NCCCC2)cc(OCC(F)(F)F)cc1,training,0.0
[SH0](=O)(C)C=1C(=O)c2c(N(C)C=1)cc(F)cc2,training,0.0
FC(F)(F)c1cc(Nc2c(C(=O)O)cccc2)ccc1,training,0.0
Fc1c2O[C@@H]3[C@@H](Oc2ccc1)CNC3,training,0.0
Fc1cc2N=C(N3CCN(C)CC3)c3c(cccc3)Cc2cc1,training,0.0
FC(F)(F)c1cc2N(CCCN3CCN(CCO)CC3)c3c(Sc2cc1)cccc3,training,0.0
FC=1C(=O)NC(=O)NC=1,training,0.0
F[C@]1(C)C(=O)[C@H](C)[C@@H](O)[C@@](O)(C)[C@@H](CC)OC(=O)[C@H](C)[C@@H](O[C@@H]2O[C@@H](C)[C@H](O)[C@@](OC)(C)C2)[C@H](C)[C@@H](O[C@H]2[C@H](O)[C@@H](N(C)C)C[C@@H](C)O2)[C@@](O)(C)C1,training,0.0
S(C(=O)[C@@]1(OC(=O)CC)[C@H](C)C[C@@H]2[C@]1(C)C[C@H](O)[C@]1(F)[C@]3(C)C([C@@H](F)C[C@@H]21)=CC(=O)C=C3)CF,training,0.0
FC(F)(F)c1ccc(/C(=N\OCCN)/CCCCOC)cc1,training,0.0
O=C(N)c1cc2c([nH]c3c2C[C@H](NC)CC3)cc1,training,0.0
O=C1N(C)C(=O)c2[nH]c(C)nc2N1Cc1occc1,training,0.0
O(C)c1c2O[C@@H]3[C@]4(c2c(cc1)CN(C)CC4)C=C[C@H](O)C3,training,0.0
O(C)c1c(OC)cc([C@@](C#N)(C(C)C)CCCN(CCc2cc(OC)c(OC)cc2)C)cc1OC,training,0.0
O=C(C)[C@@H]1[C@]2(C)[C@H]([C@H]3[C@@H]([C@]4(C)[C@H](C[C@@](O)(C)CC4)CC3)CC2)CC1,training,0.0
Fc1c(N2C[C@H](C)NCC2)c(OC)c2N(C3CC3)C=C(C(=O)O)C(=O)c2c1,training,0.0
O=C(O)C(CCCOc1c(C)ccc(C)c1)(C)C,training,0.0
O=C1N(CCCCN2CCN(c3ncccn3)CC2)C(=O)CC(C)(C)C1,training,0.0
O=C(NC1C[C@@H]2N(C)[C@H](C1)CCC2)c1nn(C)c2c1cccc2,training,0.0
Fc1c(C)c2C(=O)C(C(=O)O)=CN(C3CC3)c2cc1N1C[C@@H](C)NCC1,training,0.0
Clc1c(OC)cc(OC)c2C(=O)[C@@]3([C@H](C)CC(=O)C=C3OC)Oc12,training,0.0
Clc1c(/C=N\NC(=N)N)c(Cl)ccc1,training,0.0
N(N)c1nncc2c1cccc2,training,0.0
Clc1ccc([C@H](N2CCN(C)CCC2)c2ccccc2)cc1,training,0.0
Clc1cc2nccc(N[C@H](CCCN(CCO)CC)C)c2cc1,training,0.0
O(C)c1cc2c([C@H](O)[C@@H]3N4C[C@H](CC)[C@H](C3)CC4)ccnc2cc1,training,0.0
O(C)c1c2O[C@H]3C(=O)CC[C@H]4[C@@H]5N(C)CC[C@]34c2c(cc1)C5,training,0.0
O=C(CO)[C@]1(O)[C@]2(C)[C@H]([C@H]3[C@H]([C@@H](O)C2)[C@]2(C)C(=CC(=O)CC2)CC3)CC1,training,0.0
Clc1ccc([C@H](N2CCN(CCOCCO)CC2)c2ccccc2)cc1,training,0.0
Fc1cc2onc(C3CCN(CCCOc4c(OC)cc(C(=O)C)cc4)CC3)c2cc1,training,0.0
O=C(NC1CCN(CCc2c3c([nH]c2)cccc3)CC1)c1ccccc1,training,0.0
O=C(Oc1cc2c(CC)c3c(nc2cc1)C=1N(C(=O)C2=C([C@@](O)(CC)C(=O)OC2)C=1)C3)N1CCC(N2CCCCC2)CC1,training,0.0
O=C(O)CCCC/C=C(/c1cnccc1)\c1ccccc1,training,0.0
Clc1c([C@H](OCc2c(Cl)cccc2Cl)Cn2cncc2)ccc(Cl)c1,training,0.0
Cl[C@H](OC(F)F)C(F)(F)F,training,0.0
O=C(NN)c1ccncc1,training,0.0
O=[N+](O[C@H]1[C@H]2OC[C@H](O[N+](=O)[O-])[C@H]2OC1)[O-],training,0.0
O=C(OC(C)C)C=1[C@@H](c2c3nonc3ccc2)C(C(=O)OC)=C(C)NC=1C,training,0.0
O=C(O[C@H]1[C@H](C)O[C@@H](O[C@H]2[C@H](N(C)C)[C@@H](O)[C@H](O[C@@H]3[C@@H](OC)[C@H](OC(=O)C)CC(=O)O[C@H](C)CC=CC=C[C@H](O)[C@H](C)C[C@@H]3CC=O)O[C@@H]2C)C[C@]1(O)C)CC(C)C,training,0.0
Clc1c([C@]2(Cn3cncc3)O[C@@H](COc3ccc(N4CCN(C(=O)C)CC4)cc3)CO2)ccc(Cl)c1,training,0.0
O=C(O)[C@H](C)c1cc(C(=O)c2ccccc2)ccc1,training,0.0
O=C(N)c1c(O)ccc([C@@H](O)CN[C@H](CCc2ccccc2)C)c1,training,0.0
O=C(OC(C)(C)C)/C=C\c1c(C2C(C(=O)OCC)=C(C)NC(C)=C2C(=O)OCC)cccc1,training,0.0
O=[N+]([O-])c1cc([C@@H]2C(C(OC(CN(CCC(c3ccccc3)c3ccccc3)C)(C)C)=O)=C(C)NC(C)=C2C(=O)OC)ccc1,training,0.0
N#Cc1ccc(C(n2ncnc2)c2ccc(C#N)cc2)cc1,training,0.0
O=C1C=C2C(=C3[C@@H](c4ccc(N(C)C)cc4)C[C@]4(C)[C@](O)(/C=C/CO)CC[C@H]4[C@@H]3CC2)CC1,training,0.0
Fc1c(N2CCOCC2)ccc(N2C(=O)O[C@@H](CNC(=O)C)C2)c1,training,0.0
Ic1c(Oc2cc(I)c(O)cc2)c(I)cc(C[C@H](N)C(=O)O)c1,training,0.0
O=C1N(CCCC[C@H](O)C)C(=O)c2n(C)cnc2N1C,training,0.0
O=C(N(CC)CC)N[C@H]1C=C2[C@H](N(C)C1)Cc1c3c([nH]c1)cccc23,training,0.0
O(Cc1cc2c(cc1)cccc2)C1CCNCC1,training,0.0
O=C(C[C@@H]1N(C)[C@H](C[C@H](O)c2ccccc2)CCC1)c1ccccc1,training,0.0
Fc1c(N2C[C@@H](C)NCC2)c(F)cc2C(=O)C(C(=O)O)=CN(CC)c12,training,0.0
ClCCN(N=O)C(=O)NC1CCCCC1,training,0.0
O=C(N[C@H](C[C@H](O)[C@@H](NC(=O)COc1c(C)cccc1C)Cc1ccccc1)Cc1ccccc1)[C@H](C(C)C)N1C(=O)NCCC1,training,0.0
Clc1cc([C@H](O)CN(CCCC)CCCC)c-2c(/C(=C/c3ccc(Cl)cc3)/c3c-2ccc(Cl)c3)c1,training,0.0
S=P(S[C@@H](C(=O)OCC)CC(=O)OCC)(OC)OC,training,0.0
O=[N+]([O-])c1cc([C@@H]2C(C(=O)OCCN3CCN(C(c4ccccc4)c4ccccc4)CC3)=C(C)NC(C)=C2C(=O)OC)ccc1,training,0.0
N(CCCC12c3c(cccc3)C(c3c1cccc3)CC2)C,training,0.0
O=C(OC)Nc1[nH]c2c(n1)cc(C(=O)c1ccccc1)cc2,training,0.0
Clc1cc2C(c3ccccc3)=NCCN(C)c2cc1,training,0.0
O(C(Oc1ccccc1)CN(C)C)c1ccccc1,training,0.0
O=C(C)[C@]1(O)[C@]2(C)[C@H]([C@H]3[C@@H]([C@]4(C)C([C@@H](C)C3)=CC(=O)CC4)CC2)CC1,training,0.0
FC(F)(F)c1nc2c(C(F)(F)F)cccc2c([C@H](O)[C@@H]2NCCCC2)c1,training,0.0
O=C(OCC)C1(c2ccccc2)CCN(C)CC1,training,0.0
O=C(OC)[C@@H]([C@@H]1NCCCC1)c1ccccc1,training,0.0
O=C1N(C)C(=O)NC(=O)[C@]1(CC)c1ccccc1,training,0.0
O=C(CO)[C@]1(O)[C@]2(C)[C@H]([C@H]3[C@H]([C@@H](O)C2)[C@]2(C)C([C@@H](C)C3)=CC(=O)C=C2)CC1,training,0.0
C(N1c2c(Sc3c1cccc3)cccc2)[C@@H]1C2CCN(C1)CC2,training,0.0
N([C@H](Cc1ccccc1)C)C,training,0.0
O=C1N(c2c(C)cccc2)C(C)=Nc2c1cccc2,training,0.0
Sc1n(C)ccn1,training,0.0
S(/C(=N/OC(=O)NC)/C)C,training,0.0
O(C)c1c2occc2cc2c1OC(=O)C=C2,training,0.0
Clc1c(N)cc(OC)c(C(=O)NCCN(CC)CC)c1,training,0.0
O(CCc1ccc(OC[C@@H](O)CNC(C)C)cc1)C,training,0.0
O=C(C(C)(C)c1cnccc1)c1cnccc1,training,0.0
O=C(O[C@@H]1[C@@H]2[C@@H](CC[C@H]3OC(=O)C[C@H](O)C3)[C@@H](C)C=CC2=CCC1)[C@H](CC)C,training,0.0
Clc1c([C@]23OC[C@@H](C)N2CC(=O)Nc2c3cc(Cl)cc2)cccc1,training,0.0
Fc1cc2c([C@H](C(C)C)[C@@](OC(=O)COC)(CCN(CCCc3[nH]c4c(n3)cccc4)C)CC2)cc1,training,0.0
Clc1c([C@@H](OCc2c(Cl)cc(Cl)cc2)Cn2cncc2)ccc(Cl)c1,training,0.0
O(/N=C\C1=CCCN(C)C1)C,training,0.0
N(CCN1CCOCC1)c1c(C)cc(-c2ccccc2)nn1,training,0.0
[O-][n+]1c(N)nc(N2CCCCC2)cc1N,training,0.0
Fc1ccc(Cn2c(N3CCC(N(C)C4=NC=CC(=O)N4)CC3)nc3c2cccc3)cc1,training,0.0
[SH0](=O)(C(c1ccccc1)c1ccccc1)CC(=O)N,training,0.0
O=C1[C@@H](CN2CCOCC2)CCc2[nH]c(C)c(CC)c12,training,0.0
O=C(OCC)Nc1cc2N(C(=O)CCN3CCOCC3)c3c(Sc2cc1)cccc3,training,0.0
Clc1c(N)cc(OCC)c(C(=O)NC[C@H]2OCCN(Cc3ccc(F)cc3)C2)c1,training,0.0
O=C(O)[C@H]1C(C)(C)S[C@@H]2[C@H](NC(=O)c3c(OCC)ccc4c3cccc4)C(=O)N12,training,0.0
O=C(O)C=1C(=O)c2c(N(CC)C=1)nc(C)cc2,training,0.0
O=C(Nc1c(C)cccc1C)CN1C(=O)CCC1,training,0.0
O=[N+]([O-])c1c(C2C(C(=O)OC)=C(C)NC(C)=C2C(=O)OC)cccc1,training,0.0
O=[N+]([O-])c1cc(C2C(C(=O)OCCOCCC)=C(C)NC(C)=C2C(=O)OCCOCCC)ccc1,training,0.0
O=[N+]([O-])c1cc([C@H]2C(C(=O)OC)=C(C#N)NC(C)=C2C(=O)OC(C)C)ccc1,training,0.0
O=[N+]([O-])c1n(CCN2CCOCC2)cnc1,training,0.0
O=[N+]([O-])c1c([C@@H]2C(C(=O)OCC(C)C)=C(C)NC(C)=C2C(=O)OC)cccc1,training,0.0
O=[N+]([O-])c1cc([C@@H]2C(C(=O)OCC)=C(C)NC(C)=C2C(=O)OC)ccc1,training,0.0
O=[N+](OC(CO[N+](=O)[O-])CO[N+](=O)[O-])[O-],training,0.0
Fc1ccc(Cn2c(NC3CCNCC3)nc3c2cccc3)cc1,training,0.0
O(C)c1c2O[C@H]3[C@@H](O)C=C[C@H]4[C@@H]5NCC[C@]34c2c(cc1)C5,training,0.0
Clc1cc2C(c3ccccc3)=NCC(=O)Nc2cc1,training,0.0
O=C1C=C2[C@@H]([C@@H]3[C@H]([C@H]4[C@@](C)([C@](O)(C#C)CC4)CC3)CC2)CC1,training,0.0
O=C1C=C2[C@@H]([C@@H]3[C@H]([C@H]4[C@@](CC)([C@](O)(C#C)CC4)CC3)CC2)CC1,training,0.0
N(CCC=C1c2c(cccc2)CCc2c1cccc2)C,training,0.0
CN1CCN(C2=Nc3c(Nc4sc(C)cc24)cccc3)CC1,training,0.0
O=C(O)Cc1cc2/C(=C/CCN(C)C)/c3c(cccc3)COc2cc1,training,0.0
S=C1C(C)=C(c2nccnc2)SS1,training,0.0
O=C1C=C2C(=C3[C@@H](c4ccc(N(C)C)cc4)C[C@]4(C)[C@@](O)(CCCO)CC[C@H]4[C@@H]3CC2)CC1,training,0.0
OCCN1CCN(CCCN2c3c(cccc3)C=Cc3c2cccc3)CC1,training,0.0
O=C(N)N1c2c(C(=O)Cc3c1cccc3)cccc2,training,0.0
Clc1c(/C(=N/OCc2c(Cl)cc(Cl)cc2)/Cn2cncc2)ccc(Cl)c1,training,0.0
O=C(OCC)C=1[C@@H](c2c3OCOc3ccc2)C(C(=O)OC)=C(C)NC=1C,training,0.0
O(C[C@@H](O)CNC(C)C)c1c(OCC=C)cccc1,training,0.0
[SH0](=O)(Cc1c(OC)c(OC)ccn1)c1[nH]c2c(n1)ccc(OC(F)F)c2,training,0.0
O(C)c1c(OC)ccc(Cc2nccc3c2cc(OC)c(OC)c3)c1,training,0.0
O=C1N(C)C(=O)c2n(C)cnc2N1,training,0.0
S(=O)(=O)(NC(=O)CC)c1ccc(-c2c(C)onc2-c2ccccc2)cc1,training,0.0
N(CC#C)(Cc1ccccc1)C,training,0.0
Fc1ccc([C@H]2[C@H](COc3cc4OCOc4cc3)CNCC2)cc1,training,0.0
O(CCCCCOc1ccc(C(=N)N)cc1)c1ccc(C(=N)N)cc1,training,0.0
Oc1cc2[C@]3(C)[C@H](C)[C@@H](N(CC=C(C)C)CC3)Cc2cc1,training,0.0
O=C1C([C@@H](CCC)C)(CC)C(=O)NC(=O)N1,training,0.0
O=C(CCCCN1C(=O)N(C)c2ncn(C)c2C1=O)C,training,0.0
S(C[C@H]1CN(CCC)[C@H]2[C@@H](c3c4c([nH]cc4C2)ccc3)C1)C,training,0.0
O=C1N(CCCCN2CCN(c3nsc4c3cccc4)CC2)C(=O)[C@@H]2[C@H]1CCCC2,training,0.0
N1(C2(c3ccccc3)CCCCC2)CCCCC1,training,0.0
N(/C(=N/CCc1ccccc1)/N)=C(N)N,training,0.0
Oc1ccccc1,training,0.0
O=C1N(C)C(=O)C[C@H]1c1ccccc1,training,0.0
O=C1[C@@H](CC)[C@@H](Cc2n(C)cnc2)CO1,training,0.0
O=C(Nc1c(C)cccc1C)CC12N(CCC1)CCC2,training,0.0
O(C)c1ccc(-c2[nH]c3c(n2)cc(C=2[C@H](C)CC(=O)NN=2)cc3)cc1,training,0.0
Fc1ccc(C(CCCN2CCC(N3C(=O)Nc4c3cccc4)CC2)c2ccc(F)cc2)cc1,training,0.0
N#C/N=C(\N[C@H](C(C)(C)C)C)/Nc1ccncc1,training,0.0
O(C[C@@H](O)CNC(C)C)c1c2c([nH]cc2)ccc1,training,0.0
O=C(O)C=1C(=O)c2c(N(CC)C=1)nc(N1CCNCC1)nc2,training,0.0
O=C1[C@]2(C)[C@H]([C@H]3[C@@H]([C@]4(CC#C)C(=CC(=O)CC4)CC3)CC2)CC1,training,0.0
N(CCC)[C@@H]1Cc2sc(N)nc2CC1,training,0.0
O=[N+]([O-])c1cc([C@@H]2C(C(=O)OC/C=C/c3ccccc3)=C(C)NC(C)=C2C(=O)OC)ccc1,training,0.0
O=C1[C@]2(C)[C@H]([C@H]3[C@@H]([C@]4(C)C(=CC3)C[C@@H](O)CC4)CC2)CC1,training,0.0
O=C(CO)[C@]1(O)[C@]2(C)[C@H]([C@H]3[C@H]([C@@H](O)C2)[C@]2(C)C(=CC(=O)C=C2)CC3)CC1,training,0.0
O=C(C)[C@@H]1[C@]2(C)[C@H]([C@H]3[C@@H]([C@]4(C)C(=CC3)C[C@@H](O)CC4)CC2)CC1,training,0.0
O=C1C(CC)(c2ccccc2)C(=O)NCN1,training,0.0
O=C(OCCN(CC)CC)C(CCC)(c1ccccc1)c1ccccc1,training,0.0
S(=O)(=O)(N(CCC)CCC)c1ccc(C(=O)O)cc1,training,0.0
N([C@@H](CN1c2c(Sc3c1cccc3)cccc2)C)(C)C,training,0.0
OCCC,training,0.0
O(C[C@@H](O)CNC(C)C)c1c2c(ccc1)cccc2,training,0.0
Br[N+]1(C)CC(OC(=O)N(C)C)=CC=[C-]1,training,0.0
O(C)c1ccc(CN(CCN(C)C)c2ncccc2)cc1,training,0.0
O=C1C(O)=C(c2cc(O)c(O)cc2)Oc2c1c(O)cc(O)c2,training,0.0
Nc1nc2c(cn1)C[C@H]1N(CCC)CCC[C@@H]1C2,training,0.0
O(C)c1cc2c([C@@H](O)[C@@H]3N4C[C@H](C=C)[C@H](C3)CC4)ccnc2cc1,training,0.0
[SH0](=O)(Cc1c(C)c(OCCCOC)ccn1)c1[nH]c2c(n1)cccc2,training,0.0
O=C(Nc1c(C)cccc1C)CN1CCN(C[C@H](O)COc2c(OC)cccc2)CC1,training,0.0
Clc1ccc(C(=O)N[C@@H](C(=O)O)CC=2c3c(NC(=O)C=2)cccc3)cc1,training,0.0
O([C@@H]([C@@H]1OCCNC1)c1ccccc1)c1c(OCC)cccc1,training,0.0
O=C(N[C@](Cc1ccccc1)(C)c1ccccc1)CN,training,0.0
O=C(OC)[C@@H]1[C@@H](OC)[C@H](OC(=O)c2cc(OC)c(OC)c(OC)c2)C[C@H]2[C@@H]1C[C@H]1N(C2)CCc2c3c([nH]c12)cc(OC)cc3,training,0.0
O=C(O[C@H]1[C@H](C)[C@H](O)[C@H](C)[C@@H](O)[C@@H](C)C=CC=C(C)C(=O)NC=2C(=O)c3c(O)c(C)c4O[C@@](C)(C(=O)c4c3C3=NC4(NC=23)CCN(CC(C)C)CC4)OC=C[C@H](OC)[C@H]1C)C,training,0.0
O=C(O[C@H]1[C@H](C)[C@H](O)[C@H](C)[C@@H](O)[C@@H](C)C=CC=C(C)C(=O)Nc2c(O)c3c(O)c(C)c4O[C@@](C)(C(=O)c4c3c(O)c2)OC=C[C@H](OC)[C@@H]1C)C,training,0.0
O=C(O[C@H]1[C@H](C)[C@H](O)[C@H](C)[C@@H](O)[C@@H](C)C=CC=C(C)C(=O)Nc2c(/C=N\N3CCN(C4CCCC4)CC3)c(O)c3c(c(O)c(C)c4O[C@@](C)(C(=O)c34)OC=C[C@H](OC)[C@@H]1C)c2O)C,training,0.0
FC(F)(F)Oc1cc2sc(N)nc2cc1,training,0.0
Fc1cc2onc(C3CCN(CCC=4C(=O)N5C(=NC=4C)CCCC5)CC3)c2cc1,training,0.0
O=C1[C@](CC)(c2ccncc2)CCC(=O)N1,training,0.0
O=C(O[C@H]1[C@H](C)O[C@@H](O[C@H]2[C@H](N(C)C)[C@@H](O)[C@H](O[C@@H]3[C@@H](OC)[C@H](O)CC(=O)O[C@H](C)CC=CC=C[C@H](O)[C@H](C)C[C@@H]3CC=O)O[C@@H]2C)C[C@]1(OC(=O)CC)C)CCC,training,0.0
O=C1Nc2c(c(CCN(CCC)CCC)ccc2)C1,training,0.0
O=C(Nc1c(C)cccc1C)[C@H]1N(CCC)CCCC1,training,0.0
O=C(NCCCOc1cc(CN2CCCCC2)ccc1)CO,training,0.0
O=C(O)c1c(O)cccc1,training,0.0
O(CCCCCCNC[C@@H](O)c1cc(CO)c(O)cc1)CCCCc1ccccc1,training,0.0
O=C1C([C@H](CCC)C)(CC=C)C(=O)NC(=O)N1,training,0.0
Clc1cc2c(C3CCN(CCN4C(=O)NCC4)CC3)cn(-c3ccc(F)cc3)c2cc1,training,0.0
FC(F)(F)C(OCF)C(F)(F)F,training,0.0
N12[C@@H]([C@H]3CN4[C@H]([C@@H](C1)C3)CCCC4)CCCC2,training,0.0
S(C(=O)C)[C@H]1[C@H]2[C@H]3[C@@](C)([C@@]4(OC(=O)CC4)CC3)CC[C@@H]2[C@]2(C)C(=CC(=O)CC2)C1,training,0.0
O[C@H](C(C)(C)C)/C=C\c1cc2OCOc2cc1,training,0.0
O=C(N(c1ccccc1)C1(COC)CCN(CCc2sccc2)CC1)CC,training,0.0
Clc1c([C@@H](SCc2ccc(Cl)cc2)Cn2cncc2)ccc(Cl)c1,training,0.0
S(=O)(=O)(Nc1c(C)c(C)on1)c1ccc(N)cc1,training,0.0
S(=O)(=O)(Nc1ncccc1)c1ccc(/N=N\c2cc(C(=O)O)c(O)cc2)cc1,training,0.0
S(=O)(=O)(Nc1nc(OC)cc(OC)n1)c1ccc(N)cc1,training,0.0
S(=O)(=O)(Nc1c(OC)c(OC)ncn1)c1ccc(N)cc1,training,0.0
S(=O)(=O)(Nc1nc(C)ccn1)c1ccc(N)cc1,training,0.0
S(=O)(=O)(N)c1ccc(N)cc1,training,0.0
S(=O)(=O)(Nc1ncccc1)c1ccc(N)cc1,training,0.0
[SH0](=O)(C)c1ccc(/C=C\2/C(C)=C(CC(=O)O)c3c/2ccc(F)c3)cc1,training,0.0
S(=O)(=O)(N)c1cc(C(=O)NC[C@@H]2N(CC)CCC2)c(OC)cc1,training,0.0
Nc1c2c(nc3c1CCCC3)cccc2,training,0.0
O(C)[C@H]1[C@H](O)CC[C@@H](/C=C(\C)/[C@@H]2[C@H](C)[C@@H](O)CC(=O)[C@H](CC=C)C=C(C)C[C@H](C)C[C@H](OC)[C@H]3[C@@H](OC)C[C@@H](C)[C@@](O)(C(=O)C(=O)N4[C@H](C(=O)O2)CCCC4)O3)C1,training,0.0
O=C1N(Cc2ccc(-c3c(-c4[nH]nnn4)cccc3)cc2)c2nc(C)nc(C)c2CC1,training,0.0
O=C(OCCCC)C(=O)Nc1cc(-c2[nH]nnn2)ccc1,training,0.0
OCc1cc2c(/C=N\N/C(=N/CCCCC)/N)c[nH]c2cc1,training,0.0
O=C(O)c1c(-c2ccc(Cn3c(CCC)nc4c(C)cc(-c5n(C)c6c(n5)cccc6)cc34)cc2)cccc1,training,0.0
O[C@H](CCCN1CCC(C(O)(c2ccccc2)c2ccccc2)CC1)c1ccc(C(C)(C)C)cc1,training,0.0
O=C(N(CC)CC)N[C@@H]1CN(C)[C@H]2[C@@H](c3c4c([nH]cc4C2)ccc3)C1,training,0.0
O=C1C=C2[C@@](C)([C@@H]3[C@H]([C@H]4[C@@](C)(OC(=O)CC4)CC3)CC2)C=C1,training,0.0
O=C(N)C=1C(=O)[C@@]2(O)C(O)=C3C(=O)c4c(O)cccc4[C@](O)(C)[C@H]3C[C@H]2[C@H](N(C)C)C=1O,training,0.0
FC(F)(F)c1cc2N(CCCN3CCN(C)CC3)c3c(Sc2cc1)cccc3,training,0.0
O=C1N(C)c2ncn(C)c2C(=O)N1,training,0.0
c1(-c2ncsc2)[nH]c2c(n1)cccc2,training,0.0
S=P(N1CC1)(N1CC1)N1CC1,training,0.0
O=C(O)[C@H]1CN(CCC=C(c2c(C)ccs2)c2c(C)ccs2)CCC1,training,0.0
O(C[C@@H](O)CNC(C)(C)C)c1c(N2CCOCC2)nsn1,training,0.0
[SH0](=O)(Cc1ncccc1)c1[nH]c2c(n1)cccc2,training,0.0
S(=O)(=O)(CCn1c(C)ncc1[N+](=O)[O-])CC,training,0.0
Clc1c(CO[C@H](Cn2cncc2)c2c(Cl)cc(Cl)cc2)ccs1,training,0.0
S(=O)(=O)(Nc1cc([C@@H](CC)C2=C(O)O[C@](CCC)(CCc3ccccc3)CC2=O)ccc1)c1ncc(C(F)(F)F)cc1,training,0.0
O=C(Nc1c(C)cccc1C)[C@@H](N)C,training,0.0
O=[N+]([O-])c1c(O)c(O)cc(C(=O)c2ccc(C)cc2)c1,training,0.0
O=C([C@@H](CN1CCCCC1)C)c1ccc(C)cc1,training,0.0
S(=O)(=O)(OC[C@]12OC(C)(C)O[C@H]1[C@@H]1OC(C)(C)O[C@@H]1CO2)N,training,0.0
N(CC)(CC)C=1n2ncnc2N=C(C)C=1,training,0.0
Clc1cc(N2CCN(CCCN3C(=O)N4C(=N3)C=CC=C4)CC2)ccc1,training,0.0
ClC(Cl)=CCl,training,0.0
FC(F)(F)c1cc(C2(O)CCN(CCCC(=O)c3ccc(F)cc3)CC2)ccc1,training,0.0
O(C)c1c(OC)cc(NCc2c(C)c3c(N)nc(N)nc3cc2)cc1OC,training,0.0
N(C[C@H](CN1c2c(cccc2)CCc2c1cccc2)C)(C)C,training,0.0
O(C)c1c(OC)c(CN2CCNCC2)ccc1OC,training,0.0
N(CCN(Cc1ccccc1)c1ncccc1)(C)C,training,0.0
O=C(O[C@H]1[C@@H](C)[C@@H](C)OC(=O)[C@H](C)[C@@H](O[C@@H]2O[C@@H](C)[C@H](OC(=O)C)[C@@H](OC)C2)[C@H](C)[C@@H](O[C@H]2[C@H](OC(=O)C)[C@@H](N(C)C)C[C@@H](C)O2)[C@@H](C)C[C@]2(C(=O)[C@@H]1C)OC2)C,training,0.0
Cl[N+2]12([C-]3CC(OC(=O)C(O)(c4ccccc4)c4ccccc4)C[C-]1CC3)[C-2]CC[C-2]2,training,0.0
Fc1ccc(C(OCCN2CCN(CCCc3ccccc3)CC2)c2ccc(F)cc2)cc1,training,0.0
O=C(N1CCN(c2cc3c(NC(=O)CC3)cc2)CC1)c1cc(OC)c(OC)cc1,training,0.0
O=C(O[C@H]1[C@](O)(C(=O)OC)[C@@H]2N(C)c3c(cc(c(OC)c3)[C@]3(C(=O)OC)c4[nH]c5c(c4CCN4C[C@](O)(CC)C[C@H](C3)C4)cccc5)[C@@]32[C@@H]2[C@@]1(CC)C=CCN2CC3)C,training,0.0
O=C(OC)[C@@]1(c2c(OC)cc3N(C)[C@H]4[C@@](O)(C(=O)N)[C@H](O)[C@@]5(CC)[C@@H]6N(CC=C5)CC[C@]46c3c2)c2[nH]c3c(c2CCN2C[C@](O)(CC)C[C@H](C1)C2)cccc3,training,0.0
O=C(O[C@H]1[C@](O)(C(=O)OC)[C@@H]2N(C)c3c(cc(c(OC)c3)[C@]3(C(=O)OC)c4[nH]c5c(c4CN4CC(CC)=C[C@@H](C3)C4)cccc5)[C@@]32[C@@H]2[C@@]1(CC)C=CCN2CC3)C,training,0.0
Clc1ccc([C@H](n2ncnc2)c2cc3n(C)nnc3cc2)cc1,training,0.0
O=C(OC)[C@H]1[C@@H](O)CC[C@@H]2[C@@H]1C[C@@H]1N(C2)CCc2c3c([nH]c12)cccc3,training,0.0
O=C(N(CC)c1cc(C2=[N+]3[N-]CC(C#N)=C3NC=C2)ccc1)C,training,0.0
Clc1cc(C(=O)NC2C[C@@H]3N(C)[C@H](C2)CC3)c2OC(C)(C)Cc2c1,training,0.0
Clc1c(CCN2CCN(c3nsc4c3cccc4)CC2)cc2c(NC(=O)C2)c1,training,0.0
O=C1OC[C@H](Cc2cc3c(CCN(C)C)c[nH]c3cc2)N1,training,0.0
S(=O)(=O)(N)Cc1noc2c1cccc2,training,0.0
Clc1cc2nc(N)oc2cc1,training,0.0
O=C(O)[C@H](C)c1ccc(CC(C)C)cc1,training,1.0
Oc1c([C@@H](CCN(C(C)C)C(C)C)c2ccccc2)cc(C)cc1,training,1.0
O[C@H](CNC(C)(C)C)c1oc2c(CC)cccc2c1,training,1.0
O=CC1=CC[C@@H]2C(C)(C)Oc3c(c(O)cc(CCCCC)c3)[C@H]2C1,training,1.0
O=C(O)/C=C(\C=C\C=C(/C=C/C=1C(C)(C)CCCC=1C)\C)/C,training,1.0
O=C(OC)[C@@]12[C@H]3[C@H](CCOC)C[C@@H](C1)CN3CCc1c3c([nH]c21)cccc3,training,1.0
C(Cc1nc2c(cc1)cccc2)C,training,1.0
Clc1c([C@@H](C(=O)OC)N2CC3=C(SC(=O)C3)CC2)cccc1,training,1.0
Clc1cc2C(c3c(F)cccc3)=NCC(=O)N(CC(F)(F)F)c2cc1,training,1.0
O(CC)c1cc2OC(=O)C(C#N)=Cc2cc1,training,1.0
FC(F)(F)C=1c2c(OC(=O)C=1)cc(OC)cc2,training,1.0
O(C)c1cc2c([C@@H]3[C@H]([C@H]4[C@](C)([C@H](O)CC4)CC3)CC2)cc1,training,1.0
Oc1cc2c(CCN)c[nH]c2cc1,training,1.0
O=C1C(O)=C(C(=O)c2c1cccc2)C1CCC(C(C)(C)C)CC1,training,1.0
Clc1c(Nc2c(CC(=O)O)cc(O)cc2)c(Cl)ccc1,training,1.0
FC(F)(F)C=1c2c(OC(=O)C=1)cc(OCCCC)cc2,training,1.0
O(CC)c1cc2OC(=O)C=Cc2cc1,training,1.0
O(CC)c1cc2OC=3C(=Nc2cc1)C=CC(=O)C=3,training,1.0
O[C@@H]1[C@H]2C(C)(C)Oc3c(c(O)cc(CCCCC)c3)[C@@H]2CC(C)=C1,training,1.0
O=C(O)/C=C(/C=C/C=C(/C=C/C=1C(C)(C)CCCC=1C)\C)\C,training,1.0
O=C(N(O)[C@H](C#Cc1sc(Cc2ccccc2)cc1)C)N,training,1.0
Clc1c(Nc2c(CC(=O)OCC(=O)O)cccc2)c(Cl)ccc1,training,1.0
O=[N+]([O-])c1ccc([C@H](CC(=O)C)C=2C(=O)Oc3c(C=2O)cccc3)cc1,training,1.0
O=C(Nc1ccc(O)cc1)C,training,1.0
O=C/C=C(/C=C/C=C(/C=C/C=1C(C)(C)CCCC=1C)\C)\C,training,1.0
OC/C=C(/C=C/C=C(/C=C/C=1C(C)(C)CCCC=1C)\C)\C,training,1.0
O=C1N(Cc2c(C)[nH]cn2)CCc2n(C)c3c(c12)cccc3,training,1.0
Ic1c(OCCN(CC)CC)c(I)cc(C(=O)c2c(CCCC)oc3c2cccc3)c1,training,1.0
Clc1cc2C(N3CCNCC3)=Nc3c(Oc2cc1)cccc3,training,1.0
S(=O)(=O)(N(C[C@@H](O)[C@@H](NC(=O)O[C@@H]1COCC1)Cc1ccccc1)CC(C)C)c1ccc(N)cc1,training,1.0
O=C(O)CCC/C=C\C/C=C\C/C=C\C/C=C\CCCCC,training,1.0
O([C@@H](CCNC)c1ccccc1)c1c(C)cccc1,training,1.0
O(C)c1ccc(C=2C(=O)c3c(O)cc(O)cc3OC=2)cc1,training,1.0
S(=O)(=O)(N[C@@H]1[C@@H](C/C=C\CC(=O)O)[C@H]2C[C@@H]1CC2)c1ccccc1,training,1.0
O(C)c1cc2OC(=O)C=C(CNCCCC)c2cc1,training,1.0
O=C(N[C@@H](CC(C)C)B(O)O)[C@@H](NC(=O)c1nccnc1)Cc1ccccc1,training,1.0
S(=O)(=O)(Nc1c(Oc2c(OC)cccc2)c(OCCO)nc(-c2ncccn2)n1)c1ccc(C(C)(C)C)cc1,training,1.0
O=C(c1c2c([nH]c1)cc(OC)cc2)c1cc(OC)c(OC)c(OC)c1,training,1.0
O=C1N(C)C(=O)c2n(C)cnc2N1C,training,1.0
O=C(O)c1c2n(Cc3ccc(-c4c(-c5[nH]nnn5)cccc4)cc3)c(OCC)nc2ccc1,training,1.0
O=C(NCc1cc(OC)c(O)cc1)CCCC/C=C/C(C)C,training,1.0
O=C(N)N1c2c(cccc2)C=Cc2c1cccc2,training,1.0
O=C(Oc1c2c(ccc1)cccc2)NC,training,1.0
O(CCNC[C@H](O)COc1c2c([nH]c3c2cccc3)ccc1)c1c(OC)cccc1,training,1.0
Clc1ccc(N/C(=N/C(=N\C(C)C)/N)/N)cc1,training,1.0
Clc1cc2N(CCCN(C)C)c3c(Sc2cc1)cccc3,training,1.0
FC(F)(F)c1cc2N(CCCCCN(C)C)c3c(Sc2cc1)cccc3,training,1.0
Clc1ccc(S(=O)(=O)NC(=O)NCCC)cc1,training,1.0
Clc1c(Cl)cc(Cl)c(OP(=S)(OCC)OCC)n1,training,1.0
C(=C/c1ccccc1)\CN1CCN(C(c2ccccc2)c2ccccc2)CC1,training,1.0
Clc1cc2N(c3ccccc3)C(=O)CC(=O)N(C)c2cc1,training,1.0
Clc1cc2N(CCCN(C)C)c3c(cccc3)CCc2cc1,training,1.0
Clc1c([C@H](C(=O)OC)N2Cc3c(scc3)CC2)cccc1,training,1.0
Clc1cc2N=C(N3CCN(C)CC3)c3c(Nc2cc1)cccc3,training,1.0
Clc1c(-c2cnccc2)n2c(c1C(=O)N)CCCC2,training,1.0
S(=O)(=O)(Nc1n(-c2ccccc2)ncc1)c1ccc(C)cc1,training,1.0
FC(F)(F)Oc1cc(CN[C@H]2[C@H](c3ccccc3)NCCC2)c(O)cc1,training,1.0
FC(F)(F)Oc1cc(CN)c(OC)cc1,training,1.0
ClCCN(CCCl)P1(=O)OCCCN1,training,1.0
S(=O)(=O)(c1ccc(N)cc1)c1ccc(N)cc1,training,1.0
O=C(OC)c1c(-c2c(C(=O)OC)cc(OC)c3OCOc23)c2OCOc2c(OC)c1,training,1.0
S(=O)(=O)(Nc1cc2c([nH]c(C(=O)N3CCN(c4c(NC(C)C)cccn4)CC3)c2)cc1)C,training,1.0
Oc1c2[C@@H]3[C@@H](C(C)(C)Oc2cc(CCCCC)c1)CCC(C)=C3,training,1.0
S(C(=O)N(CC)CC)C,training,1.0
O(C)c1cc2c(cc1)C[C@@H]1N(C)CC[C@]32[C@@H]1CCCC3,training,1.0
S(SCC=C)CC=C,training,1.0
c12c3c(ccc1cc1c4c(ccc1c2)cccc4)cccc3,training,1.0
c12c3c4c(c5c1cccc5)cccc4ccc3cc1c2cccc1,training,1.0
Clc1c(Nc2c(CC(=O)O)cccc2)c(Cl)ccc1,training,1.0
O=C1C(CC=2C(=O)Oc3c(C=2O)cccc3)=C(O)c2c(O1)cccc2,training,1.0
O=C(O[C@@H]1[C@H](c2ccc(OC)cc2)Sc2c(N(CCN(C)C)C1=O)cccc2)C,training,1.0
Cc1c2c(c(C)c3c1cccc3)ccc1c2cccc1,training,1.0
O=C(OC1C[C@@H]2N3[C@H](C1)CC(C(=O)C3)C2)c1c2c([nH]c1)cccc2,training,1.0
S(=O)(=O)(N)c1sc2S(=O)(=O)[C@@H](C)C[C@H](NCC)c2c1,training,1.0
Clc1c(C)c(N2CCN(CCc3nn(Cc4nc[nH]c4)c4c3cc(OC)c(OC)c4)CC2)ccc1,training,1.0
Clc1c(C=O)n(Cc2ccc(-c3c(-c4[nH]nnn4)cccc3)cc2)c(CCCC)n1,training,1.0
S(=O)(=O)(CCc1cc2[C@H](C[C@@H]3N(C)CCC3)CNc2cc1)c1ccccc1,training,1.0
Cc1c2[nH]c3c(c2c(C)c2c1ccnc2)cccc3,training,1.0
O[C@@H]1[C@]2(C)[C@H]([C@H]3[C@@H](c4c(cc(O)cc4)CC3)CC2)CC1,training,1.0
O=C1[C@]2(C)[C@H]([C@H]3[C@@H](c4c(cc(O)cc4)CC3)CC2)CC1,training,1.0
Oc1cc2c([C@@H]3[C@H]([C@H]4[C@@](C)([C@](O)(C#C)CC4)CC3)CC2)cc1,training,1.0
O=C(O)C[C@@]1(CC)OCCc2c3c(c(CC)ccc3)[nH]c12,training,1.0
Clc1cc(c(-c2cnc(C)cc2)nc1)-c1ccc(S(=O)(=O)C)cc1,training,1.0
O(C)c1c(O)ccc(CC=C)c1,training,1.0
FC(F)(F)c1c([N+](=O)[O-])ccc(N)c1,training,1.0
Fc1c(C2=NCC(=O)N(C)c3c2cc([N+](=O)[O-])cc3)cccc1,training,1.0
FC(F)(F)c1ccc(O[C@@H](CCNC)c2ccccc2)cc1,training,1.0
Fc1c(-c2ccccc2)ccc([C@@H](C(=O)O)C)c1,training,1.0
Fc1ccc(-c2c(/C=C/[C@H](O)C[C@H](O)CC(=O)O)n(C(C)C)c3c2cccc3)cc1,training,1.0
O(C)c1ccc(C=2C(=O)c3c(OC=2)cc(O)cc3)cc1,training,1.0
O(C)c1cc2c(CCN(C(C)C)C(C)C)c[nH]c2cc1,training,1.0
O=C1C(O)=C(c2ccccc2)Oc2c1c(O)cc(O)c2,training,1.0
S(=O)(=O)(NC(=O)NC1CCC(C)CC1)c1ccc(CCNC(=O)N2C(=O)C(CC)=C(C)C2)cc1,training,1.0
S(=O)(=O)(NC(=O)NC1CCCCC1)c1ccc(CCNC(=O)c2ncc(C)nc2)cc1,training,1.0
Clc1cc(C(=O)NCCc2ccc(S(=O)(=O)NC(=O)NC3CCCCC3)cc2)c(OC)cc1,training,1.0
[SH0](=O)(Cc1nccc(OCC2CC2)c1)c1[nH]c2c(n1)cc(F)cc2,training,1.0
Br[C@@H](Cl)C(F)(F)F,training,1.0
O(C)c1cc2[nH]c3c(C)nccc3c2cc1,training,1.0
O=C1N(C)C(O)=NC(=O)[C@]1(C)C1=CCCCC1,training,1.0
O=C(O)[C@@H](C)c1ccc(CC(C)C)cc1,training,1.0
ClCCNP1(=O)N(CCCl)CCCO1,training,1.0
N(CCCN1c2c(cccc2)CCc2c1cccc2)(C)C,training,1.0
O=C(N[C@@H]1[C@H](O)Cc2c1cccc2)[C@@H](C[C@H](O)CN1[C@H](C(=O)NC(C)(C)C)CN(Cc2cnccc2)CC1)Cc1ccccc1,training,1.0
Clc1ccc(C(=O)n2c(C)c(CC(=O)O)c3c2ccc(OC)c3)cc1,training,1.0
Clc1ccc(C(=O)n2c(C)c(CC(=O)NCCc3ccccc3)c3c2ccc(OC)c3)cc1,training,1.0
O=C1N(Cc2ccc(-c3c(-c4n[nH]nn4)cccc3)cc2)C(CCCC)=NC21CCCC2,training,1.0
O(C)c1ccc(C2=C(O)C(=O)c3c(O)cc(O)cc3O2)cc1,training,1.0
Clc1c([C@@]2(NC)C(=O)CCCC2)cccc1,training,1.0
O=C(CC)C1(c2cc(O)ccc2)CCN(C)CC1,training,1.0
FC(F)(F)Oc1c2nc(NCCO)c3c(N(c4c(C)cc(OC)cc4)CC3)c2ccc1,training,1.0
[SH0](=O)(Cc1c(C)c(OCC(F)(F)F)ccn1)c1[nH]c2c(n1)cccc2,training,1.0
O=C(O)CCCCCCCCCCC,training,1.0
Clc1ccc(-c2c(CC(=O)OC[C@H]3[C@@H](O)[C@@H](O)[C@H](O)[C@H](O)O3)n3c(c2-c2ccccc2)CC(C)(C)C3)cc1,training,1.0
O=C(Nc1c(C)cccc1C)CN(CC)CC,training,1.0
C(=C)(C)[C@@H]1CC=C(C)CC1,training,1.0
O=C(O)CCCCCCC/C=C/C/C=C/CCCCC,training,1.0
Clc1cc2c(C(=C3CCN(C(=O)OCC)CC3)c3ncccc3CC2)cc1,training,1.0
Clc1sc2C(O)=C(C(=O)Nc3ncccc3)N(C)S(=O)(=O)c2c1,training,1.0
Clc1c(CO)n(Cc2ccc(-c3c(-c4[nH]nnn4)cccc3)cc2)c(CCCC)n1,training,1.0
Clc1cc2N(C(=O)c3c(C)cccc3)CC/C(=N\OS(=O)(=O)O)/c2cc1,training,1.0
N([C@H](Cc1cc2OCOc2cc1)C)CC,training,1.0
O=C(O)c1c(Nc2c(C)c(C)ccc2)cccc1,training,1.0
O=C(NCCc1c2c([nH]c1)ccc(OC)c2)C,training,1.0
O=C(Nc1sc(C)cn1)C=1N(C)S(=O)(=O)c2c(C=1O)cccc2,training,1.0
O=C1N(C)C(=O)N[C@]1(CC)c1ccccc1,training,1.0
O(C)c1cc2c([C@@H]3[C@H]([C@H]4[C@@](C)([C@](O)(C#C)CC4)CC3)CC2)cc1,training,1.0
ClC(Cl)(Cl)C(c1ccc(OC)cc1)c1ccc(OC)cc1,training,1.0
ClC(Cl)(Cl)[C@H](c1cc(O)c(O)cc1)c1ccc(OC)cc1,training,1.0
ClC(Cl)(Cl)[C@@H](c1ccc(OC)cc1)c1ccc(O)cc1,training,1.0
O(C)c1c(OC)ccc(CC=C)c1,training,1.0
O=[N+]([O-])c1n(CCO)c(C)nc1,training,1.0
CN1C[C@@H]2N(c3c(cccc3)Cc3c2cccc3)CC1,training,1.0
CN1C[C@H]2N(c3ncccc3Cc3c2cccc3)CC1,training,1.0
CN1C[C@@H]2N(c3c(cccc3)Cc3c2nccc3)CC1,training,1.0
O[C@@H]1[C@@H]2Oc3c(O)ccc4c3[C@@]32[C@H]([C@H](N(C)CC3)C4)C=C1,training,1.0
O=C(Oc1ccc(OC)cc1)N(CC(=O)O)Cc1ccc(OCCc2c(C)oc(-c3ccccc3)n2)cc1,training,1.0
O=NN(CCCCC)CCCCC,training,1.0
O=C(O)[C@@H](C)c1cc2c(cc(OC)cc2)cc1,training,1.0
O=C(O)[C@H](NC(=O)C1CCC(C(C)C)CC1)Cc1ccccc1,training,1.0
O=NN(CC)CC,training,1.0
O(CCc1ccccc1)c1c(OC)ccc(CCN(CCC)CCC)c1,training,1.0
S(C[C@H](NC(=O)c1c(C)c(O)ccc1)[C@H](O)CN1[C@H](C(=O)NC(C)(C)C)C[C@H]2[C@@H](C1)CCCC2)c1ccccc1,training,1.0
O=C1Nc2c(C)ccnc2N(C2CC2)c2ncccc12,training,1.0
CN1[C@H](c2cnccc2)CCC1,training,1.0
O=NN(CCCC)C,training,1.0
O=NN(CC)C,training,1.0
[SH0](=O)(Cc1c(C)c(OC)c(C)cn1)c1[nH]c2c(n1)cc(OC)cc2,training,1.0
O=C1[C@@H](Cn2c(C)ncc2)CCc2n(C)c3c(c12)cccc3,training,1.0
C(CN1c2c(Sc3c1cccc3)cccc2)CN1CCN(C)CC1,training,1.0
Clc1cc2N(CCCN3CCN(CCO)CC3)c3c(Sc2cc1)cccc3,training,1.0
O=C(Nc1ccc(OCC)cc1)C,training,1.0
c12c3c(ccc1cccc2)cccc3,training,1.0
O=C1C(CC)(c2ccccc2)C(=O)NC(=O)N1,training,1.0
O=C1C([C@H](CC)c2ccccc2)=C(O)c2c(O1)cccc2,training,1.0
O=C1N(N(c2ccccc2)C(=O)C1CCCC)c1ccccc1,training,1.0
O=C1C(c2ccccc2)(c2ccccc2)NC(=O)N1,training,1.0
S=P(SCSCC)(OCC)OCC,training,1.0
O=C(Nc1ncccc1)C=1N(C)S(=O)(=O)c2c(C=1O)cccc2,training,1.0
O=C(N1CC(=O)N2[C@@H](c3c(cccc3)CC2)C1)C1CCCCC1,training,1.0
O=C(C)[C@@H]1[C@]2(C)[C@H]([C@H]3[C@@H]([C@]4(C)C(=CC(=O)CC4)CC3)CC2)CC1,training,1.0
Oc1c(C(C)C)cccc1C(C)C,training,1.0
Clc1cc2C(c3c(F)cccc3)=NCC(=S)N(CC(F)(F)F)c2cc1,training,1.0
O(CCO)CCN1CCN(C2=Nc3c(Sc4c2cccc4)cccc3)CC1,training,1.0
Fc1c([C@H](C(=O)C2CC2)N2CC=3[C@H](SC(=O)C=3)CC2)cccc1,training,1.0
S(Cc1c(C)c(OCCCOC)ccn1)c1[nH]c2c(n1)cccc2,training,1.0
O=C(N[C@@H](CC(C)C)c1c(N2CCCCC2)cccc1)Cc1cc(OCC)c(C(=O)O)cc1,training,1.0
O=C(O[C@H]1[C@H](C)[C@H](O)[C@H](C)[C@@H](O)[C@@H](C)C=CC=C(C)C(=O)Nc2c(/C=N\N3CCN(C)CC3)c(O)c3c(c(O)c(C)c4O[C@@](C)(C(=O)c34)OC=C[C@H](OC)[C@@H]1C)c2O)C,training,1.0
O=C(C[C@@H](c1ccccc1)C=1C(=O)Oc2c(C=1O)cccc2)C,training,1.0
S(=O)(=O)(N[C@@H]1[C@@H](C/C=C\CCCC(=O)O)[C@H]2C[C@@H]1CC2)c1ccccc1,training,1.0
O=C(O)[C@H](C)c1ccc(-c2c(C)ccs2)cc1,training,1.0
C(=C)Cc1cc2OCOc2cc1,training,1.0
N([C@@H](Cc1ccccc1)C)(CC#C)C,training,1.0
O=C(O)CCCCC[C@@H](c1ccccc1)C=1C(=O)C(C)=C(C)C(=O)C=1C,training,1.0
Clc1c(Cl)ccc([C@H]2c3c([C@@H](NC)CC2)cccc3)c1,training,1.0
C[C@H]1SC[C@@]2(O1)C1CCN(C2)CC1,training,1.0
S(=O)(=O)(Nc1ncccn1)c1ccc(N)cc1,training,1.0
S(=O)(=O)(Nc1noc(C)c1)c1ccc(N)cc1,training,1.0
[SH0](=O)(CCC1C(=O)N(N(c2ccccc2)C1=O)c1ccccc1)c1ccccc1,training,1.0
O=C(O)[C@H](C)c1ccc(C(=O)c2sccc2)cc1,training,1.0
FC=1C(=O)NC(=O)N([C@H]2OCCC2)C=1,training,1.0
O=S1(=O)N(C)/C(=C(/O)\Nc2ncccc2)/C(=O)c2sccc12,training,1.0
N(C/C=C/C#CC(C)(C)C)(Cc1c2c(ccc1)cccc2)C,training,1.0
S(=O)(=O)(N[C@@H]1[C@@H](CCC(=O)O)[C@H]2C[C@@H]1CC2)c1ccccc1,training,1.0
O=C1[C@@H](N2C(=O)c3c(C2=O)cccc3)CCC(=O)N1,training,1.0
O=C1N(C)C(=O)c2[nH]cnc2N1C,training,1.0
Clc1cc2N(CC(=O)N3CCN(CCO)CC3)C(=O)Sc2cc1,training,1.0
Clc1c(Cl)c(C(=O)c2sccc2)ccc1OCC(=O)O,training,1.0
Oc1c([C@H](CCN(C(C)C)C(C)C)c2ccccc2)cc(C)cc1,training,1.0
O([C@H](CCNC)c1ccccc1)c1c(C)cccc1,training,1.0
ClCC/C(=C(\c1ccc(OCCN(C)C)cc1)/c1ccccc1)/c1ccccc1,training,1.0
Clc1c(C(=O)N[C@H](C(=O)O)Cc2ccc(-c3c(OC)cccc3OC)cc2)c(Cl)ccc1,training,1.0
O(C)c1c(OC)cc(Cc2c(N)nc(N)nc2)cc1OC,training,1.0
O(C[C@]1(C)Oc2c(C)c(C)c(O)c(C)c2CC1)c1ccc(C[C@H]2C(=O)NC(=O)S2)cc1,training,1.0
O=C(OC1C[C@@H]2N(C)[C@H](C1)CC2)c1c2c([nH]c1)cccc2,training,1.0
S(=O)(=O)(N)c1ccc(-c2c(C)onc2-c2ccccc2)cc1,training,1.0
O=C(O)C(CCC)CCC,training,1.0
O=C(O)[C@@H](N(C(=O)CCCC)Cc1ccc(-c2c(-c3[nH]nnn3)cccc2)cc1)C(C)C,training,1.0
O(C)c1ccc([C@@H](CN(C)C)C2(O)CCCCC2)cc1,training,1.0
FC(F)(F)c1ccc([C@H](COC)N2[C@@H](C)CN(C3(C)CCN(C(=O)c4c(C)ncnc4C)CC3)CC2)cc1,training,1.0
O(COc1cc2OC=3C(=Nc2cc1)C=CC(=O)C=3)Cc1ccccc1,training,1.0
Fc1c([C@](O)([C@@H](C)c2c(F)cncn2)Cn2ncnc2)ccc(F)c1,training,1.0
O=C(C[C@H](c1ccccc1)C1=C(O)Oc2c(C1=O)cccc2)C,training,1.0
O=C(C[C@@H](c1ccccc1)C1=C(O)Oc2c(C1=O)cccc2)C,training,1.0
S(=O)(=O)(NC(=O)c1cc(OC)c(Cc2c3c(n(C)c2)ccc(NC(=O)OC2CCCC2)c3)cc1)c1c(C)cccc1,training,1.0
O=C(O)[C@H](C)c1cc2c(Sc3c(C(=O)C2)cccc3)cc1,training,1.0
O=C1N([C@@H]2O[C@H](CO)[C@@H](N=[N+][N-])C2)C=C(C)C(=O)N1,training,1.0
O=C(N(O)[C@@H](C)c1sc2c(c1)cccc2)N,training,1.0
O=C(N(C)C)Cc1c(-c2ccc(C)cc2)nc2n1C=C(C)C=C2,training,1.0
O=C1N(C)C(=O)N[C@@]1(CC)c1ccccc1,training,1.0
O[C@H]1[C@@]2(C)[C@H]([C@H]3[C@@H](c4c(cc(O)cc4)CC3)CC2)CC1,training,1.0
O=C1[C@H](N2C(=O)c3c(C2=O)cccc3)CCC(=O)N1,training,1.0
NCCc1nc[nH]c1,training,1.0
Oc1c(O)ccc(CCN)c1,training,1.0
O(C)c1c(OC)ccc([C@@](C#N)(C(C)C)CCCN(CCc2cc(OC)c(OC)cc2)C)c1,training,1.0
O=C1N(C)C(O)=NC(=O)[C@@]1(C)C1=CCCCC1,training,1.0
O=C(C)[C@H]1[C@]2(C)[C@@H]([C@@H]3[C@H]([C@@]4(C)C(=CC(=O)CC4)CC3)CC2)CC1,training,1.0
O=C(C(C[C@@H](N(C)C)C)(c1ccccc1)c1ccccc1)CC,training,1.0
O=C(C[C@H](c1ccccc1)C=1C(=O)Oc2c(C=1O)cccc2)C,training,1.0
Brc1ccc([C@H](CCN(C)C)c2ncccc2)cc1,training,1.0
Br[C@H](Cl)C(F)(F)F,training,1.0
O=[N+]([O-])c1ccc([C@@H](CC(=O)C)C=2C(=O)Oc3c(C=2O)cccc3)cc1,training,1.0
C(=Cc1ccccc1)CN1CCN(C(c2ccccc2)c2ccccc2)CC1,training,1.0
O=C(O)C=C(C=CC=C(C=CC=1C(C)(C)CCCC=1C)C)C,training,1.0
O=C1[C@@H]2Oc3c(O)ccc4c3[C@@]32[C@H]([C@H](N(C)CC3)C4)CC1,training,1.0
Clc1ccc([C@H](OCCN(C)C)c2ncccc2)cc1,training,1.0
N(CCC=C1c2c(OCc3c1cccc3)cccc2)(C)C,training,1.0
Oc1c2[C@H]3[C@H](C(C)(C)Oc2cc(CCCCC)c1)CCC(C)=C3,training,1.0
O=C1N([C@@H]2O[C@H](CO)CC2)C=CC(N)=N1,training,1.0
O(CCN(C)C)c1ccc(C(=C(CC)c2ccccc2)c2ccccc2)cc1,training,1.0
O=C(O[C@H]1[C@H](C)[C@H](O)[C@H](C)[C@@H](O)[C@@H](C)C=CC=C(C)C(=O)Nc2c(C=NN3CCN(C)CC3)c(O)c3c(c(O)c(C)c4O[C@@](C)(C(=O)c34)OC=C[C@H](OC)[C@H]1C)c2O)C,training,1.0
S(=O)(=O)(NC(=O)NC1CCCCC1)c1ccc(CCNC(=O)c2ncc(C)cc2)cc1,training,1.0
Clc1c([C@]2(NC)C(=O)CCCC2)cccc1,training,1.0
Clc1cc(C(=O)[C@@H](NC(C)(C)C)C)ccc1,training,1.0
O=C(O)CCCC=C1O[C@@H]2[C@@H]([C@@H](C=C[C@@H](O)CCCCC)[C@H](O)C2)C1,training,1.0
O=C(O)[C@@H](C)c1ccc(C(=O)c2sccc2)cc1,training,1.0
O=C(O)C[C@]1(CC)OCCc2c3c(c(CC)ccc3)[nH]c12,training,1.0
Clc1cnc(N2[C@H](OC(=O)N3CCN(C)CC3)c3nccnc3C2=O)cc1,training,1.0
O=CNc1c(O)ccc([C@H](O)CN[C@H](Cc2ccc(OC)cc2)C)c1,training,1.0
O[C@@H](CCCN1CCC(C(O)(c2ccccc2)c2ccccc2)CC1)c1ccc(C(C)(C)C)cc1,training,1.0
S(=O)(=O)(Nc1c(Oc2ccccc2)cc([N+](=O)[O-])cc1)C,training,1.0
Fc1ccc(C(N2CCN(CC=Cc3ccccc3)CC2)c2ccc(F)cc2)cc1,training,1.0
FC(F)(F)c1ccc(O[C@H](CCNC)c2ccccc2)cc1,training,1.0
O=C(C)[C@@]1(O)C[C@H](O[C@@H]2O[C@@H](C)[C@@H](O)[C@@H](N)C2)c2c(O)c3C(=O)c4c(C(=O)c3c(O)c2C1)cccc4,training,1.0
O=C(Nc1ncccc1)C=1N(C)S(=O)(=O)c2c(C=1O)scc2,training,1.0
Clc1ccc(C(=O)NCCN2CCOCC2)cc1,training,1.0
O(CCNC[C@@H](O)COc1c2c([nH]c3c2cccc3)ccc1)c1c(OC)cccc1,training,1.0
Clc1c(N)cc(OC)c(C(=O)N[C@H]2[C@H](OC)CN(CCCOc3ccc(F)cc3)CC2)c1,training,1.0
O=C(OC1CC2N(C)C(C1)CC2)c1c2c([nH]c1)cccc2,training,1.0
N(CC=CC#CC(C)(C)C)(Cc1c2c(ccc1)cccc2)C,training,1.0
Fc1ccc(-c2c(C=C[C@H](O)C[C@H](O)CC(=O)O)n(C(C)C)c3c2cccc3)cc1,training,1.0
O=C(O)CCCCC[C@H](c1ccccc1)C=1C(=O)C(C)=C(C)C(=O)C=1C,training,1.0
Clc1c([C@@H](C(=O)OC)N2Cc3c(scc3)CC2)cccc1,training,1.0
O=C(Oc1c(C)c2OCOc2c2[C@H]3N4[C@@H](O)[C@H]5N(C)[C@@H]([C@@H]4[C@H](SC[C@@]4(C(=O)OC3)NCCc3c4cc(OC)c(O)c3)c12)c1c(O)c(OC)c(C)cc1C5)C,training,1.0
S(=O)(=O)(N)c1sc2S(=O)(=O)[C@H](C)C[C@@H](NCC)c2c1,training,1.0
O=C(N[C@@H](CC(C)C)B(O)O)[C@H](NC(=O)c1nccnc1)Cc1ccccc1,training,1.0
O=C(OCC)CN[C@@H](C(=O)N1[C@H](C(=O)NCc2ccc(C=NNO)cc2)CC1)C1CCCCC1,training,1.0
Clc1c(Nc2c(CC(=O)O)cc(C)cc2)c(F)ccc1,training,1.0
S(=O)(=O)(N(C[C@@H](OP(=O)(O)O)[C@@H](NC(=O)O[C@@H]1COCC1)Cc1ccccc1)CC(C)C)c1ccc(N)cc1,training,1.0
S(=O)(=O)(N(C)c1nc(C(C)C)c(C=C[C@H](O)C[C@@H](O)CC(=O)O)c(-c2ccc(F)cc2)n1)C,training,1.0
N#CC(C)(C)c1cc(C(C#N)(C)C)cc(Cn2ncnc2)c1,test,0.0
Fc1ccc(Cn2c(NC3CCN(CCc4ccc(OC)cc4)CC3)nc3c2cccc3)cc1,test,0.0
O=C1C=C(C)[C@]2(C)[C@@H]3[C@H]([C@H]4[C@@](C)(C(=O)CC4)CC3)CCC2=C1,test,0.0
S(=O)(=O)(Oc1c(C(C)C)cccc1C(C)C)NC(=O)Cc1c(C(C)C)cc(C(C)C)cc1C(C)C,test,0.0
OC(c1ccccc1)(c1ccccc1)C1CCNCC1,test,0.0
Fc1c(O)ccc([C@@H]([C@H](C)c2cc(F)c(O)cc2)CC)c1,test,0.0
O(C(C)C)CCOCc1ccc(OC[C@@H](O)CNC(C)C)cc1,test,0.0
O=C(CCCN1CCCC1)c1c(OC)cc(OC)cc1OC,test,0.0
O=C(Nc1c(C)cccc1C)[C@H]1N(CCCC)CCCC1,test,0.0
Clc1cc(C(=O)[C@H](NC(C)(C)C)C)ccc1,test,0.0
SC[C@H](C(=O)N1[C@H](C(=O)O)CCC1)C,test,0.0
O=C(O)CC[C@@H](C)[C@@H]1[C@]2(C)[C@H]([C@@H]3[C@H](O)C[C@@H]4[C@@](C)([C@H]3CC2)CC[C@@H](O)C4)CC1,test,0.0
O(CCCCc1n(C2CCCCC2)nnn1)c1cc2c(NC(=O)CC2)cc1,test,0.0
Clc1ccc([C@@](OCC[C@@H]2N(C)CCC2)(C)c2ccccc2)cc1,test,0.0
O[C@]1(C#C)[C@]2(C)[C@H]([C@H]3[C@@H]([C@]4(C)C(=Cc5oncc5C4)CC3)CC2)CC1,test,0.0
O=[N+]([O-])c1ccc(-c2oc(/C=N\N3C(=O)NC(=O)C3)cc2)cc1,test,0.0
O(C)c1c2O[C@H]3[C@@H](O)CC[C@H]4[C@@H]5N(C)CC[C@]34c2c(cc1)C5,test,0.0
O=C(N[C@@]1(C)C(=O)N2[C@@H](Cc3ccccc3)C(=O)N3[C@H]([C@]2(O)O1)CCC3)[C@H]1CN(C)[C@H]2[C@@H](c3c4c([nH]cc4C2)ccc3)C1,test,0.0
O(CCn1c(N2CCN(C)CCC2)nc2c1cccc2)CC,test,0.0
O=C(OCC)[C@@H](N[C@H](C(=O)N1[C@H](C(=O)O)CCC1)C)CCc1ccccc1,test,0.0
N#Cc1ccc([C@@H]2n3c(cnc3)CCC2)cc1,test,0.0
O=C(N(c1ccccc1)C1CCN(CCc2ccccc2)CC1)CC,test,0.0
Clc1c(-c2c(C(=O)N[C@@H]3C(=O)N4[C@@H](C(=O)O)C(C)(C)S[C@H]34)c(C)on2)c(F)ccc1,test,0.0
N=C(NC[C@H]1Oc2c(OC1)cccc2)N,test,0.0
Nc1nc2c(c3n(CC(C)C)cnc13)cccc2,test,0.0
Clc1c([C@]2(Cn3ncnc3)O[C@@H](COc3ccc(N4CCN(c5ccc(N6C(=O)N([C@H](CC)C)N=C6)cc5)CC4)cc3)CO2)ccc(Cl)c1,test,0.0
Clc1cc([C@@H](n2cncc2)c2cc3[nH]cnc3cc2)ccc1,test,0.0
Clc1c([C@@H](O)[C@H]2C(OC)=CC(=O)O2)cccc1,test,0.0
O=C(O[C@@H]1[C@@H]2[C@@H](CC[C@H]3OC(=O)C[C@H](O)C3)[C@@H](C)C=CC2=C[C@H](C)C1)[C@H](CC)C,test,0.0
O=C1c2c(O)ccc(O)c2C(=O)c2c(NCCNCCO)ccc(NCCNCCO)c12,test,0.0
Clc1cc(N2CCN(CCCN3C(=O)N(CCOc4ccccc4)C(CC)=N3)CC2)ccc1,test,0.0
S[C@H](C(=O)N[C@@H]1C(=O)N2[C@H](C(=O)O)CCC[C@@H]2SCC1)Cc1ccccc1,test,0.0
O=[N+]([O-])c1c(CO)cc2c(N[C@H](CNC(C)C)CC2)c1,test,0.0
O=S1(=O)c2c(N(C[C@@H](CN(C)C)C)c3c1cccc3)cccc2,test,0.0
O(C[C@@H](O)CNC(C)(C)C)c1c(C2CCCC2)cccc1,test,0.0
C(C[C@@H]1NCCCC1)(C1CCCCC1)C1CCCCC1,test,0.0
O=C(CO)[C@]1(O)[C@]2(C)[C@H]([C@H]3[C@@H]([C@]4(C)C(=CC(=O)C=C4)CC3)C(=O)C2)CC1,test,0.0
O(C)c1cc(N[C@H](CCCN)C)c2ncccc2c1,test,0.0
O=C(NCCN(CC)CC)c1ccc(N)cc1,test,0.0
O=C(O[C@]([C@@H](CN(C)C)C)(Cc1ccccc1)c1ccccc1)CC,test,0.0
Clc1ccc(-c2c(N)nc(N)nc2CC)cc1,test,0.0
Clc1cc2nc3c(c(N[C@@H](CCCN(CC)CC)C)c2cc1)cc(OC)cc3,test,0.0
Brc1c(OC)c(C(=O)NC[C@H]2N(CC)CCC2)c(OC)cc1,test,0.0
O=C(O)/C=C(\C=C/C=C(/C=C\C=1C(C)(C)CCCC=1C)\C)/C,test,0.0
O=C(N(C)c1ccccc1)C1=C(O)N(C)c2c(C1=O)cccc2,test,0.0
Clc1ccc(C2([C@@H](N(C)C)CC(C)C)CCC2)cc1,test,0.0
S(=O)(=O)(Nc1n(-c2ccccc2)ncc1)c1ccc(N)cc1,test,0.0
S(=O)(=O)(N)c1c(OC)ccc(C[C@H](NCCOc2c(OCC)cccc2)C)c1,test,0.0
Cc1ccccc1,test,0.0
O=[N+]([O-])c1ccc(OC)cc1,test,1.0
Clc1cc(O)c2NC(=O)O[C@@](C(F)(F)F)(C#CC3CC3)c2c1,test,1.0
O=C(N[C@@H](C)c1sc2c(c1)cccc2)N,test,1.0
O=C(N[C@H](C#Cc1sc(Cc2ccccc2)cc1)C)N,test,1.0
S(CCC)c1cc2[nH]c(NC(=O)OC)nc2cc1,test,1.0
O=C1N(N(C)C=C1N(C)C)c1ccccc1,test,1.0
N(CCC=C1c2c(cccc2)CCc2c1cccc2)(C)C,test,1.0
ClC(Cl)Cl,test,1.0
Clc1c(N)cc(OC)c(C(=O)N[C@@H]2[C@H](OC)CN(CCCOc3ccc(F)cc3)CC2)c1,test,1.0
Clc1cc2C(c3ccccc3)=NCC(=O)N(C)c2cc1,test,1.0
O=C(OCc1ccccc1)c1c(C=2c3c(OC=4C=2C=CC(=O)C=4)cc(OCc2ccccc2)cc3)cccc1,test,1.0
Clc1c(Cl)ccc(NC(=O)N(C)C)c1,test,1.0
N(CC/C=C/1\c2c(OCc3c\1cccc3)cccc2)(C)C,test,1.0
O=C(O)CCC/C=C\C/C=C\C/C=C\C/C=C\C/C=C\CC,test,1.0
O(C)c1c(O)c2C(=O)C=C(c3cc(OC)c(OC)cc3)Oc2cc1O,test,1.0
Clc1ccc(N(Cc2nn(C)nn2)[C@@H]2[C@@H](O)[C@](C(OC)OC)(C)Oc3c2cc(N)cc3)cc1,test,1.0
Clc1cc2nc(/C=C/c3cc([C@H](SCC4(CC(=O)O)CC4)CCc4c(C(O)(C)C)cccc4)ccc3)ccc2cc1,test,1.0
O=NN(C)C,test,1.0
N(CCCN1c2c(Sc3c1cccc3)cccc2)(C)C,test,1.0
Clc1c(Nc2c(CCO)cccc2)c(Cl)ccc1,test,1.0
O(CCN(C)c1ncccc1)c1ccc(C[C@H]2C(=O)NC(=O)S2)cc1,test,1.0
S(=O)(=O)(N1CCN(C)CC1)c1cc(c(OCC)cc1)C1=Nc2c(CCC)nn(C)c2C(=O)N1,test,1.0
C(=C)c1ccccc1,test,1.0
S(CCC1C(=O)N(N(c2ccccc2)C1=O)c1ccccc1)c1ccccc1,test,1.0
O(CCN(C)C)c1ccc(/C(=C(/CC)\c2ccccc2)/c2ccccc2)cc1,test,1.0
Clc1cc2C(c3ccccc3)=N[C@@H](O)C(=O)N(C)c2cc1,test,1.0
S(=O)(=O)(NC(=O)NCCCC)c1ccc(C)cc1,test,1.0
S(=O)(=O)(NC(=O)NC(C)C)c1c(Nc2cc(C)ccc2)ccnc1,test,1.0
O=C1N(C)C(=O)OC1(C)C,test,1.0
O(C)c1c(OC2CCCC2)cc(Cn2c-3nc(C(C)C)nc-3c(NCC)nc2)cc1,test,1.0
Clc1cnc(N2[C@@H](OC(=O)N3CCN(C)CC3)c3nccnc3C2=O)cc1,test,1.0
O=C(O[C@@H]1[C@]2(C)[C@H]([C@H]3[C@@H]([C@]4(C)C(=CC(=O)CC4)CC3)CC2)CC1)CC,test,1.0
O=C(O)CCc1oc(c(-c2ccccc2)n1)-c1ccccc1,test,1.0
OC[C@@H]1C=C[C@H](n2c3nc(N)nc(NC4CC4)c3nc2)C1,val,0.0
O[C@@H]1CC=2[C@@](C)([C@@H]3[C@H]([C@H]4[C@@](C)(C(c5cnccc5)=CC4)CC3)CC=2)CC1,val,0.0
Clc1cc2C(c3ccccc3)=NCc3n(c(CN(C)C)nn3)-c2cc1,val,0.0
Clc1c([C@@H]2C(C(=O)OCC)=C(COCCN)NC(C)=C2C(=O)OC)cccc1,val,0.0
Fc1ccc(-c2n(CC[C@@H](O)C[C@@H](O)CC(=O)O)c(C(C)C)c(C(=O)Nc3ccccc3)c2-c2ccccc2)cc1,val,0.0
c1ccccc1,val,0.0
O=C(CO)[C@]12[C@]3(C)[C@H]([C@H]4[C@H]([C@@H](O)C3)[C@]3(C)C(=CC(=O)C=C3)CC4)C[C@H]1O[C@H](CCC)O2,val,0.0
ClC(Cl)C(=O)N[C@@H]([C@H](O)c1ccc([N+](=O)[O-])cc1)CO,val,0.0
[C@H]1(C2=NCCN2)C(c2ccccc2)(c2ccccc2)C1,val,0.0
Fc1ccc([C@]2(CCCN(C)C)OCc3c2ccc(C#N)c3)cc1,val,0.0
O([C@@H]1[C@@H](C)[C@H](O[C@@H]2O[C@@H](C)[C@H](O)[C@@](OC)(C)C2)[C@@H](C)C(=O)O[C@H](CC)[C@](O)(C)[C@H](O)[C@@H](C)C(=O)[C@H](C)C[C@]1(OC)C)[C@H]1[C@H](O)[C@@H](N(C)C)C[C@@H](C)O1,val,0.0
N=C(N)N1Cc2c(cccc2)CC1,val,0.0
Clc1cc2c(C(=C3CCNCC3)c3ncccc3CC2)cc1,val,0.0
O=C(N(CC)CC)N1CCN(C)CC1,val,0.0
Fc1c(N2CCN(C)CC2)cc2N(c3ccc(F)cc3)C=C(C(=O)O)C(=O)c2c1,val,0.0
O=C1O[C@@]2([C@]3(C)[C@H]([C@H]4[C@@H]([C@]5(C)C([C@H]6[C@@H]4C6)=CC(=O)CC5)CC3)[C@H]3[C@@H]2C3)CC1,val,0.0
Cl[C@H](F)C(F)(F)OC(F)F,val,0.0
O=C1C=C2[C@@](C)([C@@H]3[C@H]([C@H]4[C@@](C)(C(=O)CC4)CC3)CC2=C)C=C1,val,0.0
Clc1cc2C(c3c(F)cccc3)=NCC(=O)N(CCN(CC)CC)c2cc1,val,0.0
O=C1C=C2[C@@H]([C@@H]3[C@H]([C@H]4[C@@](CC)([C@](O)(C#C)C=C4)CC3)CC2)CC1,val,0.0
S(=O)(=O)(Nc1ccc([C@H](O)CCCN(CCCCCCC)CC)cc1)C,val,0.0
Fc1c(N2CCN(C)CC2)c2OC[C@H](C)N3c2c(C(=O)C(C(=O)O)=C3)c1,val,0.0
O(C[C@H](N)C)c1c(C)cccc1C,val,0.0
O=C1C=C2C(=C3[C@@H](c4ccc(N(C)C)cc4)C[C@]4(C)[C@](O)(C#CC)CC[C@H]4[C@@H]3CC2)CC1,val,0.0
O=C(N(CC)CC)[C@]1([C@@H](CN)C1)c1ccccc1,val,0.0
FC(F)(F)c1c([N+](=O)[O-])ccc(N2C(=O)C(C)(C)NC2=O)c1,val,0.0
O=[N+]([O-])c1cc([C@H]2C(C(=O)OC(C)C)=C(C)NC(C)=C2C(=O)OCCOC)ccc1,val,0.0
Fc1c(N2CCNCC2)cc2N(CC)C=C(C(=O)O)C(=O)c2c1,val,0.0
O([C@@H](c1c(C)cccc1)c1ccccc1)CCN(C)C,val,0.0
Fc1c(N2CCN(C)CC2)cc2N(CC)C=C(C(=O)O)C(=O)c2c1,val,0.0
O=C(CCc1ccccc1)c1c(OC[C@@H](O)CNCCC)cccc1,val,0.0
O=C(c1c(-c2ccc(O)cc2)sc2c1ccc(O)c2)c1ccc(OCCN2CCCCC2)cc1,val,0.0
S(CCN/C(/NC)=C/[N+](=O)[O-])Cc1oc(CN(C)C)cc1,val,0.0
O(CC)Cc1n(CC(O)(C)C)c2c(c(N)nc3c2cccc3)n1,val,0.0
Clc1cc2c(C(=C3CCN(Cc4cc(C)cnc4)CC3)c3ncccc3CC2)cc1,val,0.0
O=C(N[C@H]([C@H](O)CN1[C@H](C(=O)NC(C)(C)C)C[C@H]2[C@@H](C1)CCCC2)Cc1ccccc1)[C@@H](NC(=O)c1nc2c(cc1)cccc2)CC(=O)N,val,0.0
O=C(O[C@@H]1[C@@H]2[C@@H](CC[C@H]3OC(=O)C[C@H](O)C3)[C@@H](C)C=CC2=C[C@H](C)C1)C(CC)(C)C,val,0.0
O=C1N(C)CC(=O)N2[C@H](c3cc4OCOc4cc3)c3[nH]c4c(c3C[C@H]12)cccc4,val,0.0
O=C1[C@@H](Cc2cc(C(C)(C)C)c(O)c(C(C)(C)C)c2)SCN1,val,0.0
O([C@H]1[C@H](O)[C@@H](O)[C@@H]2O[C@H](c3sccc3)OC[C@H]2O1)[C@H]1[C@@H]2[C@@H]([C@H](c3cc(OC)c(O)c(OC)c3)c3c1cc1OCOc1c3)C(=O)OC2,val,0.0
P(=O)(O)(O)CO[C@@H](Cn1c2ncnc(N)c2nc1)C,val,0.0
S(=O)(=O)(Nc1c(Oc2c(OC)cccc2)c(OCCO)nc(-c2cc(-c3n[nH]nn3)ncc2)n1)c1ncc(C(C)C)cc1,val,0.0
S(=O)(=O)(N(C)C)c1cc2/C(=C/CCN3CCN(C)CC3)/c3c(Sc2cc1)cccc3,val,0.0
O=C(CN1CCN(c2nc(N3CCCC3)nc(N3CCCC3)c2)CC1)[C@H]1[C@H](C)C[C@@H]2[C@]1(C)CC=C1[C@]3(C)C(=CC(=O)C=C3)CC[C@@H]21,val,0.0
N[C@H]1[C@H](c2ccccc2)C1,val,0.0
Clc1c(C2=NCc3n(c(C)nn3)-c3c2cc(Cl)cc3)cccc1,val,0.0
C(=C\CN1CCCC1)(\c1ncccc1)/c1ccc(C)cc1,val,0.0
ClCCN(CCCl)P1(=O)N(CCCl)CCCO1,val,0.0
O=C(O[C@H]1[C@](O)(C(=O)OC)[C@@H]2N(C=O)c3c(cc(c(OC)c3)[C@]3(C(=O)OC)c4[nH]c5c(c4CCN4C[C@](O)(CC)C[C@H](C3)C4)cccc5)[C@@]32[C@@H]2[C@@]1(CC)C=CCN2CC3)C,val,0.0
FC(F)(F)C=1c2c(OC(=O)C=1)cc(OCC)cc2,val,1.0
O(C)c1cc2Oc3c([C@@]4(OC(=O)c5c4cccc5)c2cc1)ccc(O)c3,val,1.0
O=C(Oc1c(C(=O)O)cccc1)C,val,1.0
O=C1N(N(C)C(C)=C1)c1ccccc1,val,1.0
c12c3c4ccc1c1c(cc2ccc3ccc4)cccc1,val,1.0
FC(F)(F)C=1c2c(OC(=O)C=1)cc(OCc1ccccc1)cc2,val,1.0
C(=C)C1OC1,val,1.0
S(=O)(=O)(N)c1ccc(-n2c(-c3ccc(C)cc3)cc(C(F)(F)F)n2)cc1,val,1.0
N#Cc1cc2N(C[C@@H](CN(C)C)C)c3c(Sc2cc1)cccc3,val,1.0
O[C@]1(C#C)[C@]2(CC)[C@H]([C@H]3[C@H](C(=C)C2)[C@@H]2C(=CCCC2)CC3)CC1,val,1.0
O=C(N)[C@@](CCN(C(C)C)C(C)C)(c1ncccc1)c1ccccc1,val,1.0
Clc1cc(N2CCN(CCCN3C(=O)N(CC)C(CC)=N3)CC2)ccc1,val,1.0
Fc1ccc(C(N2CCN(C/C=C/c3ccccc3)CC2)c2ccc(F)cc2)cc1,val,1.0
S(=O)(=O)(NC(=O)NN1C[C@H]2[C@@H](C1)CCC2)c1ccc(C)cc1,val,1.0
Clc1ccc(C2(O)CCN(CCCC(=O)c3ccc(F)cc3)CC2)cc1,val,1.0
O=C1[C@H]2Oc3c(O)ccc4c3[C@]32[C@@H]([C@@H](N(C)CC3)C4)CC1,val,1.0
Clc1ccc(-c2c(CC(=O)O)n3c(c2-c2ccccc2)CC(C)(C)C3)cc1,val,1.0
Clc1cc2C(c3c(F)cccc3)=NCc3n(c(C)nc3)-c2cc1,val,1.0
S(C)c1[nH]c(c(-c2cc(N[C@H](C)c3ccccc3)ncc2)n1)-c1ccc(F)cc1,val,1.0
O=NN(CCC)CCC,val,1.0
O=NN(CCCC(=O)c1cnccc1)C,val,1.0
Clc1c2c(c(O)c(C(=O)N[C@H](C(=O)O)Cc3ccccc3)c1)C(=O)O[C@@H](C)C2,val,1.0
C(=C\C=1N(C)CCCN=1)\c1sccc1,val,1.0
O(C)c1cc2c([C@H](O)[C@@H]3N4C[C@H](C=C)[C@H](C3)CC4)ccnc2cc1,val,1.0
O=C(OCc1scnc1)N[C@H]([C@@H](O)C[C@@H](NC(=O)[C@@H](NC(=O)N(Cc1nc(C(C)C)sc1)C)C(C)C)Cc1ccccc1)Cc1ccccc1,val,1.0
S(=O)(=O)(N(C)c1nc(C(C)C)c(CC[C@@H](O)C[C@@H](O)CC(=O)O)c(-c2ccc(F)cc2)n1)C,val,1.0
O=C1N2C(=Nc3c1cccc3)c1[nH]c3c(c1CC2)cccc3,val,1.0
O(C)c1c(O)cc(C2=C(O)C(=O)c3c(O)cc(O)cc3O2)cc1,val,1.0
ClCCN(N=O)C(=O)NCCS(=O)(=O)N(C)C,val,1.0
O=C1C=C2[C@@](C)([C@@H]3[C@H]([C@H]4[C@@](C)([C@@H](O)CC4)CC3)CC2)CC1,val,1.0
O(C)c1c(OC)ccc([C@](C#N)(C(C)C)CCCN(CCc2cc(OC)c(OC)cc2)C)c1,val,1.0
O=C(NCc1cc(OC)c(O)cc1)CCCCC=CC(C)C,val,1.0
O=C(O)[C@@H](NC(=O)C1CCC(C(C)C)CC1)Cc1ccccc1,val,1.0
