smiles,group,CYP3A4-sub
Ic1c(O)c(C(=O)Nc2cc(Cl)c(C(=N)N)cc2)cc(C)c1,training,0.0
Clc1cc(Nc2nc(OCC3CCCCC3)c3[nH]cnc3n2)ccc1,training,0.0
O=C(O)C1NC[C@@H](O)C1,training,0.0
P(=O)(OC[C@H]1[C@H](O)[C@@H](O)[C@H](n2c3ncnc(N)c3nc2)O1)(O)C,training,0.0
ClCCN(CCCl)C,training,0.0
O(CCCC)c1ccc(OCCCN2CCOCC2)cc1,training,0.0
Clc1ccc(C(OCCN2CCCCC2)c2ccccc2)cc1,training,0.0
O=Cc1n2c(C(=C3CCN(C)CC3)c3c(cccc3)CC2)nc1,training,0.0
O=C(OCC1=C(C)OC(=O)O1)c1c2n(Cc3ccc(-c4c(C5=NOC(=O)N5)cccc4)cc3)c(OCC)nc2ccc1,training,0.0
SC[C@H](C(=O)O)Cc1ccccc1,training,0.0
Fc1ccc(/N=N/C=2C(=N)N=NC=2N)cc1,training,0.0
S(=O)(=O)(C[C@](O)(C(=O)Nc1cc(C(F)(F)F)c(C#N)cc1)C)c1ccc(F)cc1,training,0.0
O=C(OC[C@H]1[C@]2(OC)N(C=3C(=O)C(C)=C(N)C(=O)C1=3)C[C@@H]1N[C@H]21)N,training,0.0
FC(F)(F)c1ccc(N(C(=O)C=2C(=O)N(C)c3c(c(OC)ccc3)C=2O)C)cc1,training,0.0
S(=O)(=O)(N1[C@@H](C(=O)O)CCC1)c1ccc(C(=O)N[C@H](C(=O)O)CCC(=O)O)cc1,training,0.0
P(=O)(O)([C@H](NC(=O)OCc1ccccc1)Cc1ccccc1)C[C@@H](C(=O)N[C@@H](C(=O)N)Cc1c2c([nH]c1)cccc2)CCCc1ccccc1,training,0.0
OC(=N[C@@H]1[C@@H](O)[C@H](O)[C@@H](CO)O[C@@H]1O)C,training,0.0
P(=O)([O-])([O-])CO[C@H](Cn1c2nc(N)nc(N)c2nc1)C,training,0.0
Nc1c(C)ccc(C)c1,training,0.0
O=C1C(O)=C(c2cc(O)c(O)cc2)Oc2c1c(O)cc(O)c2,training,0.0
N=C(N)c1cc2nc(Cc3[nH]c4c(n3)cccc4)[nH]c2cc1,training,0.0
S(=O)(=O)(OCCCCCCCCCCCC)O,training,0.0
O[C@H]1[C@H](O)[C@H]2[C@@H](O)CCN2C[C@@H]1O,training,0.0
O=C([O-])c1cc(OC)c(O)cc1,training,0.0
O=C([C@@H](C/C=C/C)n1nnc([C@@](NC(=O)c2ccccc2)(C(C)C)C)c1)C,training,0.0
O=C1NCCc2[nH]c(-c3cc(-c4cnc5c(c4)cccc5)ncc3)cc12,training,0.0
O=C([O-])[C@H](N)CC(=O)O,training,0.0
O[C@H]([C@@H](N)C)c1ccccc1,training,0.0
O=C(O)c1ccc(-c2c3c([nH]c2)ncc(-c2ccccc2)c3)cc1,training,0.0
Fc1c(C=2N=C(NCc3cnccc3)c3n(ccn3)C=2)cccc1,training,0.0
O=C(OC)[C@@H]([C@H](NC(=O)c1ccc(-c2cc(CN)ccc2)cc1)C)Cc1cc(C(=N)N)ccc1,training,0.0
P(=O)(OP(=O)(O)O)(OC[C@H]1[C@H](O)C[C@H](N2C(=O)NC(=O)C(C)=C2)O1)O,training,0.0
Clc1cc(N2CCN(CCc3n[nH]c(C)c3)CC2)ccc1,training,0.0
P(=O)(OP(=O)(O[C@@H]1[C@@H](NC(=O)C)[C@H](O[C@@H](C(=O)N[C@@H](C(=O)O)C)C)[C@@H](O)[C@H](CO)O1)O)(OC[C@H]1[C@H](O)[C@@H](O)[C@H](N2C(=O)NC(=O)C=C2)O1)O,training,0.0
Clc1cc(-c2c(-c3cc(C(=O)NCc4ccccc4)[nH]c3)n[nH]c2)ccc1,training,0.0
O=C(OCCN(CC)CC)c1ccc(N)cc1,training,0.0
O=C(C)N1[C@H](C(=O)O)CCC1,training,0.0
O=C(N(C)C)c1c(N)ccc(-c2cnc3[nH]cc(-c4n(CC)ncc4)c3c2)c1,training,0.0
O=C1N(C)C(=O)NC(=O)C1(CC)CC,training,0.0
Clc1c(O)cc(O)c(-c2c(N3CCNCC3)c(C(=O)NCC)n[nH]2)c1,training,0.0
S(=O)(=O)(N1[C@@H](C(=O)NO)c2c(cc(O)c(OC)c2)CC1)c1ccc(OC)cc1,training,0.0
O=C(OCC)N[C@@H](C(=O)N1[C@H](C(=O)NNCCCCN)CCC1)Cc1ccccc1,training,0.0
S(CCNC(=O)CCNC(=O)[C@H](O)C(COP(=O)(OP(=O)(OC[C@H]1[C@H](OP(=O)(O)O)[C@@H](O)[C@H](n2c3ncnc(N)c3nc2)O1)O)O)(C)C)Cc1ccc(O)cc1,training,0.0
O=C(N[C@@H](C(=O)O)C)N,training,0.0
O=NN(C(=O)N[C@@H]1[C@@H](O)[C@H](O)[C@@H](CO)O[C@@H]1O)C,training,0.0
O=C1N([C@H]2[C@H](O)[C@H](O)[C@@H](CO)O2)C=2NC(N)=NC(=O)C=2S1,training,0.0
O=C1N([C@H]2[C@H](O)[C@H](O)[C@@H](CO)O2)C=CC=N1,training,0.0
O([C@@H](C)[C@@H]1[C@@]2(C)[C@@H](/C(=C\C=C\3/C(=C)[C@H](O)C[C@@H](O)C/3)/CCC2)CC1)CCCC(O)(CC)CC,training,0.0
S(=O)(=O)(N)c1ccc(C(=O)NC[C@@H](CC)c2cc3c([nH]cc3)cc2)cc1,training,0.0
O=C(OC)CCCCCCCC,training,0.0
Clc1cc(OCCCONC(=N)N)cc(C(=O)N(CC=C)C2CCCC2)c1,training,0.0
O(C)C=1C(=O)C(CCCCCCCCCC)=C(C)C(=O)C=1OC,training,0.0
OCCCCCCCCC,training,0.0
O=C(O)c1c(C(=O)O)c(-c2ccccc2)oc1-c1ccccc1,training,0.0
NC1(c2ccccc2)CCCCC1,training,0.0
P(=O)(OC[C@@H]1[C@H](O)[C@H](O)[C@@H](O)[C@H](O)O1)(O)O,training,0.0
O=C(O)CCCCCCCCC/C=C\CCCCCC,training,0.0
N=C(NC(=N)N)NCCc1ccccc1,training,0.0
Oc1cc(N(CC2=NCCN2)c2ccc(C)cc2)ccc1,training,0.0
O=C1NC(N)=Nc2n([C@H]3[C@H](O)[C@@H](O)[C@H](CO)O3)c[n+](C)c12,training,0.0
O=C(O)CN(C(=N)N)C,training,0.0
S(=O)(=O)(N[C@@H](C(=O)O)CCC(=O)O)c1cc2c(cc(OCc3ccc(C#N)cc3)cc2)cc1,training,0.0
O=C(NCc1ccccc1)[C@@H](NC(=O)[C@H](C[C@@H](O)[C@@H](NC(=O)[C@@H]1NC(=O)[C@H](C(C)C)NC(=O)OCCCCCCNC(=O)C1)CC(C)C)C)C(C)C,training,0.0
O([C@H]1[C@H](O)[C@@H](O)C(O)O[C@@H]1CO)[C@H]1[C@H](O)[C@@H](O)[C@@H](O)[C@@H](CO)O1,training,0.0
Cc1nc(C2=C(c3nc4c(nccc4)cc3)CNN2)ccc1,training,0.0
P(=O)(OP(=O)(OC[C@H]1[C@H](O)C[C@H](N2C(=O)N=C(N)C=C2)O1)O)(OP(=O)(O)O)O,training,0.0
O=C(C)C1Oc2c(OCC(O)CNC(C)C)cccc2C1,training,0.0
O=C(O)C[C@@H](C[C@H](C[C@@H](CCCC[C@H](O)[C@H](C=O)CO)C)C)C,training,0.0
O=C(NCC1N(CC=C)CCC1)c1c(OC)cc2n[nH]nc2c1,training,0.0
O=C(N[C@@H]1[C@@H](O)[C@@H](O[C@H]2[C@H](O)[C@@H](O)[C@@H](O)[C@@H](CO)O2)[C@@H](CO)O[C@H]1O)C,training,0.0
P(=O)(OP(=O)(OC[C@H]1[C@H](O)[C@@H](O)[C@H](N2C(=O)NC(=O)C=C2)O1)O)(OCCCCCCN)O,training,0.0
O=C(O)[C@@H](NC(=O)c1ccc([C@H](C(=O)O)Cc2cc3c(O)nc(N)nc3cc2)cc1)CCC(=O)O,training,0.0
O=C(O)C=1OC[C@@H](O)[C@H](O)C=1,training,0.0
Fc1ccc(C(=O)c2ccncc2)cc1,training,0.0
Fc1c(N2C[C@@H](C)N[C@@H](C)C2)c(F)c2N(C3CC3)C=C(C(=O)O)C(=O)c2c1N,training,0.0
O=C(NC1CC1)c1cc(c(C)cc1)-c1cc2c(nc(NCCN3CCOCC3)nc2)cc1,training,0.0
ClCCC(=O)[C@@H](NC(=O)[C@@H](NC(=O)C)C)Cc1ccccc1,training,0.0
S(CC[C@H](NC=O)C(=O)O)C,training,0.0
OCCN,training,0.0
BrC=1N=C2C(=O)NCC[C@H](C=3C(=O)N=C(N)N=3)[C@@H]2C=1,training,0.0
Clc1ccc(NC(=O)Cn2c(C(=O)NC3CCN(C(C)C)CC3)cc3c2cccc3)cc1,training,0.0
Clc1cc(NC(=O)[C@@H]2CN(C(=O)C2)C2CCCCC2)c(C)cc1,training,0.0
P(=O)(O)(O)CC(=O)O,training,0.0
S=C(N(CC(=O)O)C)c1c2c(c(C(F)(F)F)c(OC)cc2)ccc1,training,0.0
O=C(O)c1cnc(C2(c3c(C)cc4C(C)(C)CCC(C)(C)c4c3)CC2)cc1,training,0.0
O=C(N)c1c(N)c2c(c(C#N)c(N)nc2s1)-c1ccc(OCC)cc1,training,0.0
O=C(O)[C@@H]1[C@@H](O)C[C@]2(O)O[C@H]1C[C@@H](O[C@H]1[C@@H](O)[C@@H](N)[C@H](O)[C@@H](C)O1)/C=C/C=C/C=C/C=C/C[C@@H](C)OC(=O)/C=C/[C@H]1O[C@@H]1C[C@H](O)C2,training,0.0
O[C@H]1[C@H](O)C(O)OC[C@@H]1O,training,0.0
O(C)c1ccc(CN(CCN(C)C)c2ncccc2)cc1,training,0.0
O=C(C(CC(C)N1CCCCC1)(c1ccccc1)c1ccccc1)CC,training,0.0
Clc1c(Cl)cccc1CC[C@H]([C@@H](O)C)n1cc(C(=O)N)nc1,training,0.0
O=C(O)[C@@]1(O)C=C[C@H](O)[C@@H](O)C1,training,0.0
O=C(O)[C@@H](N)C[C@H]1C(=O)C=C(O)/C(=N\[C@H]2[C@H](c3ccccc3)C2)/C1,training,0.0
Ic1cc(F)c(Nc2c(F)c(F)c(Br)cc2C(=O)NOC[C@H](O)CO)cc1,training,0.0
C(Cc1ccncc1)c1c2c([nH]c1)cccc2,training,0.0
O[C@@H]1[C@@H](O)[C@H](O)O[C@H](C)[C@@H]1O,training,0.0
O([C@H](C(=O)Nc1c2C(=O)C(=O)NC(=O)c2ccc1)c1ccccc1)C(=O)C,training,0.0
P(=O)(OCC)(OCC)OCC,training,0.0
O(C)c1c(OC)cc(N(C[C@@H]2CC=3C(N)=N[C@H](N)NC=3CC2)C)cc1OC,training,0.0
Brc1ccc(-c2nn(C)c3c2cc(F)c(OC/C=C/CN(CC=C)C)c3)cc1,training,0.0
OCc1cnccc1,training,0.0
O=C1OCC([C@@H]2[C@@]3(C)[C@H](O)C[C@@H]4[C@]5(C)[C@H](C[C@@H](O)CC5)CC[C@H]4[C@]3(O)CC2)=C1,training,0.0
Clc1c(O)cc(O)c(-c2c(C(=O)Nc3ccc(C(=O)C)cc3)cn[nH]2)c1,training,0.0
O=C(OCC1=C(C(=O)O)N2C(=O)[C@@H](NC(=O)/C(=N\OC)/c3occc3)[C@H]2SC1)N,training,0.0
S(S)CCNC(=O)CCNC(=O)[C@H](O)C(COP(=O)(OP(=O)(OC[C@H]1[C@H](OP(=O)(O)O)[C@@H](O)[C@H](n2c3ncnc(N)c3nc2)O1)O)O)(C)C,training,0.0
SCCOCCOCCOCCOCCOCCOCCO,training,0.0
OC(=Nc1c(C)cccc1C)C(N(CCC)CC)CC,training,0.0
S(=O)(=O)(N)c1ccc(C(=O)NCc2c(F)c(F)c(F)cc2)cc1,training,0.0
O(C)c1cc(OC)cc(CN(C)c2cnc3nc(N)nc(N)c3c2)c1,training,0.0
O=C1NC(Nc2ccccc2)=Nc2n(CCCCO)cnc12,training,0.0
O=C(N(O)CCCCCNC(=O)CCC(=O)N(O)CCCCCN)CCC(=O)NCCCCCN(O)C(=O)C,training,0.0
S(=O)(=O)(OP(=O)(OC[C@H]1[C@H](O)[C@@H](O)[C@H](n2c3ncnc(N)c3nc2)O1)O)O,training,0.0
Clc1cc(Cl)cc(Cl)c1,training,0.0
O=C(N[C@H](C(=O)N)CCCCN=C(N)N)[C@H](NC(=O)[C@H]1N(C(=O)[C@H](NC(=O)C2CCC(CN=C(N)N)CC2)CC2CCCCC2)CC1)Cc1ccc(O)cc1,training,0.0
O=C(N[C@@H](C(=O)N1[C@H](C(=O)N[C@@H](CCCCCN)B(O)O)CCC1)Cc1ccccc1)C,training,0.0
FC(F)(F)c1cc(NC(=O)c2cc(Nc3cc(C(=O)N)cnc3)c(C)cc2)ccc1,training,0.0
O=C(O)[C@H]1[C@@H](OC(=O)c2ccccc2)C[C@H]2N(C)[C@@H]1CC2,training,0.0
O=C(OCC)[C@@H](N[C@H](C(=O)N1[C@H](C(=O)O)C[C@@H]2[C@@H]1CCCC2)C)CCc1ccccc1,training,0.0
SC=1S[C@H](Cc2ccc(C(F)(F)F)cc2)C(=O)N=1,training,0.0
O=C1N2C([C@H]3CNC[C@@H](C2)C3)=CC=C1,training,0.0
S(=O)(=O)(N)c1ccc(NC(=S)NN2CCN(C)CC2)cc1,training,0.0
Clc1c(C)c(Nc2c(C(=O)O)cccn2)ccc1,training,0.0
S(=O)(=O)(NC[C@H]([C@@H](C=O)CC)C(=O)O)c1ccc([N+](=O)[O-])cc1,training,0.0
S(CCOP(=O)(OC[C@@H](NC(=O)C)COCCCCCCCCCCCCCCCCCC)O)C,training,0.0
[SH0](=O)(CC[C@H](N)C(=O)O)C,training,0.0
O=C(O)CCc1c(C)[cH0]=2[n-][cH0]1=CC=1C(CCC(=O)O)=C(C)C(N=1)=Cc1c(C=C)c(C)c([n-]1)C=C1C(C=O)=C(C)C(=N1)C=2,training,0.0
O=[N+]([O-])c1ccc(/C=C/c2ccc(N(CCCCC(=O)O)C)cc2)cc1,training,0.0
Fc1c(C)ccc(-c2nc(C(=O)N3CC(C)(C)CCC3)ccc2)c1,training,0.0
ClCC(=O)[C@@]1(O)[C@@H](C)C[C@@H]2[C@]1(C)C[C@H](O)[C@]1(F)[C@]3(C)C([C@@H](F)C[C@@H]21)=CC(=O)C=C3,training,0.0
Brc1c(OC)c(C(=O)NC[C@H]2N(CC)CCC2)c(OC)cc1,training,0.0
S(=O)(=O)(OC1C(OS(=O)(=O)O)C(OS(=O)(=O)O)C(OS(=O)(=O)O)C(OS(=O)(=O)O)C1OS(=O)(=O)O)O,training,0.0
Fc1ccc(C(N2CCN(C/C=C/c3ccccc3)CC2)c2ccc(F)cc2)cc1,training,0.0
O=C(O)c1cc2c(cc(-c3cc(c(OC)cc3)C34CC5CC(C3)CC(C4)C5)cc2)cc1,training,0.0
P(=O)(Oc1ccccc1)(O)O,training,0.0
O=C1/C(=C\c2ncccc2)/SC(=N)N1,training,0.0
CC1(C)OC2(C)CCC1CC2,training,0.0
O=C(O)CCc1c2c([nH]c1)ccc(OC)c2,training,0.0
O=C(O)[C@@H](O)C[C@H](O)[C@@H](O)CO,training,0.0
O=C(O)/C=C/c1c(O)cc(O)cc1,training,0.0
S(=O)(=O)(O)c1cc2c(cc1)cccc2,training,0.0
O=C1N([C@H]2O[C@H](CO)[C@@H](O)C2)CCC(=O)N1,training,0.0
OC(=N)N,training,0.0
O=C1[C@@H]2Oc3c(O)ccc4c3[C@@]32[C@](O)([C@H](N(CC2CC2)CC3)C4)CC1,training,0.0
P(=O)(OC[C@@H]1OC(=O)N(c2cc(F)c(-c3cnc(-c4nn(C)nn4)cc3)cc2)C1)(O)O,training,0.0
S=C1N(C)C=CN1,training,0.0
SC[C@@H](O)[C@H](O)CS,training,0.0
O=C1NC(N)=Nc2c(CCc3ccccc3)c3nc[nH]c3cc12,training,0.0
O=C(OCc1ccccc1)N[C@H](C(=O)N[C@H]([C@H](O)COC)CC(C)C)CC(C)C,training,0.0
Oc1c2c(-c3nc(N)ncc3)c3n(C(N)=NC=C3)c2ncc1,training,0.0
O=C(OC[C@@H](N)C(=O)[O-])[C@H](NC(=O)c1c(OC)cccc1OC)[C@H]1SC(C)(C)[C@@H](C(=O)[O-])N1,training,0.0
O(C)c1ccc(C2C(=O)c3c(C2=O)cccc3)cc1,training,0.0
O=C1C(c2ccc(O)cc2)(c2ccc(O)cc2)c2c(N1)cccc2,training,0.0
S(C(=N)NC(=N)N)Cc1cc(C(F)(F)F)ccc1,training,0.0
O=C(O)N[C@@H]([C@@H](N)C)CCCCCC(=O)O,training,0.0
O=C(O)c1c(N)cccc1,training,0.0
O(CN1C(Cc2ccccc2)=C(C(C)C)C(=O)NC1=O)Cc1ccccc1,training,0.0
O=C(O[C@H]1[C@@H](O)[C@H](Oc2c(C)c3OC(=O)C(NC(=O)c4cc(CC=C(C)C)c(O)cc4)=C(O)c3cc2)OC(C)(C)[C@@H]1OC)N,training,0.0
O=C([O-])CN1CCN([C@@H]([C@H](O)CO)CO)CCN(CC(=O)[O-])CCN(CC(=O)[O-])CC1,training,0.0
S(=O)(=O)(ON1C(=O)N2[C@H](C(=O)N)CC[C@@H]1C2)O,training,0.0
FC(F)(F)c1cc(Nc2c(C(=O)OC3OC(=O)c4c3cccc4)cccn2)ccc1,training,0.0
[Cu+](O)(O)(n1cncc1)(n1cncc1)(n1cncc1)n1cncc1,training,0.0
P(=O)(OCCc1c(C)ncs1)(O)O,training,0.0
FC(F)(F)c1ccc(NC=2n3ncnc3N=C(C)C=2)cc1,training,0.0
O=C1[C@@H](C)[C@@]2(O)[C@@H](O1)C[C@]13[C@@H]4OC(=O)[C@]21O[C@@H]1OC(=O)[C@H](O)[C@]31[C@H](C(C)(C)C)C4,training,0.0
S(=O)(=O)(N1[C@H](C(=O)NO)C(C)(C)SCCC1)c1ccc(OC)cc1,training,0.0
O=C(NC)CN1CCC(Nc2nc(-c3n4c(nc3)C=CC=C4)ccn2)CC1,training,0.0
O=C1C(CC)(CC)C(=O)NC(=O)N1,training,0.0
F[C@@H]1[C@@H](O)[C@H](O[C@H]2[C@H](O)[C@@H](O)[C@H](O[C@H]3[C@H](O)[C@@H](O)[C@H](O)[C@@H](CO)O3)[C@@H](CO)O2)[C@@H](CO)O[C@H]1[O-],training,0.0
O=C(O)/C=C/c1cc(O)c(O)cc1,training,0.0
O=C(O)CCCCCCCCCCCCCCCCCCCCCC,training,0.0
O=C(N[C@@H](C(=O)NC)C(C)C)[C@@H](OCc1ccc(-c2cscc2)cc1)[C@H](O)[C@@H](O)[C@H](OCc1ccc(-c2cscc2)cc1)C(=O)N[C@@H](C(=O)NC)C(C)C,training,0.0
O=C(O)c1nc2[C@@H](O)CC=Cc2c([C@@H](O)C)c1,training,0.0
Fc1c(F)cc(F)c2sc(Cc3c4c(n(CC(=O)O)c3)nccc4)nc12,training,0.0
O=C(OC)CC1=C(C(=O)O)N[C@@H]([C@H](NC(=O)Cc2sccc2)C=O)SC1,training,0.0
S(=O)(=O)(NC[C@@H](O)[C@@H](N)Cc1ccccc1)c1c(C)c(C)c(OC)cc1C,training,0.0
P(=O)(OCC[N+](C)(C)C)(OCCCCCCCCCCCCCCCC)[O-],training,0.0
OCC1(O)[C@@H]2C(O)C34[C@H](O)C([O-])(O2)OC1C3C(O)[N+]=C(N)N4,training,0.0
O[C@@H]1[C@]2(C)[C@H]([C@H]3[C@@H]([C@]4(C)[C@H](C[C@H](O)CC4)CC3)CC2)CC1,training,0.0
P(=O)(O[C@@H](C(=O)N[C@@H](C(=O)O)CCC(=O)N[C@H](C(=O)O)CCC(=O)O)C)(OC[C@H](O)[C@@H](O)[C@H](O)CN1c2c(ccc(O)c2)C=C2C(=O)NC(=O)N=C12)O,training,0.0
O=C(OCC)N[C@H](C(=O)O)CC(C)C,training,0.0
S(=O)(=O)(OC[C@H](N)C(=O)O)Cc1ccccc1,training,0.0
O=C(O)c1ccc(-c2n[nH]c3-c4c(cc(CNC5CCC(C)CC5)cc4)Cc23)cc1,training,0.0
P(=O)(OC[C@@H](OC(=O)CCCCCCCCCCCCCCC)COC(=O)CCCCCCCCCCCCCCC)(OCCN)O,training,0.0
Ic1c2c(N)ncnc2n([C@H]2[C@H](O)[C@H](O)[C@@H](CO)O2)c1,training,0.0
O=C(O)CCCCCC[C@@H]1[C@@H](C=C[C@@H](O)CCCCC)[C@H](O)CC1=O,training,0.0
S(C[C@H](N)C(=O)O)C,training,0.0
O=[N+]([O-])c1cc2nc(Cc3ccc(OCC)cc3)n(CCN(CC)CC)c2cc1,training,0.0
S(=O)(=O)(N)c1c(Oc2ccccc2)c(N2CCCC2)cc(C(=O)O)c1,training,0.0
FC(F)(F)c1ccc(O[C@H](CCNC)c2ccccc2)cc1,training,0.0
O=C(CCc1cc2c(cc(OC)cc2)cc1)C,training,0.0
Clc1c(OC(C(=O)NC2[C@H]3CC4(S(=O)(=O)C)C[C@@H]2CC(C4)C3)(C)C)ccc(F)c1,training,0.0
P(=O)(Oc1ccccc1)(O)[C@@H](NC(=O)CCC(=O)O)CCCC,training,0.0
Brc1cc(c(O)cc1)C=1NC(=O)C(C#N)=C(c2ccccc2)C=1,training,0.0
O=C(OCCOCCOCCOCCOCCOCCOCCOCCOCCOC)c1ccc(NCCCC)cc1,training,0.0
Ic1sc(C(=O)c2ccc([C@@H](C(=O)O)C)cc2)cc1,training,0.0
P(=O)(OC[C@H](OC(=O)C)COCCCCCCCCCCCCCCCC)(OCC[N+](C)(C)C)[O-],training,0.0
O(C)c1c(CN(C)c2cnc3nc(N)nc(N)c3c2)cc(OC)cc1,training,0.0
O=C1N(CC)C(=O)CC1,training,0.0
Clc1ccc(C2CCC(C3=C(O)C(=O)c4c(C3=O)cccc4)CC2)cc1,training,0.0
O(C)c1c(O)cc([C@H]2Oc3c(c(O)cc(O)c3)C(=O)C2)cc1,training,0.0
Fc1ccc(N(C(=O)CC)C2CCN(CCc3ccccc3)CC2)cc1,training,0.0
Oc1ccc([C@@H]2OC(C)(C)[C@@H]3C[C@H]2C(C)=CC3)cc1,training,0.0
O=C(O[C@H]1[C@]2(C)[C@@H](O)[C@H](/C=C/C=C/C=C/C3=C(C)C(OC)=CC(=O)O3)O[C@@]1(C)[C@@H](CC)O2)C,training,0.0
O=[N+]([O-])c1c(O)c([C@H](CCCCC)C)cc([N+](=O)[O-])c1,training,0.0
P(=O)(Oc1ccc(C[C@H](N)C(=O)O)cc1)(O)O,training,0.0
O=C(CNC1CCCC1)N1[C@H](C(=O)NCc2ccc(C(=N)N)cc2)CCC1,training,0.0
Sc1sc(NC(=O)N[C@H](C(=O)NC)Cc2c(F)c(F)c(F)c(F)c2F)nn1,training,0.0
[Se](CC[C@H](N)C(=O)O)C[C@H]1[C@H](O)[C@@H](O)[C@H](n2c3ncnc(N)c3nc2)O1,training,0.0
P(=O)(OC[C@@H]1[C@@H](O)[C@@H](O)[C@H](n2c3ncnc(N[C@H](C(=O)O)CC(=O)O)c3nc2)O1)(O)O,training,0.0
S(/C(=N/c1ccccc1)/N)CC,training,0.0
S=P1(O)O[C@H]2[C@@H](CO)O[C@H](n3c4N=C(N)NC(=O)c4nc3)[C@H]2O1,training,0.0
O=C1[C@](O)(CC)C2=C(C(=O)N3C(c4nc5c(cc4C3)cccc5)=C2)CO1,training,0.0
O=C1N=CNc2n([C@H]3[C@H](O)[C@H](O)[C@@H](CO)O3)cnc12,training,0.0
Brc1c(O)nc(N)nc1-c1ccccc1,training,0.0
ClC[C@H](O)[C@@H](N)Cc1ccccc1,training,0.0
O=C(O)[O-],training,0.0
OCCCCCCO,training,0.0
O=C(CO)[C@]12[C@]3(C)[C@H]([C@H]4[C@H]([C@@H](O)C3)[C@]3(C)C(=CC(=O)C=C3)CC4)C[C@H]1OC(C)(C)O2,training,0.0
O=C(O)[C@@H]1CN(c2ccc(C(=O)C)cc2)C(=O)C1,training,0.0
O=C(N[C@H](C(=O)NCCCCNC(=[N+])N)CC(C)C)[C@@H](O)CC(=O)O,training,0.0
[N+](C)(C)=C1C=CC(=C(c2ccc(N(C)C)cc2)c2ccccc2)C=C1,training,0.0
O(C)[C@@H]1[C@@H](O)[C@H](O)[C@H](O)[C@H](C)O1,training,0.0
S(=O)(=O)(O[C@@H]1CC=2[C@@](C)([C@@H]3[C@H]([C@H]4[C@@](C)(C(=O)CC4)CC3)CC=2)CC1)O,training,0.0
P(=O)(OP(=O)(OC[C@@H]1[C@H](O)[C@@H](O)[C@H](n2c3N=CN([C@H]4[C@H](O)[C@H](O)[C@@H](COP(=O)([O-])[O-])O4)C(=N)c3nc2)O1)[O-])(OP(=O)([O-])[O-])[O-],training,0.0
P(=O)(N([C@@H](C(=O)NO)CC(C)C)Cc1ccccc1)(C)c1ccccc1,training,0.0
Fc1cc2c(c3nc(C(C)(C)C)[nH]c3c3c2C(=O)NC=C3)cc1,training,0.0
Fc1c(C(=O)C2=Cn3c(C(=O)c4ccccc4)c(N)nc3C=C2)c(F)ccc1,training,0.0
FC(F)(F)c1cc(N2CCN(CCOC(=O)c3c(Nc4c5c(ncc4)cc(C(F)(F)F)cc5)cccc3)CC2)ccc1,training,0.0
Cl[C@@H]1SC2=NC(C(=O)N[C@@H]3C(=O)N(CC(=O)N)c4c(cccc4)C3)=CC2=C1,training,0.0
O=C(OC(C)(C)C)Nc1c(C(=O)Nc2sccn2)nccc1,training,0.0
O=C(O)c1nc(-c2nc(-c3cc(OCC)c(OCC)cc3)sc2)ccc1,training,0.0
Clc1nc(N)cnc1,training,0.0
O=C(OC)Nc1[nH]c2c(n1)ccc(OCCC)c2,training,0.0
Oc1c(C)cc(-c2oc3c(n2)cccc3)cc1C,training,0.0
O=C(N1CCC(C(=O)OC)CC1)c1ccc(NCc2nc3c(N)nc(N)nc3nc2)cc1,training,0.0
S=C1OC(c2cc3n(-c4ccc(OC)cc4)cnc3cc2)=NN1,training,0.0
O[C@@H](CC)C,training,0.0
P(=O)(OC[C@@H](O)[C@H](O)[C@@H](O)NO)(O)O,training,0.0
P(=O)(OCc1c(CNCCCC[C@@H](N)C(=O)O)c(O)c(C)nc1)(O)O,training,0.0
O=C(O[C@@H]1[C@@H]2[C@@H](CC[C@H]3OC(=O)C[C@H](O)C3)[C@@H](C)C=CC2=CCC1)[C@H](CC)C,training,0.0
P(=O)(OC[C@H]1[C@H](O)[C@@H](O)[C@H]([n+]2cc(C(=O)N)ccc2)O1)(O)O,training,0.0
FC(F)(F)c1c(/N=N/C=2C(=N)N=NC=2N)cccc1,training,0.0
CC1(C)C2(C)CCC1CC2,training,0.0
O=C(OC)/C=C/CCCC[C@@H]1[C@@H](/C=C/[C@@H](O)C(CCCC)(C)C)[C@H](O)CC1=O,training,0.0
S([C@H]1[C@H](O)[C@@H](O)[C@H](O)[C@@H](CO)O1)c1ccc([N+](=O)[O-])cc1,training,0.0
O=C1C(CC)(C(=O)NC(=O)N1)C1=CCCCCC1,training,0.0
OCCN(C)c1ncnc2oc(c(-c3ccccc3)c12)-c1ccccc1,training,0.0
Clc1sc(-c2[nH]nc(S(=O)(=O)N[C@@H]3C(=O)N([C@H](C(=O)N4CCOCC4)C)CC3)n2)cc1,training,0.0
Clc1c(OOO)c(Cl)cc(Nc2c(C(=O)O)cccc2)c1,training,0.0
Fc1c(Cn2c3nc(OCCCC)nc(NCCN4CCOCC4)c3nc2)c(F)ccc1,training,0.0
Clc1c(C(=O)NC(=O)Nc2c(N3CCC(C(=O)O)CC3)ccc(F)c2)cc(F)c(F)c1,training,0.0
P(=O)(OCC)(OCC)Oc1ccc(OC)cc1,training,0.0
O=C(C)[C@@H]1[C@]2(C)[C@H]([C@H]3[C@H]([C@@H](O)C2)[C@]2(C)C([C@@H](C)C3)=CC(=O)CC2)CC1,training,0.0
S(=O)(=O)(n1c2c(ncc(C(=O)N)c2)cc1)c1c([N+](=O)[O-])cccc1,training,0.0
O=C(O)[C@@H](N)CCC[C@H](N)C(=O)O,training,0.0
P(=O)(OC[C@H]1[C@H](O)[C@@H](O)[C@H](n2c3c(N)ncnc3nc2)O1)(O)O,training,0.0
O[C@@H](CNC)c1cc(O)c(O)cc1,training,0.0
S(=O)(=O)(O)CCCN1CCOCC1,training,0.0
S[C@H]1[C@H](O)[C@@H](O)[C@H](O)[C@@H](CO)O1,training,0.0
[SH](=O)(=O)c1c2NC[C@H](C)Cc2ccc1,training,0.0
O=C(O)CCCC(=O)Nc1ccc(CC[N+]2([O-])CCCCC2)cc1,training,0.0
O=[N+]([O-])c1sc(NC(=O)c2c(OC(=O)C)cccc2)nc1,training,0.0
O([C@H]1[C@H](O)[C@@H](O)[C@H](O)O[C@@H]1CO)[C@@H]1[C@H](O)[C@@H](O)[C@H](O[C@@H]2[C@H](O)[C@@H](O)[C@H](N[C@@H]3[C@H](O)[C@@H](O)[C@@H](O)C(CO)=C3)[C@@H](C)O2)[C@@H](CO)O1,training,0.0
O([C@@H](C[N+](C)(C)C)CC(=O)O)C(=O)C,training,0.0
Brc1c(N)c(CN(C)C2CCCCC2)cc(Br)c1,training,0.0
O(C)[C@H]1[C@@H](OC)[C@H](O[C@H]2C[C@H]3[C@H]4[C@H]([C@H]5C(C(=O)[C@H](C)[C@@H](O[C@@H]6O[C@H](C)[C@@H](N(C)C)CC6)CCC[C@H](CC)OC(=O)C5)=C4)C=C[C@@H]3C2)C[C@@H](C)[C@@H]1OC,training,0.0
O=C(CNC12CC3(O)CC(C1)CC(C3)C2)N1[C@H](C#N)CCC1,training,0.0
O(C[C@@H](N)Cc1c2c([nH]c1)cccc2)c1cc(-c2cc3c(C)n[nH]c3cc2)cnc1,training,0.0
Ic1ccc(CP(=O)(O)C[C@H](C(=O)O)CCC(=O)O)cc1,training,0.0
Clc1cc(NC(=O)c2cc(C)c(OCCN)c(C)c2)cc(N2CCCCC2)c1,training,0.0
S(CC[C@H](NC(=O)C)C(=O)O)C,training,0.0
Nc1nc(N)c2c(n1)ccc1n(C(CC)CC)ccc21,training,0.0
O=C(O)c1c(c(-c2c(O)cc(O)c(CC)c2)n[nH]1)-c1cc2OCOc2cc1,training,0.0
O=C(O)C[C@@H](NC(=O)c1scc(-c2ccc(-c3ccncc3)cc2)c1)c1ccccc1,training,0.0
O=C(N/C=C\N1C(=O)CCC1=O)C=1C(=O)Oc2c(ccc(N(CC)CC)c2)C=1,training,0.0
N(CCc1c2c([nH]c1)ccc(Cn1ncnc1)c2)(C)C,training,0.0
S/C(=N/CCC[C@H](N)C(=O)O)/N,training,0.0
S(=O)(=O)(Oc1cc2c([C@@H]3[C@H]([C@H]4[C@@](C)(C(=O)N(Cc5cnccc5)C(=O)C4)CC3)CC2)cc1)N,training,0.0
O=C(CC)c1cc2N(CCN3CCN(CCO)CC3)c3c(Sc2cc1)cccc3,training,0.0
[PH](=O)(O)CC(=O)[C@@H]([C@@H](O)[C@H](C[C@H](CO)C)C)C,training,0.0
ClC(OC(F)F)C(F)(F)F,training,0.0
P(=O)(OC[C@@H](OC(=O)CCCCCCCCCCCCCCC)COC(=O)CCCCCCCCCCCCCCC)(OC[C@@H](O)CO)O,training,0.0
Clc1c(Cl)c(C(=O)C(=C)CC)ccc1OCC(=O)O,training,0.0
O=C(OC[C@@H](C)C1=C2[C@H](O[C@@H]3[C@@H](O)[C@H](OC(=O)C)[C@@H](O)[C@H](COC(C=C)(C)C)O3)[C@@H](O)[C@H](C)[C@@H]3C([C@H](COC)CC3)=C[C@@]2(C)[C@H](O)C1)C,training,0.0
S(P(=O)(O)O)C[C@H](N)C(=O)O,training,0.0
O=C(N[C@@H]1C(=O)N2[C@@H](C(=O)O)C(C)(C)S[C@H]12)[C@H](N)c1ccc(O)cc1,training,0.0
OC[C@@]1(O)[C@@H](O)[C@H](O)[C@@H](O)CO1,training,0.0
Clc1c(Oc2nc(Nc3ccc(C#N)cc3)nc(N)n2)c(Cl)ccc1,training,0.0
O=C(Nc1c(CCC2N(C)CCCC2)cccc1)c1ccc(OC)cc1,training,0.0
O([C@H](O)C[C@H](N)C(=O)O)[C@H]([C@@H](N)C(=O)O)C,training,0.0
O=C1[C@@H](O)[C@@H](O)[C@H](O)[C@@H](CO)O1,training,0.0
O=C(N[C@@H]1C(=O)N2C(C(=O)O)=C(C)CS[C@H]12)[C@H](N)c1ccc(O)cc1,training,0.0
O=C(O)[C@H](NC)CC(C)C,training,0.0
O(CCCNC[C@@H]1Oc2c(OC1)cccc2)c1cc2OCOc2cc1,training,0.0
NC(CC)Cc1c2c([nH]c1)cccc2,training,0.0
Clc1c(S(=O)(=O)N)cc2C(=O)N(c3c(C)cccc3)C(C)Nc2c1,training,0.0
O=C(OCC(=O)O)NC12[C@@H]3C(=O)N(c4ccc(NC(=O)C)cc4)C(=O)[C@@H]3C(CC1)CC2,training,0.0
O=C(O)CN(C(N)N)C,training,0.0
O=C(O[C@H]1[C@H](NC(=O)c2ccc(O)cc2)CNCCC1)c1ccc(O)cc1,training,0.0
OC[C@@H]1[C@@H](O)[C@H](O)CNO1,training,0.0
Cl[C@H]1N(CC(=O)NCc2c3c(sc2)ccc(Cl)c3)[C@@H](O)C(NCCc2ncccc2)=NC1,training,0.0
Oc1c2O[C@@H]3[C@]45[C@H]([C@H](N(C)CC4)Cc(c25)cc1)CCC3,training,0.0
O=C1N[C@H](C)CNc2c3c(sc12)ccc1nc(-c2cnc(C)cc2)ccc31,training,0.0
OC(C)(C)C,training,0.0
Clc1ccc(C[C@@H](NC(=O)C)[B-](O)(O)O)cc1,training,0.0
Fc1cc(CN2C(=O)/C(=N/O)/c3c2ccc(F)c3)c2OCOCc2c1,training,0.0
O=C(O)c1nc2c(cc1)cccc2,training,0.0
O=[N+]([O-])c1c(N)cc(OCC)c(C(=O)NC2CCN(CC3CC=CCC3)CC2)c1,training,0.0
O=C(N([C@H]1[C@@H](CC=C)CN(CCc2ccccc2)CC1)c1ccccc1)CC,training,0.0
OC[C@H]1OB(c2ccc(CNC(=N)N)cc2)OC1,training,0.0
P(=O)(OP(=O)(OC[C@H]1[C@H](O)[C@@H](O)[C@H](n2c3N=C(N)NC(=O)c3[n+](C)c2)O1)O)(OP(=O)(O)O)O,training,0.0
ClCC(C(=O)Nc1ccc(C(F)(F)F)cc1)(C)C,training,0.0
O=C(O)CCCC(=O)O,training,0.0
S(SC)C[C@@H](N)C(=O)O,training,0.0
Nc1n[nH]c2c1cc(-c1ccccc1)cc2,training,0.0
O=C(O)[C@@H](CC)C,training,0.0
O=C(O)[C@@H]1[C@H](O)[C@H](O)[C@@H](O)[C@H](O)O1,training,0.0
O(C)c1c(OC)cc2c(c1)C1N(CC(CC(C)C)C(=O)C1)CC2,training,0.0
FC(F)(F)c1cc(CC(NCC)C)ccc1,training,0.0
O=C(O)[C@@H]1[C@@H](C)C[C@@H](N)N1,training,0.0
FC(F)(F)c1n2c(nn1)CN([C@@H]1C[C@H](N)[C@@H](c3c(F)cc(F)c(F)c3)CC1)CC2,training,0.0
O=C(O)C(=O)Nc1c(C(=O)O)c2c([C@H](COC3=NS(=O)(=O)c4c3cccc4)OCC2)s1,training,0.0
S=C(S)N(CC)CC,training,0.0
O=C(O)[C@@H](NC(=O)c1ccc(NCc2nc3c(N)nc(N)nc3nc2)cc1)CCC(=O)O,training,0.0
Cl[C@@H](CCl)C,training,0.0
O=C1N(C)C(=O)c2nc[nH]c2N1CC(C)C,training,0.0
O=C(OCCN(CC)CC)C1(C2CCCCC2)CCCCC1,training,0.0
O=C(O)C(C)c1cc(Oc2ccccc2)ccc1,training,0.0
S(=O)(=O)(N)c1ccc(C(=O)NCc2c(F)cc(F)cc2)cc1,training,0.0
OC[C@H]1[C@H](O)[C@@H](O)[C@H](O)c2n1nnn2,training,0.0
I[C@@H]1NN([C@H]2[C@H](O)[C@@H](O)[C@H](CO)O2)c2ncnc(N)c12,training,0.0
O=C1c2c(O)cc(O)cc2OC(c2cc(O)c(O)c(O)c2)=C1,training,0.0
FC(F)(F)c1noc2c(CCC)c(OCCCOc3cc4c(n(CC(=O)O)cc4)cc3)ccc12,training,0.0
O=C(O[C@@]12[C@H](O)[C@@H](C)[C@]3(O)[C@H]4[C@@](O)(C(=O)C(C)=C4)CC(CO)=C[C@H]3[C@@H]1C2(C)C)C,training,0.0
OCC=1[C@@H](O)[C@H](O)[C@H](O)[C@H](N[C@@H]2[C@@H](O)[C@H](O)[C@@H](O)O[C@H]2C)C=1,training,0.0
O=C(N[C@H]([C@@H](O)C[C@@H](NC(=O)c1ccc(N)cc1)CC(C)C)Cc1ccccc1)COc1c(C)cccc1C,training,0.0
O(C)c1c(/C=C\c2c(C)c3c(N)nc(N)nc3nc2)cc(OC)cc1,training,0.0
O=C(O)[C@H](NC(=O)c1ccc(NC[C@H]2N(C)C=3C(=O)NC(N)=NC=3NC2)cc1)CCC(=O)O,training,0.0
O=C1NC(N)=Nc2ncc(CO)nc12,training,0.0
S(=O)(=O)(O[C@@H]1[C@H](OS(=O)(=O)O)[C@@H](O)O[C@@H](CO)[C@@H]1O)O,training,0.0
O=C(O)[C@@H](N)Cc1ccc(O)cc1,training,0.0
N(CCn1nnc(CCCCCC[n+]2c(-c3ccccc3)c3c(c4c2cc(N)cc4)ccc(N)c3)c1)c1c2c(nc3c1CCCC3)cccc2,training,0.0
Clc1ccc(NC(=S)OCCN2C(=O)c3c(C2=O)cccc3)cc1,training,0.0
O=C(N(C)C1CCCCC1)CCN1C(N)=Nc2c(cc(C(=O)c3ccccc3)cc2)C1,training,0.0
S=C(N[C@H](C(=O)N[C@H]1C[C@@H](O)OC1)CC(C)C)Nc1ccccc1,training,0.0
O=C(O)[C@H]1NCCC1,training,0.0
OC(C#CC#C[C@@H]1[C@]2(C)[C@H](/C(=C/C=C/3\C(=C)[C@@H](O)C[C@H](O)C\3)/CCC2)CC1)(C)C,training,0.0
O=C1[C@H](O)[C@@H](n2c3ncnc(N)c3nc2)O[C@H]1CO,training,0.0
Ic1c(NC(=O)CCC)c(I)cc(I)c1/C=C(/C(=O)O)\CC,training,0.0
P(=O)(OC[C@H](O)COCCCCCCCCCCCCCCCCCC)(OCC[N+](C)(C)C)O,training,0.0
Fc1cc2c(B(O)OC2)cc1,training,0.0
OC/C=C(\CC/C=C(\CCC=C(C)C)/C)/C,training,0.0
O=C(O[C@H]1C=2[C@@]3(C)[C@@H](COC)OC(=O)c4c3c(C(=O)C=2[C@H]2[C@@](C)(C(=O)CC2)C1)oc4)C,training,0.0
P(=O)(O)(O)C(=O)Nc1ccc(CC)cc1,training,0.0
P(=O)(OP(=O)(O[C@H]1[C@H](COP(=O)(O)O)O[C@@H](N2C(=O)NC(=O)C=C2)C1)O)(OC[C@H]1[C@H](OP(=O)(O)O)[C@@H](O)[C@H](n2c3ncnc(N)c3nc2)O1)O,training,0.0
[SH0](=O)(O)c1ccccc1,training,0.0
[Hg](SC[C@@H](N)C(=O)O)C,training,0.0
O=C1NCC(=O)N2[C@H]1CCC2,training,0.0
P(=O)(OP(=O)(O[C@@H]1[C@@H](O)[C@H](O)[C@@H](O)[C@H](CO)O1)O)(OC[C@H]1[C@H](O)[C@@H](O)[C@H](n2c3ncnc(N)c3nc2)O1)O,training,0.0
O[C@H]1C[C@H]2[C@@](C)([C@@H]3[C@H]([C@H]4[C@@](C)(C=CC4)CC3)CC2)CC1,training,0.0
Brc1c(Cl)cc2C(=O)N(CC(=O)CC3[C@H](O)CCCN3)C=Nc2c1,training,0.0
P(=O)(OC[C@@H](O)[C@H](O)[C@@H](O)CCO)(O)O,training,0.0
O=C(O)CCc1c(C)[cH0]=2[nH][cH0]1=CC=1C(CCC(=O)O)=C(C)C(N=1)=Cc1n(C)c(c(CC)c1C)C=C1C(C)=C(CC)C(=N1)C=2,training,0.0
Oc1c(CC)cc(-c2c(-c3nc[nH]c3)c[nH]n2)c(O)c1,training,0.0
O=C(NCC1CCN(CCCC)CC1)c1c2c(n3c1OCCC3)cccc2,training,0.0
O=C(OC)[C@H]1[C@@H](O)C[C@H]2N(C)[C@@H]1CC2,training,0.0
S(=O)(=O)(N[C@@H](C(=O)NO)C1CCOCC1)c1cc(C)c(F)cc1,training,0.0
O=C(O)[C@@H]1[C@@H](C)C[C@@H](N(O)C)N1,training,0.0
O=C(CO)[C@@]1(O)C[C@H](O[C@@H]2O[C@@H](C)[C@@H](O[C@H]3OCCCC3)[C@@H](N)C2)c2c(O)c3C(=O)c4c(OC)cccc4C(=O)c3c(O)c2C1,training,0.0
Clc1ccc(C2=C(O)/C(=C/c3c4c(ccc3)cccc4)/OC2=O)cc1,training,0.0
S(C[C@H](NC(=O)N[C@H](C(=O)O)CCC(=O)O)C(=O)O)Cc1ccc(F)cc1,training,0.0
[SH0](=O)(O)C[C@H](NC(=O)CC[C@H](N)C(=O)O)C(=O)NCC(=O)O,training,0.0
S(=O)(=O)(NCCCn1c2c(c3C(=O)CN4[C@H](c13)CCCC4)cccc2)C(C)C,training,0.0
O=C(N(CC)CC)N1CCN(C)CC1,training,0.0
O=C(N)c1c(O)c(O)ccc1,training,0.0
N(Cc1oc(-c2cnccc2)cc1)(C)C,training,0.0
O=C(O)C=1[C@@H](N)[C@H](O)C=CC=1,training,0.0
S(=O)(=O)([O-])c1c(/N=N/c2c(C)cc(-c3cc(C)c(/N=N/c4c(O)c5c(N)cc(S(=O)(=O)[O-])cc5cc4S(=O)(=O)[O-])cc3)cc2)c(O)c2c(N)cc(S(=O)(=O)[O-])cc2c1,training,0.0
ClCCN(CCCl)CCC[C@@H](/N=C\1/c2c(Nc3c/1ccc(Cl)c3)ccc(OC)c2)C,training,0.0
Clc1c(-c2oc(C(=O)NN)cc2)cccc1,training,0.0
S(=O)(=O)(Nc1cc(Oc2ccc(F)cc2)ccc1)N1CCC(NCc2c(O)cccc2)CC1,training,0.0
P(=O)(OC[C@H]1[C@H](O)[C@@H](O)[C@H](N2C(=O)NC(=O)C(C)=C2)O1)(O)O,training,0.0
O=C(O)[C@@H](N)CCCC[B-](O)(O)O,training,0.0
Fc1cc(C[C@](O)([C@H]2OCCNC2)C2CCOCC2)c(OC)cc1,training,0.0
S(c1ccccc1)C=1C(=O)NC(=O)N(COCCO)C=1,training,0.0
FC(F)=C[C@H]1CN([C@H](C(=O)N)CC)C(=O)C1,training,0.0
O=[N+]([O-])c1c(CO)cc2c(NC(CNC(C)C)CC2)c1,training,0.0
S(=O)(=O)(NC(=O)NC1CCCCC1)c1ccc(CCN2C(=O)C(C)(C)c3c(C2=O)cc(OC)cc3)cc1,training,0.0
C(=C)(C)[C@H]1C[C@H]2[C@](C)(O2)CC1,training,0.0
F[C@]12[C@@H](O)C[C@]3(C)[C@@](O)(C(=O)CO)[C@H](C)C[C@H]3[C@@H]1CCC=1[C@]2(C)C=CC(=O)C=1,training,1.0
O=C1N(C)C(=O)NC1(CC)c1ccccc1,training,1.0
O[C@@H]1C/C(=C/C=C\2/[C@H]3[C@@](C)([C@@H]([C@@H](/C=C/[C@@H](C(C)C)C)C)CC3)CCC/2)/C(=C)CC1,training,1.0
ClCCN(CCCl)P1(=O)OCCCN1,training,1.0
O=C(CO)[C@]1(O)[C@]2(C)[C@H]([C@H]3[C@H]([C@@H](O)C2)[C@]2(C)C(=CC(=O)CC2)CC3)CC1,training,1.0
O=C(CO)[C@]1(O)[C@]2(C)[C@H]([C@H]3[C@H]([C@@H](O)C2)[C@]2(C)C(=CC(=O)C=C2)CC3)CC1,training,1.0
O[C@@H]1[C@]2(C)[C@H]([C@H]3[C@@H](c4c(cc(O)cc4)CC3)CC2)CC1,training,1.0
O=C(OC)[C@H]1[C@@H](OC(=O)c2ccccc2)C[C@H]2N(C)[C@@H]1CC2,training,1.0
N(CCCN1c2c(cccc2)CCc2c1cccc2)(C)C,training,1.0
Clc1cc2N(CCCN(C)C)c3c(Sc2cc1)cccc3,training,1.0
NCCc1[nH]cnc1,training,1.0
N(N)CCc1ccccc1,training,1.0
O(C)c1c(OC)ccc(C(C#N)(C(C)C)CCCN(CCc2cc(OC)c(OC)cc2)C)c1,training,1.0
O=C1[C@]2(C)[C@H]([C@H]3[C@@H](c4c(cc(O)cc4)CC3)CC2)CC1,training,1.0
O=C1[C@]2(C)[C@H]([C@H]3[C@@H]([C@]4(C)C(=CC3)C[C@@H](O)CC4)CC2)CC1,training,1.0
Clc1cc2nccc(NC(CCCN(CC)CC)C)c2cc1,training,1.0
CN1[C@H](c2cnccc2)CCC1,training,1.0
S(=O)(=O)(OCCCCOS(=O)(=O)C)C,training,1.0
O=C1N(C)C(=O)NC(=O)C1(C)C1=CCCCC1,training,1.0
O(C)c1cc2c([C@H](O)[C@@H]3N4C[C@H](C=C)[C@H](C3)CC4)ccnc2cc1,training,1.0
O=C(O[C@H]1[C@](O)(C(=O)OC)[C@@H]2N(C=O)c3c(cc(c(OC)c3)[C@]3(C(=O)OC)c4[nH]c5c(c4CCN4C[C@](O)(CC)C[C@H](C3)C4)cccc5)[C@@]32[C@@H]2[C@@]1(CC)C=CCN2CC3)C,training,1.0
O[C@@H]1[C@@H]2Oc3c(O)ccc4c3[C@@]32[C@H]([C@H](N(C)CC3)C4)C=C1,training,1.0
O=C1C(c2ccccc2)(c2ccccc2)NC(=O)N1,training,1.0
Oc1cc2c([C@@H]3[C@H]([C@H]4[C@@](C)([C@](O)(C#C)CC4)CC3)CC2)cc1,training,1.0
O=C(C)[C@@H]1[C@]2(C)[C@H]([C@H]3[C@@H]([C@]4(C)C(=CC(=O)CC4)CC3)CC2)CC1,training,1.0
[SH0](=O)(CCC1C(=O)N(N(c2ccccc2)C1=O)c1ccccc1)c1ccccc1,training,1.0
O=C1N(C)C(=O)c2n(C)cnc2N1C,training,1.0
O=C1N(N(C)C(C)=C1N(C)C)c1ccccc1,training,1.0
O=C1C=C2[C@@](C)([C@@H]3[C@H]([C@H]4[C@@](C)([C@](O)(C)CC4)CC3)CC2)CC1,training,1.0
Clc1cc2N(CCCN3CCN(C)CC3)c3c(Sc2cc1)cccc3,training,1.0
Clc1cc2N(CCCN3CCN(CCO)CC3)c3c(Sc2cc1)cccc3,training,1.0
N(CCCN1c2c(Sc3c1cccc3)cccc2)(C)C,training,1.0
O=C1N(C)C(=O)c2[nH]cnc2N1C,training,1.0
O=C(O[C@@H]1C2CCN(C1)CC2)N1[C@@H](c2ccccc2)c2c(cccc2)CC1,training,1.0
ClCCN(C(COc1ccccc1)C)Cc1ccccc1,training,1.0
O=C(Nc1ccc(OCC)cc1)C,training,1.0
OCC,training,1.0
O=C(NC1C=2C(c3c(OC)c(OC)c(OC)cc3CC1)=CC=C(OC)C(=O)C=2)C,training,1.0
O=C1C=C2[C@@H]([C@@H]3[C@H]([C@H]4[C@@](C)([C@](O)(C#C)CC4)CC3)CC2)CC1,training,1.0
S(=O)(=O)(Nc1ncccn1)c1ccc(N)cc1,training,1.0
O([C@@H]1[C@@H](C)O[C@@H](O[C@@H]2C[C@@H]3[C@@](C)([C@@H]4[C@H]([C@]5(O)[C@@](C)([C@@H](C6=CC(=O)OC6)CC5)CC4)CC3)CC2)C[C@@H]1O)[C@@H]1O[C@H](C)[C@@H](O[C@@H]2O[C@H](C)[C@@H](O)[C@@H](O)C2)[C@@H](O)C1,training,1.0
O=C1N(c2c(C)cccc2)C(C)=Nc2c1cccc2,training,1.0
N(CCC=C1c2c(cccc2)CCc2c1cccc2)C,training,1.0
O(C)c1c2O[C@H]3[C@@H](O)C=C[C@H]4[C@@H]5N(C)CC[C@]34c2c(cc1)C5,training,1.0
O(CC)c1c2O[C@H]3[C@@H](O)C=C[C@H]4[C@@H]5N(C)CC[C@]34c2c(cc1)C5,training,1.0
O=C(C(CC(N(C)C)C)(c1ccccc1)c1ccccc1)CC,training,1.0
O=C1C(CC)(C)CC(=O)N1,training,1.0
S(=O)(=O)(c1ccc(N)cc1)c1ccc(N)cc1,training,1.0
O=C(CO)[C@]1(O)[C@]2(C)[C@H]([C@H]3[C@H]([C@@H](O)C2)[C@]2(C)C([C@@H](C)C3)=CC(=O)C=C2)CC1,training,1.0
O(C(c1c(C)cccc1)c1ccccc1)CCN(C)C,training,1.0
Brc1ccc(C(CCN(C)C)c2ncccc2)cc1,training,1.0
O=C1[C@@H](CC)[C@@H](Cc2n(C)cnc2)CO1,training,1.0
Clc1cc2NC(=O)Oc2cc1,training,1.0
O=C(N)c1nccnc1,training,1.0
O=C(Nc1ccc(O)cc1)C,training,1.0
O=C(N[C@H](CO)CC)[C@@H]1C=C2[C@H](N(C)C1)Cc1c3c([nH]c1)cccc23,training,1.0
O([C@@H]1[C@@H](C)[C@H](O[C@@H]2O[C@@H](C)[C@H](O)[C@@](OC)(C)C2)[C@@H](C)C(=O)O[C@H](CC)[C@](O)(C)[C@H](O)[C@@H](C)C(=O)[C@H](C)C[C@]1(O)C)[C@H]1[C@H](O)[C@@H](N(C)C)C[C@@H](C)O1,training,1.0
Oc1ccc(O)cc1,training,1.0
O(C)c1c2O[C@H]3[C@@H](O)CC[C@H]4[C@@H]5N(C)CC[C@]34c2c(cc1)C5,training,1.0
O(C)c1cc2c(cc1)C[C@@H]1N(C)CC[C@]32[C@@H]1CCCC3,training,1.0
O=C1N(C)C(=O)OC1(C)C,training,1.0
Clc1ccc(C(CCN(C)C)c2ncccc2)cc1,training,1.0
O=C(Nc1c(C)cccc1C)CN(CC)CC,training,1.0
O=[N+]([O-])c1cc2C(c3ccccc3)=NCC(=O)Nc2cc1,training,1.0
O=C(OC)[C@H]1[C@@H](O)CC[C@@H]2[C@@H]1C[C@@H]1N(C2)CCc2c3c([nH]c12)cccc3,training,1.0
O=C1N([C@H]2[C@@H](O)[C@H](O)[C@@H](CO)O2)C=CC(N)=N1,training,1.0
BrC(Cl)C(F)(F)F,training,1.0
Clc1cc2N(CCCN(C)C)c3c(cccc3)CCc2cc1,training,1.0
N(CCC=C1c2c(cccc2)C=Cc2c1cccc2)(C)C,training,1.0
O[C@]1(CC=C)[C@]2(C)[C@H]([C@H]3[C@@H]([C@@H]4C(=CCCC4)CC3)CC2)CC1,training,1.0
O=C1C(C(CC)c2ccccc2)=C(O)c2c(O1)cccc2,training,1.0
Clc1cc2C(c3ccccc3)=NCC(=O)N(C)c2cc1,training,1.0
O=[N+]([O-])c1n(CCO)c(C)nc1,training,1.0
O=C1[C@@H]2Oc3c(O)ccc4c3[C@@]32[C@](O)([C@H](N(CC=C)CC3)C4)CC1,training,1.0
O=C(CC)C1(c2cc(O)ccc2)CCN(C)CC1,training,1.0
Clc1ccc(C(OCCN(C)C)c2ncccc2)cc1,training,1.0
Clc1ccc(NC(=N/C(=N/C(C)C)/N)N)cc1,training,1.0
O=C(N[C@@]1(C)C(=O)N2[C@@H](Cc3ccccc3)C(=O)N3[C@H]([C@]2(O)O1)CCC3)[C@H]1CN(C)[C@H]2[C@@H](c3c4c([nH]cc4C2)ccc3)C1,training,1.0
O(CC(O)CNC(C)C)c1c2c(ccc1)cccc2,training,1.0
O=C(N)C=1C(=O)[C@@]2(O)C(O)=C3C(=O)c4c(O)cccc4[C@H](C)[C@H]3[C@H](O)[C@H]2[C@H](N(C)C)C=1O,training,1.0
Clc1cc2C(c3ccccc3)=NC(O)C(=O)Nc2cc1,training,1.0
Clc1ccc(OC(C(=O)OCC)(C)C)cc1,training,1.0
O(CCCN(C)C)c1nn(Cc2ccccc2)c2c1cccc2,training,1.0
S(=O)(=O)(Nc1noc(C)c1)c1ccc(N)cc1,training,1.0
O(C)c1c(OC)cc(Cc2c(N)nc(N)nc2)cc1OC,training,1.0
O=C1C=C2[C@@H]([C@@H]3[C@H]([C@H]4[C@@](CC)([C@](O)(C#C)CC4)CC3)CC2)CC1,training,1.0
Clc1cc2C(c3ccccc3)=NC(O)C(=O)N(C)c2cc1,training,1.0
O=C(O[C@H]1[C@](O)(C(=O)OC)[C@@H]2N(C)c3c(cc(c(OC)c3)[C@]3(C(=O)OC)c4[nH]c5c(c4CCN4C[C@](O)(CC)C[C@H](C3)C4)cccc5)[C@@]32[C@@H]2[C@@]1(CC)C=CCN2CC3)C,training,1.0
O=C(C)[C@]1(C)[C@]2(C)[C@H]([C@H]3[C@@H]([C@]4(C)C(C(C)=C3)=CC(=O)CC4)CC2)CC1,training,1.0
O([C@H](C(C[C@@H](N(C)C)C)(c1ccccc1)c1ccccc1)CC)C(=O)C,training,1.0
Clc1c(C2=NCC(=O)Nc3c2cc([N+](=O)[O-])cc3)cccc1,training,1.0
Fc1c(C2=NCC(=O)N(C)c3c2cc([N+](=O)[O-])cc3)cccc1,training,1.0
N(CCC=C1c2c(OCc3c1cccc3)cccc2)(C)C,training,1.0
Ic1c(OCCN(CC)CC)c(I)cc(C(=O)c2c(CCCC)oc3c2cccc3)c1,training,1.0
O=C(O[C@H]1[C@@H](C)[C@@H](C)OC(=O)[C@H](C)[C@@H](O[C@@H]2O[C@@H](C)[C@H](OC(=O)C)[C@@H](OC)C2)[C@H](C)[C@@H](O[C@H]2[C@H](OC(=O)C)[C@@H](N(C)C)C[C@@H](C)O2)[C@@H](C)C[C@@]2(C(=O)[C@@H]1C)OC2)C,training,1.0
Clc1cc2C(c3ccccc3)=NCC(=O)N(CC3CC3)c2cc1,training,1.0
ClCCN(C(=O)Oc1cc2c([C@@H]3[C@H]([C@H]4[C@@](C)([C@@H](O)CC4)CC3)CC2)cc1)CCCl,training,1.0
N#Cc1cc2N(CC(CN(C)C)C)c3c(Sc2cc1)cccc3,training,1.0
O=C(N)C(CCN(C(C)C)C(C)C)(c1ncccc1)c1ccccc1,training,1.0
ClCCNP1(=O)N(CCCl)CCCO1,training,1.0
O=C(OCC#CCN(CC)CC)C(O)(c1ccccc1)C1CCCCC1,training,1.0
Clc1cc2N=C(N3CCN(C)CC3)c3c(Nc2cc1)cccc3,training,1.0
Clc1c(C2(NC)C(=O)CCCC2)cccc1,training,1.0
O=[N+]([O-])c1ccc(-c2oc(C=NN3C(=O)NC(=O)C3)cc2)cc1,training,1.0
O=C1N([C@@H]2O[C@H](CO)CC2)C=CC(N)=N1,training,1.0
Clc1cc(C(=O)NCCc2ccc(S(=O)(=O)NC(=O)NC3CCCCC3)cc2)c(OC)cc1,training,1.0
O(CCN(C)C)c1ccc(/C(=C(/CC)\c2ccccc2)/c2ccccc2)cc1,training,1.0
O=C(O[C@H]1[C@H](C)[C@H](O)[C@H](C)[C@@H](O)[C@@H](C)/C=C/C=C(/C)\C(=O)Nc2c(/C=N/N3CCN(C)CC3)c(O)c3c(c(O)c(C)c4O[C@@](C)(C(=O)c34)O/C=C/[C@H](OC)[C@H]1C)c2O)C,training,1.0
N(C(Cc1ccccc1)C)(CC#C)C,training,1.0
Clc1c(Nc2c(CC(=O)O)cccc2)c(Cl)ccc1,training,1.0
O=C(N[C@@H]1C(=O)N2C(C(=O)O)=C(C)CS[C@H]12)[C@H](N)c1ccccc1,training,1.0
Clc1cc2C(c3c(F)cccc3)=NCC(=O)N(CCN(CC)CC)c2cc1,training,1.0
ClC(C(NC(=O)[C@H]1N(C)C[C@H](CCC)C1)[C@@H]1[C@H](O)[C@H](O)[C@@H](O)[C@@H](SC)O1)C,training,1.0
OC(CNC(C)(C)C)c1cc(CO)c(O)cc1,training,1.0
Brc1c(N)c(CNC2CCC(O)CC2)cc(Br)c1,training,1.0
S(=O)(=O)(CCn1c(C)ncc1[N+](=O)[O-])CC,training,1.0
Clc1cc(N2CCN(CCCN3C(=O)N4C(=N3)C=CC=C4)CC2)ccc1,training,1.0
O([C@@H]1[C@@H](C)O[C@@H](O[C@@H]2C[C@@H]3[C@@](C)([C@@H]4[C@H]([C@]5(O)[C@](C)([C@H](O)C4)[C@@H](C4=CC(=O)OC4)CC5)CC3)CC2)C[C@@H]1O)[C@@H]1O[C@H](C)[C@@H](O[C@@H]2O[C@H](C)[C@@H](O)[C@@H](O)C2)[C@@H](O)C1,training,1.0
O=C(C)[C@@]1(O)C[C@H](O[C@@H]2O[C@@H](C)[C@@H](O)[C@@H](N)C2)c2c(O)c3C(=O)c4c(OC)cccc4C(=O)c3c(O)c2C1,training,1.0
O=[N+]([O-])c1c(C2C(C(=O)OC)=C(C)NC(C)=C2C(=O)OC)cccc1,training,1.0
Clc1cc2N(c3ccccc3)C(=O)CC(=O)N(C)c2cc1,training,1.0
O=C(CO)[C@@]1(O)C[C@H](O[C@@H]2O[C@@H](C)[C@@H](O)[C@@H](N)C2)c2c(O)c3C(=O)c4c(OC)cccc4C(=O)c3c(O)c2C1,training,1.0
CN1CC2N(c3c(cccc3)Cc3c2cccc3)CC1,training,1.0
Brc1[nH]c2c3c(ccc2)C=2[C@H](N(C)C[C@H](C(=O)N[C@@]4(C(C)C)C(=O)N5[C@@H](CC(C)C)C(=O)N6[C@H]([C@]5(O)O4)CCC6)C=2)Cc13,training,1.0
O=C(O)C(CCCOc1c(C)ccc(C)c1)(C)C,training,1.0
Clc1cc2C(OCCN(C)C)=Cc3c(Sc2cc1)cccc3,training,1.0
O(C)c1cc([C@]2(O)[C@@H](CN(C)C)CCCC2)ccc1,training,1.0
O=C(Nc1c(C)cccc1C)[C@H]1N(CCCC)CCCC1,training,1.0
FC(F)(F)C(OCF)C(F)(F)F,training,1.0
Clc1cc2C(c3ccccc3)=NCc3n(c(C)nn3)-c2cc1,training,1.0
S(=O)(=O)(NC(=O)NC1CCCCC1)c1ccc(CCNC(=O)c2ncc(C)nc2)cc1,training,1.0
O([C@H]1[C@H](O)[C@@H](O)[C@@H]2O[C@H](c3sccc3)OC[C@H]2O1)[C@H]1[C@@H]2[C@@H]([C@H](c3cc(OC)c(O)c(OC)c3)c3c1cc1OCOc1c3)C(=O)OC2,training,1.0
O=C1N([C@@H]2O[C@H](CO)[C@@H](N=[N+]=[N-])C2)C=C(C)C(=O)N1,training,1.0
O=C(OC)Nc1[nH]c2c(n1)ccc(C(=O)c1ccccc1)c2,training,1.0
O(CC(N)C)c1c(C)cccc1C,training,1.0
Clc1ccc(C(=O)c2n(C)c(CC(=O)O)cc2C)cc1,training,1.0
O([C@H]1[C@H](O)[C@@H](O)[C@@H]2O[C@H](C)OC[C@H]2O1)[C@H]1[C@@H]2[C@@H]([C@H](c3cc(OC)c(O)c(OC)c3)c3c1cc1OCOc1c3)C(=O)OC2,training,1.0
Clc1c(C2=NCC(=O)N(C)c3sc(CC)cc23)cccc1,training,1.0
Clc1cc(C(=O)C(NC(C)(C)C)C)ccc1,training,1.0
Clc1cc2C(c3ccccc3)=NCc3n(c(CN(C)C)nn3)-c2cc1,training,1.0
O=[N+]([O-])c1cc(C2C(C(=O)OCC)=C(C)NC(C)=C2C(=O)OC)ccc1,training,1.0
Clc1c(C2=NCc3n(c(C)nn3)-c3sc(CC)cc23)cccc1,training,1.0
Clc1ccc(C(=O)NCCc2ccc(OC(C(=O)O)(C)C)cc2)cc1,training,1.0
O=C(O[C@@H]1[C@H](c2ccc(OC)cc2)Sc2c(N(CCN(C)C)C1=O)cccc2)C,training,1.0
Clc1cnc(N2C(=O)c3nccnc3C2OC(=O)N2CCN(C)CC2)cc1,training,1.0
Clc1ccc(C(=O)c2ccc(OC(C(=O)OC(C)C)(C)C)cc2)cc1,training,1.0
OC(c1ccccc1)(c1ccccc1)C1CCN(CCCC(O)c2ccc(C(C)(C)C)cc2)CC1,training,1.0
O=C(CO)[C@]12[C@]3(C)[C@H]([C@H]4[C@H]([C@@H](O)C3)[C@]3(C)C(=CC(=O)C=C3)CC4)C[C@H]1OC(CCC)O2,training,1.0
O(C)[C@]12[C@@H]([C@](O)(C(C)(C)C)C)C[C@@]3([C@@H]4N(CC5CC5)CC[C@@]53[C@H]1Oc1c(O)ccc(c51)C4)CC2,training,1.0
ClC(Cl)=CC1C(C)(C)C1C(=O)OCc1cc(Oc2ccccc2)ccc1,training,1.0
Clc1ccc(C2(O)CCN(CCC(C(=O)N(C)C)(c3ccccc3)c3ccccc3)CC2)cc1,training,1.0
FC(F)(F)c1nc2c(C(F)(F)F)cccc2c(C(O)C2NCCCC2)c1,training,1.0
O=C(OC)[C@@]1(c2c(OC)cc3N(C)[C@H]4[C@@](O)(C(=O)N)[C@H](O)[C@@]5(CC)[C@@H]6N(CC=C5)CC[C@]46c3c2)c2[nH]c3c(c2CCN2C[C@](O)(CC)C[C@H](C1)C2)cccc3,training,1.0
O[C@]1(C#C)[C@]2(CC)[C@H]([C@H]3[C@H](C(=C)C2)[C@@H]2C(=CCCC2)CC3)CC1,training,1.0
O=C1C=C2[C@@H]([C@H]3C(=C)C[C@]4(CC)[C@](O)(C#C)CC[C@H]4[C@@H]3CC2)CC1,training,1.0
O=C(CCc1ccccc1)c1c(OCC(O)CNCCC)cccc1,training,1.0
FC(F)(F)c1ccc(OC(CCNC)c2ccccc2)cc1,training,1.0
Clc1c(CN2Cc3c(scc3)CC2)cccc1,training,1.0
O=C(N1CC(=O)N2C(c3c(cccc3)CC2)C1)C1CCCCC1,training,1.0
O=C(N(c1ccccc1)C1(COC)CCN(CCc2sccc2)CC1)CC,training,1.0
Brc1sc2-n3c(C)nnc3CN=C(c3c(Cl)cccc3)c2c1,training,1.0
Clc1cc2NC(=O)N(C3CCN(CCCN4C(=O)Nc5c4cccc5)CC3)c2cc1,training,1.0
Clc1ccc(CC2=NN(C(=O)c3c2cccc3)C2CCN(C)CCC2)cc1,training,1.0
Clc1cc2C(c3c(F)cccc3)=NCc3n(c(C)nc3)-c2cc1,training,1.0
Fc1ccc(C2(CCCN(C)C)OCc3c2ccc(C#N)c3)cc1,training,1.0
O=[N+]([O-])c1c(C2C(C(=O)OCC(C)C)=C(C)NC(C)=C2C(=O)OC)cccc1,training,1.0
Clc1c(C2(Cn3cncc3)OC(COc3ccc(N4CCN(C(=O)C)CC4)cc3)CO2)ccc(Cl)c1,training,1.0
O=[N+]([O-])c1cc(C2C(C(=O)OC(C)C)=C(C)NC(C)=C2C(=O)OCCOC)ccc1,training,1.0
S(C[C@H]1CN(CCC)[C@H]2[C@@H](c3c4c([nH]cc4C2)ccc3)C1)C,training,1.0
O(C(C)C)CCOCc1ccc(OCC(O)CNC(C)C)cc1,training,1.0
S(=O)(=O)(N)Cc1noc2c1cccc2,training,1.0
[SH0](=O)(C(c1ccccc1)c1ccccc1)CC(=O)N,training,1.0
Fc1ccc(Cn2c(NC3CCN(CCc4ccc(OC)cc4)CC3)nc3c2cccc3)cc1,training,1.0
O=C(Nc1sc(C)cn1)C=1N(C)S(=O)(=O)c2c(C=1O)cccc2,training,1.0
O=C(N(c1ccccc1)C1(COC)CCN(CCN2C(=O)N(CC)N=N2)CC1)CC,training,1.0
O=C(O[C@H]1[C@@](O)(C(=O)OC)[C@@H]2N(C)c3c(cc(c(OC)c3)[C@]3(C(=O)OC)c4[nH]c5c(c4CN4CC(CC)=C[C@@H](C3)C4)cccc5)[C@@]32[C@@H]2[C@@]1(CC)C=CCN2CC3)C,training,1.0
O(C)[C@@H]1[C@H](C)[C@H]2[C@@]34OO[C@@](C)(O[C@H]3O1)CC[C@H]4[C@H](C)CC2,training,1.0
Clc1c(Cl)cccc1C1C(C(=O)OCC)=C(C)NC(C)=C1C(=O)OC,training,1.0
O=C(O[C@H]1[C@H](C)[C@H](O)[C@H](C)[C@@H](O)[C@@H](C)/C=C/C=C(/C)\C(=O)NC=2C(=O)c3c(O)c(C)c4O[C@@](C)(C(=O)c4c3C3=NC4(NC=23)CCN(CC(C)C)CC4)O/C=C/[C@H](OC)[C@H]1C)C,training,1.0
O(CCNCC(O)COc1c2c([nH]c3c2cccc3)ccc1)c1c(OC)cccc1,training,1.0
[SH0](=O)(Cc1c(C)c(OC)c(C)cn1)c1[nH]c2c(n1)ccc(OC)c2,training,1.0
O=C(O[C@@H]1[C@@H]2[C@@H](CC[C@H]3OC(=O)C[C@H](O)C3)[C@@H](C)C=CC2=C[C@H](C)C1)[C@H](CC)C,training,1.0
O=C(OCC)[C@@H](N[C@H](C(=O)N1[C@H](C(=O)O)CCC1)C)CCc1ccccc1,training,1.0
S(=O)(=O)([O-])N1[C@@H](C)[C@H](NC(=O)/C(=N\OC(C(=O)O)(C)C)/c2nc([N+])sc2)C1=O,training,1.0
Clc1c(Cl)ccc([C@H]2c3c([C@@H](NC)CC2)cccc3)c1,training,1.0
Clc1cc2c(C(=C3CCN(C(=O)OCC)CC3)c3ncccc3CC2)cc1,training,1.0
O=C(O[C@@H]1[C@@H]2[C@@H](CC[C@H]3OC(=O)C[C@H](O)C3)[C@@H](C)C=CC2=C[C@H](C)C1)C(CC)(C)C,training,1.0
NC=1N2c3c(cccc3)Cc3c(cccc3)C2CN=1,training,1.0
S(C(=O)[C@@]1(OC(=O)CC)[C@H](C)C[C@@H]2[C@]1(C)C[C@H](O)[C@]1(F)[C@]3(C)C([C@@H](F)C[C@@H]21)=CC(=O)C=C3)CF,training,1.0
O=C(O[C@@H]1[C@@H]2[C@@H](CC[C@@H](O)C[C@@H](O)CC(=O)O)[C@@H](C)C=CC2=C[C@@H](O)C1)[C@H](CC)C,training,1.0
Clc1c(N)cc(OC)c(C(=O)N[C@H]2[C@@H](OC)CN(CCCOc3ccc(F)cc3)CC2)c1,training,1.0
O([C@@H]1[C@@H](C)[C@H](O[C@@H]2O[C@@H](C)[C@H](O)[C@@](OC)(C)C2)[C@@H](C)C(=O)O[C@H](CC)[C@](O)(C)[C@H](O)[C@@H](C)C(=O)[C@H](C)C[C@]1(OC)C)[C@H]1[C@H](O)[C@@H](N(C)C)C[C@@H](C)O1,training,1.0
O=C(NCCCN(C)c1nc(N)c2c(n1)cc(OC)c(OC)c2)C1OCCC1,training,1.0
O=C(N(C)C)Cc1c(-c2ccc(C)cc2)nc2n1C=C(C)C=C2,training,1.0
Clc1cc(N2CCN(CCCN3C(=O)N(CCOc4ccccc4)C(CC)=N3)CC2)ccc1,training,1.0
O=C(O)C(C)(C)c1ccc(C(O)CCCN2CCC(C(O)(c3ccccc3)c3ccccc3)CC2)cc1,training,1.0
Clc1ccc(C(N2CCN(CCOCC(=O)O)CC2)c2ccccc2)cc1,training,1.0
O([C@@H]1[C@@H](C)[C@H](O[C@@H]2O[C@@H](C)[C@H](O)[C@@](OC)(C)C2)[C@@H](C)C(=O)O[C@H](CC)[C@](O)(C)[C@H](O)[C@@H](C)N(C)C[C@H](C)C[C@]1(O)C)[C@H]1[C@H](O)[C@@H](N(C)C)C[C@@H](C)O1,training,1.0
O=C(Nc1c(C)cccc1C)[C@H]1N(CCC)CCCC1,training,1.0
O=C(N(C)c1ccccc1)C=1C(=O)N(C)c2c(C=1O)cccc2,training,1.0
O=C1C=C2C(=C3[C@@H](c4ccc(N(C)C)cc4)C[C@]4(C)[C@](O)(C#CC)CC[C@H]4[C@@H]3CC2)CC1,training,1.0
O=C(c1c(-c2ccc(O)cc2)sc2c1ccc(O)c2)c1ccc(OCCN2CCCCC2)cc1,training,1.0
Clc1c([C@]2(Cn3ncnc3)O[C@@H](COc3ccc(N4CCN(c5ccc(N6C(=O)N(C(CC)C)N=C6)cc5)CC4)cc3)CO2)ccc(Cl)c1,training,1.0
Clc1c(C2C(C(=O)OCC)=C(COCCN)NC(C)=C2C(=O)OC)cccc1,training,1.0
O(CCCCCCNCC(O)c1cc(CO)c(O)cc1)CCCCc1ccccc1,training,1.0
ClCC/C(=C(/c1ccc(OCCN(C)C)cc1)\c1ccccc1)/c1ccccc1,training,1.0
S(=O)(=O)(CC(O)(C(=O)Nc1cc(C(F)(F)F)c(C#N)cc1)C)c1ccc(F)cc1,training,1.0
O=C1Nc2c(c(CCN(CCC)CCC)ccc2)C1,training,1.0
P(=O)(OCN1C(=O)C(c2ccccc2)(c2ccccc2)NC1=O)(O)O,training,1.0
Fc1ccc(-c2c(/C=C/[C@@H](O)C[C@@H](O)CC(=O)O)n(C(C)C)c3c2cccc3)cc1,training,1.0
O=C(NC(C)(C)C)[C@@H]1[C@]2(C)[C@H]([C@H]3[C@@H]([C@]4(C)[C@H](NC(=O)C=C4)CC3)CC2)CC1,training,1.0
Nc1nc2c(c3n(CC(C)C)cnc13)cccc2,training,1.0
O=C1C(Cn2c(C)ncc2)CCc2n(C)c3c(c12)cccc3,training,1.0
O=[N+]([O-])c1cc(C2C(C(OC(CN(CCC(c3ccccc3)c3ccccc3)C)(C)C)=O)=C(C)NC(C)=C2C(=O)OC)ccc1,training,1.0
[SH0](=O)(Cc1c(C)c(OCC(F)(F)F)ccn1)c1[nH]c2c(n1)cccc2,training,1.0
O=C(OC(C)(C)C)/C=C/c1c(C2C(C(=O)OCC)=C(C)NC(C)=C2C(=O)OCC)cccc1,training,1.0
O=C(OCC(COC(=O)C)CCn1c2nc(N)ncc2nc1)C,training,1.0
O=[N+]([O-])c1cc([C@H]2C(C(=O)OC)=C(C)NC(C)=C2C(=O)O[C@@H]2CN(Cc3ccccc3)CC2)ccc1,training,1.0
O=C(O)[C@H](NC(=O)C1CCC(C(C)C)CC1)Cc1ccccc1,training,1.0
S(=O)(=O)(N)c1c(OC)ccc(C[C@H](NCCOc2c(OCC)cccc2)C)c1,training,1.0
Fc1cc2onc(C3CCN(CCC=4C(=O)N5C(=NC=4C)CCCC5)CC3)c2cc1,training,1.0
Clc1cc2c(C3CCN(CCN4C(=O)NCC4)CC3)cn(-c3ccc(F)cc3)c2cc1,training,1.0
Clc1ccc(C2(C(N(C)C)CC(C)C)CCC2)cc1,training,1.0
O=C(OC)[C@H]1[C@H]2[C@H]3[C@@](C)([C@@]4(OC(=O)CC4)CC3)C[C@H]3O[C@@]23[C@]2(C)C(=CC(=O)CC2)C1,training,1.0
O(C)[C@H]1[C@H](O)CC[C@@H](/C=C(\C)/[C@@H]2[C@H](C)[C@@H](O)CC(=O)[C@H](CC=C)/C=C(\C)/C[C@H](C)C[C@H](OC)[C@@H]3[C@@H](OC)C[C@@H](C)[C@](O)(C(=O)C(=O)N4[C@H](C(=O)O2)CCCC4)O3)C1,training,1.0
O=C(NC1C[C@@H]2N(C)[C@H](C1)CCC2)c1nn(C)c2c1cccc2,training,1.0
O(CCc1ncc(CC)cc1)c1ccc(CC2C(=O)NC(=O)S2)cc1,training,1.0
Clc1c([C@@H](C(=O)OC)N2Cc3c(scc3)CC2)cccc1,training,1.0
Clc1c(CO)n(Cc2ccc(-c3c(-c4n[nH]nn4)cccc3)cc2)c(CCCC)n1,training,1.0
O=C(Oc1c(C)c2OCOc2c2[C@H]3N4[C@@H](O)[C@H]5N(C)[C@@H]([C@@H]4[C@H](SC[C@@]4(C(=O)OC3)NCCc3c4cc(OC)c(O)c3)c12)c1c(O)c(OC)c(C)cc1C5)C,training,1.0
O=C(OC(C)(C)C)N[C@H]([C@@H](O)C(=O)O[C@@H]1C(C)=C2[C@@H](O)C(=O)[C@]3(C)[C@@H](O)C[C@@H]4[C@](OC(=O)C)([C@H]3[C@H](OC(=O)c3ccccc3)[C@@](O)(C2(C)C)C1)CO4)c1ccccc1,training,1.0
O=C(O)[C@H]1CN(CCC=C(c2c(C)ccs2)c2c(C)ccs2)CCC1,training,1.0
O=C(OC1C[C@@H]2N3[C@H](C1)CC(C(=O)C3)C2)c1c2c([nH]c1)cccc2,training,1.0
Fc1cc2c([C@H](C(C)C)[C@@](OC(=O)COC)(CCN(CCCc3[nH]c4c(n3)cccc4)C)CC2)cc1,training,1.0
[SH0](=O)(Cc1c(C)c(OCCCOC)ccn1)c1[nH]c2c(n1)cccc2,training,1.0
O(C)c1c(OC)cc2c(C(=O)C(CC3CCN(Cc4ccccc4)CC3)C2)c1,training,1.0
S(=O)(=O)(N)c1sc2S(=O)(=O)[C@@H](C)C[C@H](NCC)c2c1,training,1.0
O=C1N(Cc2c(C)[nH]cn2)CCc2n(C)c3c(c12)cccc3,training,1.0
Oc1c([C@H](CCN(C(C)C)C(C)C)c2ccccc2)cc(C)cc1,training,1.0
O=C(N[C@H](C(O)=N[C@H]([C@H](O)CN1[C@H](C(O)=NC(C)(C)C)C[C@H]2[C@@H](C1)CCCC2)Cc1ccccc1)CC(O)=N)c1nc2c(cc1)cccc2,training,1.0
Fc1ccc([C@]2(CCCN(C)C)OCc3c2ccc(C#N)c3)cc1,training,1.0
O=C1Nc2c(C)ccnc2N(C2CC2)c2ncccc12,training,1.0
Clc1c(Cl)cccc1N1CCN(CCCCOc2cc3NC(=O)CCc3cc2)CC1,training,1.0
O=[N+]([O-])c1cc(C2C(C(=O)OC/C=C/c3ccccc3)=C(C)NC(C)=C2C(=O)OCCOC)ccc1,training,1.0
Fc1ccc(-c2n(CCC(O)CC(O)CC(=O)[O-])c(C(C)C)c(C(=O)Nc3ccccc3)c2-c2ccccc2)cc1,training,1.0
S(=O)(=O)(Nc1cc2c([nH]c(C(=O)N3CCN(c4c(NC(C)C)cccn4)CC3)c2)cc1)C,training,1.0
Fc1c([C@](O)([C@@H](C)c2c(F)cncn2)Cn2ncnc2)ccc(F)c1,training,1.0
S(=O)(=O)(N)c1sc2S(=O)(=O)N(CCCOC)C[C@H](NCC)c2c1,training,1.0
S(=O)(=O)(N1CCN(C)CC1)c1cc(c(OCC)cc1)C1=NC(=O)c2n(C)nc(CCC)c2N1,training,1.0
S(=O)(=O)(CCc1cc2c(C[C@@H]3N(C)CCC3)c[nH]c2cc1)c1ccccc1,training,1.0
Fc1ccc(-c2c(/C=C/[C@@H](O)C[C@@H](O)CC(=O)O)c(C(C)C)nc(C(C)C)c2COC)cc1,training,1.0
S(=O)(=O)(Nc1c(Oc2c(OC)cccc2)c(OCCO)nc(-c2ncccn2)n1)c1ccc(C(C)(C)C)cc1,training,1.0
O=C(N[C@@H]1[C@H](O)Cc2c1cccc2)[C@@H](C[C@H](O)CN1[C@H](C(=O)NC(C)(C)C)CN(Cc2cnccc2)CC1)Cc1ccccc1,training,1.0
O=C(N(CC)c1cc(C=2n3ncc(C#N)c3N=CC=2)ccc1)C,training,1.0
O=C(Nc1cc(Nc2nc(-c3cnccc3)ccn2)c(C)cc1)c1ccc(CN2CCN(C)CC2)cc1,training,1.0
O=C(O)c1ccc(C(=C)c2c(C)cc3C(C)(C)CCC(C)(C)c3c2)cc1,training,1.0
S(=O)(=O)(Cc1cc2c(CCN(C)C)c[nH]c2cc1)N1CCCC1,training,1.0
Clc1cc2[C@](C(F)(F)F)(C#CC3CC3)OC(=O)Nc2cc1,training,1.0
O=C(OCc1scnc1)N[C@H]([C@@H](O)C[C@@H](NC(=O)[C@@H](NC(=O)N(Cc1nc(C(C)C)sc1)C)C(C)C)Cc1ccccc1)Cc1ccccc1,training,1.0
Clc1cc2c(C(=C3CCN(Cc4cc(C)cnc4)CC3)c3ncccc3CC2)cc1,training,1.0
S(C[C@H](NC(=O)c1c(C)c(O)ccc1)[C@H](O)CN1[C@H](C(=O)NC(C)(C)C)C[C@H]2[C@@H](C1)CCCC2)c1ccccc1,training,1.0
FC(F)(F)c1c(NC(=O)[C@@H]2[C@]3(C)[C@H]([C@H]4[C@@H]([C@]5(C)[C@H](NC(=O)C=C5)CC4)CC3)CC2)cc(C(F)(F)F)cc1,training,1.0
S(=O)(=O)(N)c1ccc(-n2c(-c3ccc(C)cc3)cc(C(F)(F)F)n2)cc1,training,1.0
O=C(N[C@@H](CC(C)C)B(O)O)[C@@H](NC(=O)c1nccnc1)Cc1ccccc1,training,1.0
S(=O)(=O)(N)c1ccc(-c2c(C)onc2-c2ccccc2)cc1,training,1.0
Clc1c(F)ccc(Nc2ncnc3c2cc(OCCCN2CCOCC2)c(OC)c3)c1,training,1.0
O=C(N[C@H](C[C@H](O)[C@@H](NC(=O)COc1c(C)cccc1C)Cc1ccccc1)Cc1ccccc1)[C@H](C(C)C)N1C(=O)NCCC1,training,1.0
S(=O)(=O)(NC(=O)CC)c1ccc(-c2c(C)onc2-c2ccccc2)cc1,training,1.0
S(=O)(=O)(N1CCN(CC)CC1)c1cc(c(OCC)cc1)C1=NC(=O)c2c(C)nc(CCC)n2N1,training,1.0
S(=O)(=O)(N(C[C@@H](OP(=O)(O)O)[C@@H](NC(=O)O[C@@H]1COCC1)Cc1ccccc1)CC(C)C)c1ccc(N)cc1,training,1.0
S(=O)(=O)(N(C)c1nc(C(C)C)c(/C=C/[C@@H](O)C[C@@H](O)CC(=O)O)c(-c2ccc(F)cc2)n1)C,training,1.0
O=C(N(O)C(C)c1sc2c(c1)cccc2)N,training,1.0
S(=O)(=O)(Oc1cc2c([C@@H]3[C@H]([C@H]4[C@@](C)(C(=O)CC4)CC3)CC2)cc1)O,training,1.0
O=C(N[C@@]1(C(C)C)C(=O)N2[C@@H](C)C(=O)N3[C@H]([C@]2(O)O1)CCC3)[C@H]1CN(C)[C@H]2[C@@H](c3c4c([nH]cc4C2)ccc3)C1,training,1.0
O=C1O[C@@]2([C@]3(C)[C@H]([C@H]4[C@@H]([C@]5(C)C([C@H]6[C@@H]4C6)=CC(=O)CC5)CC3)[C@H]3[C@@H]2C3)CC1,training,1.0
Clc1cc2C(c3ccccc3)=NC(C(=O)O)C(=O)Nc2cc1,training,1.0
FC(F)(F)COc1c(OCCN[C@@H](Cc2cc(C(=O)N)c3N(CCCO)CCc3c2)C)cccc1,training,1.0
N([C@H](Cc1ccccc1)C)(Cc1ccccc1)C,training,1.0
FC(F)(F)c1cc(CCCN[C@H](C)c2c3c(ccc2)cccc3)ccc1,training,1.0
O(CC1OC(=O)NC1)c1cc(C)cc(C)c1,training,1.0
O=C([C@@H](N)C12CC3(O)CC(C1)CC(C3)C2)N1[C@H](C#N)C[C@H]2[C@@H]1C2,training,1.0
O(C)c1c(OC)cc2c([C@@H](CN(CCCN3C(=O)Cc4c(cc(OC)c(OC)c4)CC3)C)C2)c1,training,1.0
O=C(OC)N[C@H](C(=O)NN(C[C@H](O)[C@@H](NC(=O)[C@@H](NC(=O)OC)C(C)(C)C)Cc1ccccc1)Cc1ccc(-c2ncccc2)cc1)C(C)(C)C,training,1.0
OC(CCC[C@@H](C)[C@@H]1[C@]2(C)[C@H](/C(=C/C=C/3\C(=C)[C@@H](O)C[C@H](O)C\3)/CCC2)CC1)(C)C,training,1.0
F[C@@H]1C=2[C@@](C)([C@H]3[C@@H](O)C[C@]4(C)[C@]5(C(=O)CO)OC(C)(C)O[C@@H]5C[C@H]4[C@@H]3C1)C=CC(=O)C=2,training,1.0
CC1SC[C@@]2(O1)C1CCN(C2)CC1,training,1.0
Cl[C@H]1[C@@H]2[C@H]([C@@H](O)C[C@]3(C)[C@@](O)(C(=O)CO)[C@H](C)C[C@@H]23)[C@]2(C)C(=CC(=O)C=C2)C1,training,1.0
O=C(Nc1c(C)cccc1C)CN1CCN(CC(O)COc2c(OC)cccc2)CC1,training,1.0
O=C(N(C(=O)[C@H]1CN(CC=C)[C@H]2[C@@H](c3c4c([nH]cc4C2)ccc3)C1)CCCN(C)C)NCC,training,1.0
S(=O)(=O)(Oc1cc2c([C@@H]3[C@H]([C@H]4[C@@](C)(C(=O)CC4)CC3)CC2)cc1)[O-],training,1.0
F[C@]12[C@@H](O)C[C@]3(C)[C@@](O)(C(=O)C)CC[C@H]3[C@@H]1C[C@H](C)C=1[C@]2(C)C=CC(=O)C=1,training,1.0
Cl[C@@H]1[C@H](OC)C[C@H](/C=C(\C)/[C@@H]2[C@H](C)[C@@H](O)CC(=O)[C@H](CC)/C=C(\C)/C[C@H](C)C[C@H](OC)[C@@H]3[C@@H](OC)C[C@@H](C)[C@](O)(C(=O)C(=O)N4[C@H](C(=O)O2)CCCC4)O3)CC1,training,1.0
O=C1N([C@H]2C3CCN(C2)CC3)C[C@@H]2c3c1cccc3CCC2,training,1.0
Ic1c(Oc2cc(I)c(O)c(I)c2)c(I)cc(C[C@H](N)C(=O)O)c1,training,1.0
Oc1c2[C@H]3[C@H](C(C)(C)Oc2cc(CCCCC)c1)CCC(C)=C3,training,1.0
Clc1cc2nc(/C=C/c3cc([C@H](SCC4(CC(=O)O)CC4)CCc4c(C(O)(C)C)cccc4)ccc3)ccc2cc1,training,1.0
O=C1N(CCCCN2CCN(c3ncccn3)CC2)C(=O)CC2(C1)CCCC2,training,1.0
O=C(N)C([C@H]1CN(CCc2cc3c(OCC3)cc2)CC1)(c1ccccc1)c1ccccc1,training,1.0
O(C)c1c2O[C@H]3C(=O)CC[C@@]4(O)[C@@H]5N(C)CC[C@]34c2c(cc1)C5,training,1.0
O(CCOc1c(OCCOC)cc2ncnc(Nc3cc(C#C)ccc3)c2c1)C,training,1.0
S(=O)(=O)(NC(=O)c1cc(OC)c(Cc2c3c(n(C)c2)ccc(NC(=O)OC2CCCC2)c3)cc1)c1c(C)cccc1,training,1.0
Clc1c(NC2=NCCN2)c(Cl)ccc1,training,1.0
O=C(O[C@@]1(C(=O)C)[C@]2(C)[C@H]([C@H]3[C@@H]([C@]4(C)C([C@@H](C)C3)=CC(=O)CC4)CC2)CC1)C,training,1.0
O([C@@H]1[C@@H](O)[C@H](O[C@@H]2[C@H](N)C[C@H](O)[C@@H](CN)O2)[C@@H](N)C[C@H]1N)[C@@H]1[C@H](O)[C@@H](N)[C@H](O)[C@@H](CO)O1,training,1.0
N(CC(CN1c2c(cccc2)CCc2c1cccc2)C)(C)C,training,1.0
O(CCCCCOc1ccc(C(=N)N)cc1)c1ccc(C(=N)N)cc1,training,1.0
O=C(O)C=C(C=CC=C(C=CC=1C(C)(C)CCCC=1C)C)C,training,1.0
Clc1c(S(=O)(=O)N)cc(C(=O)NN2C(C)Cc3c2cccc3)cc1,training,1.0
O=C(Nc1ccc(C(=O)N2c3c(-c4nc(C)[nH]c4CC2)cccc3)cc1)c1c(-c2ccccc2)cccc1,training,1.0
OC([C@H](/C=C/[C@@H](C)[C@@H]1[C@]2(C)[C@H](/C(=C/C=C3C[C@@H](O)C[C@H](O)C3)/CCC2)CC1)C)(C)C,training,1.0
S(=O)(=O)(Nc1cc([C@@H](CC)C=2C(=O)O[C@](CCC)(CCc3ccccc3)CC=2O)ccc1)c1ncc(C(F)(F)F)cc1,training,1.0
O(C)c1c2O[C@H]3C(=O)CC[C@H]4[C@@H]5N(C)CC[C@]34c2c(cc1)C5,training,1.0
Clc1c(CC(=O)NC(=N)N)c(Cl)ccc1,training,1.0
O(CCCCc1n(C2CCCCC2)nnn1)c1cc2c(NC(=O)CC2)cc1,training,1.0
O(C)c1c(OC)cc([C@@H]2[C@H]3C(=O)OC[C@@H]3[C@@H](O)c3c2cc2OCOc2c3)cc1OC,training,1.0
O=C1[C@@H]2Oc3c(O)ccc4c3[C@@]32[C@](O)([C@H](N(C)CC3)C4)CC1,training,1.0
Clc1c(NC(=O)c2sc(Nc3nc(C)nc(N4CCN(CCO)CC4)c3)nc2)c(C)ccc1,training,1.0
S(CC(=O)O[C@H]1[C@]2(C)[C@H](C)CC[C@]3([C@@H](C)[C@H](O)[C@@](C=C)(C)C1)[C@H]2C(=O)CC3)C1C[C@@H]2N(C)[C@H](C1)CC2,training,1.0
Clc1c(OCc2cc(F)ccc2)ccc(Nc2ncnc3c2cc(-c2oc(CNCCS(=O)(=O)C)cc2)cc3)c1,training,1.0
FC(F)(F)c1n2c(nn1)CN(C(=O)C[C@H](N)Cc1c(F)cc(F)c(F)c1)CC2,training,1.0
Fc1c([C@]2(Cn3ncnc3)OC[C@@H](COc3ccc(N4CCN(c5ccc(N6C(=O)N([C@H]([C@@H](O)C)CC)N=C6)cc5)CC4)cc3)C2)ccc(F)c1,training,1.0
S(=O)(=O)(N(C[C@@H](O)[C@@H](NC(=O)O[C@@H]1[C@H]2[C@@H](OC1)OCC2)Cc1ccccc1)CC(C)C)c1ccc(N)cc1,training,1.0
Fc1cc2/C(=C/c3c(C)c(C(=O)NCCN(CC)CC)c(C)[nH]3)/C(=O)Nc2cc1,training,1.0
O=C(OCC(=O)[C@]1(O)[C@]2(C)[C@H]([C@H]3[C@H](C(=O)C2)[C@]2(C)C(=CC(=O)CC2)CC3)CC1)C,training,1.0
F[C@@H]1C=2[C@@](C)([C@H]3[C@@H](O)C[C@]4(C)[C@@](O)(C(=O)CO)[C@H](C)C[C@H]4[C@@H]3C1)C=CC(=O)C=2,training,1.0
O=C(OC1C[C@@H]2[N+](C)(C)[C@@H]([C@H]3O[C@@H]23)C1)C(O)(c1sccc1)c1sccc1,training,1.0
O=[N+]([O-])c1ccc(C(CC(=O)C)C=2C(=O)Oc3c(C=2O)cccc3)cc1,training,1.0
O=C1N(N(C)C(C)=C1)c1ccccc1,training,1.0
S(=O)(=O)(N(C)C)c1cc2N(CCCN3CCC(CCO)CC3)c3c(Sc2cc1)cccc3,training,1.0
O=C1[C@H](C)[C@@H](O)[C@@H](C)CCC[C@@]2(C)O[C@H]2C[C@@H](/C(=C/c2nc(C)sc2)/C)NC(=O)C[C@H](O)C1(C)C,training,1.0
O=C(N(CC)CC)Nc1cc(C(=O)C)c(OCC(O)CNC(C)(C)C)cc1,training,1.0
S(=O)(=O)(Nc1cc2c(C(=O)c3ccc(OCCCN(CCCC)CCCC)cc3)c(CCCC)oc2cc1)C,training,1.0
FC(F)(F)c1cc(NC(=O)c2cc(Nc3nc(-c4cnccc4)ccn3)c(C)cc2)cc(-n2cc(C)nc2)c1,training,1.0
Clc1cc2[C@@H](C)CNCCc2cc1,training,1.0
FC(F)(F)c1cc(N2CCN(CCN3C(=O)Nc4c3cccc4)CC2)ccc1,training,1.0
ClCC/C(=C(/c1ccc(OCCO)cc1)\c1ccccc1)/c1ccccc1,training,1.0
Fc1cc2onc(C3CCN(CCCOc4c(OC)cc(C(=O)C)cc4)CC3)c2cc1,training,1.0
O=C1Nc2c(O)ccc([C@@H](O)CNC3Cc4c(cc(CC)c(CC)c4)C3)c2C=C1,training,1.0
Oc1c2c(ccc1)C[C@@H](N(CCC)CCc1sccc1)CC2,training,1.0
S(=O)(=O)(C[C@@H](N1C(=O)c2c(N=C(O)C)cccc2C1=O)c1cc(OCC)c(OC)cc1)C,training,1.0
Clc1c(Cl)cccc1N1CCN(CCC2CCC(NC(=O)N(C)C)CC2)CC1,training,1.0
Clc1c(-n2c(c(C)c(C(=O)NN3CCCCC3)n2)-c2ccc(Cl)cc2)ccc(Cl)c1,training,1.0
O=C1[C@H](C(C)C)N=C(O)/C(=C/C)/N=C(O)[C@@H]2N=C(O)[C@@H](C(C)C)N=C(O)C[C@H](O1)C=CCCSSC2,training,1.0
O=C1N(Cc2c(C#N)cccc2)C(N2C[C@H](N)CCC2)=CC(=O)N1C,training,1.0
Fc1c(C(C(=O)C2CC2)N2Cc3c(sc(OC(=O)C)c3)CC2)cccc1,training,1.0
Clc1cc2[C@H](O)CCCN(C(=O)c3c(C)cc(NC(=O)c4c(C)cccc4)cc3)c2cc1,training,1.0
Clc1c(OC)ccc(CNc2c(C(=O)NCc3ncccn3)cnc(N3[C@H](CO)CCC3)n2)c1,training,1.0
S(=O)(=O)(NCCC1N(C)CCC1)c1cc(c(OCCC)cc1)C1=NC(=O)c2n(C)nc(CCC)c2N1,training,1.0
Clc1ccc([C@H](N2CCN(CCOCC(=O)O)CC2)c2ccccc2)cc1,training,1.0
S(=O)(=O)(N=C(O)[C@]12N=C(O)[C@H]3[C@H](C(=O)N(C)CCCC/C=C\[C@@H]1C2)C[C@H](Oc1c2c(c(C)c(OC)cc2)nc(-c2scc(C(C)C)n2)c1)C3)C1CC1,training,1.0
Clc1c(Cc2ccc(OCC)cc2)cc([C@H]2[C@H](O)[C@@H](O)[C@H](O)[C@@H](CO)O2)cc1,training,1.0
O=C(O)[C@@H](Oc1nc(C)cc(C)n1)C(OC)(c1ccccc1)c1ccccc1,training,1.0
Brc1c(Oc2c(C)cc(C#N)cc2C)nc(Nc2ccc(C#N)cc2)nc1N,training,1.0
O=C(N)c1nn(-c2ccc(OC)cc2)c2C(=O)N(c3ccc(N4C(=O)CCCC4)cc3)CCc12,training,1.0
Clc1c(OC)cc(Nc2c(C#N)cnc3c2cc(OC)c(OCCCN2CCN(C)CC2)c3)c(Cl)c1,training,1.0
S(c1c(C(O)=NC)cccc1)c1cc2n[nH]c(/C=C/c3ncccc3)c2cc1,training,1.0
O=C(N)c1oc2c(c1)cc(N1CCN(CCCCc3c4c([nH]c3)ccc(C#N)c4)CC1)cc2,training,1.0
Clc1cc(C(O)CN(CCCC)CCCC)c-2c(/C(=C\c3ccc(Cl)cc3)/c3c-2ccc(Cl)c3)c1,training,1.0
O=[N+]([O-])c1cc(C2C(C(=O)OC)=C(C#N)NC(C)=C2C(=O)OC(C)C)ccc1,training,1.0
OCc1ccccc1,training,1.0
O=C(OC(C)(C)C)N[C@H]([C@@H](O)C(=O)O[C@@H]1C(C)=C2[C@@H](OC)C(=O)[C@]3(C)[C@@H](OC)C[C@@H]4[C@](OC(=O)C)([C@H]3[C@H](OC(=O)c3ccccc3)[C@@](O)(C2(C)C)C1)CO4)c1ccccc1,training,1.0
O=C1N(C[C@H]2[C@H](CN3CCN(c4nsc5c4cccc5)CC3)CCCC2)C(=O)[C@@H]2[C@H]1[C@@H]1C[C@H]2CC1,training,1.0
S(CCC)c1nc(N[C@H]2[C@H](c3cc(F)c(F)cc3)C2)c2nnn([C@H]3[C@H](O)[C@H](O)[C@@H](OCCO)C3)c2n1,training,1.0
O=C(Nc1c(C(C)(C)C)cc(C(C)(C)C)c(O)c1)C=1C(=O)c2c(NC=1)cccc2,training,1.0
FC(F)(F)CNC(=O)C1(CCCCN2CCC(NC(=O)c3c(-c4ccc(C(F)(F)F)cc4)cccc3)CC2)c2c(-c3c1cccc3)cccc2,training,1.0
Clc1c([C@H](Oc2c(N)ncc(-c3cn(C4CCNCC4)nc3)c2)C)c(Cl)ccc1F,training,1.0
O=C(C)[C@]1(O)[C@]2(C)[C@H]([C@H]3C([C@@H](c4ccc(N(C)C)cc4)C2)=C2C(=CC(=O)CC2)CC3)CC1,training,1.0
OCC(N)(CO)CCc1ccc(CCCCCCCC)cc1,training,1.0
Fc1ccc(NC(=O)C2(C(=O)Nc3ccc(Oc4c5c(ncc4)cc(OC)c(OC)c5)cc3)CC2)cc1,training,1.0
N#CC[C@@H](n1ncc(-c2ncnc3[nH]ccc23)c1)C1CCCC1,training,1.0
Clc1ccc(-c2cnc3[nH]cc(C(=O)c4c(F)c(NS(=O)(=O)CCC)ccc4F)c3c2)cc1,training,1.0
O=C(Nc1ccc(CCNC[C@H](O)c2ccccc2)cc1)Cc1nc(N)sc1,training,1.0
O=C(CC#N)N1C[C@H](N(C)c2ncnc3[nH]ccc23)[C@H](C)CC1,training,1.0
Clc1c(C(F)(F)F)cc(NC(=O)Nc2c(F)cc(Oc3cc(C(=O)NC)ncc3)cc2)cc1,training,1.0
S=C1N(c2cc(C(F)(F)F)c(C#N)cc2)C(=O)C(C)(C)N1c1cc(F)c(C(=O)NC)cc1,training,1.0
FC(F)(F)c1c(CN2CCN(C)CC2)ccc(NC(=O)c2cc(C#Cc3n4N=CC=Cc4nc3)c(C)cc2)c1,training,1.0
Brc1cc2c(nc(OC)c([C@H]([C@@](O)(CCN(C)C)c3c4c(ccc3)cccc4)c3ccccc3)c2)cc1,training,1.0
S(C(=O)[C@@]1(OC(=O)c2occc2)[C@H](C)C[C@@H]2[C@]1(C)C[C@H](O)[C@]1(F)[C@]3(C)C([C@@H](F)C[C@@H]21)=CC(=O)C=C3)CF,training,1.0
Fc1ccc(-c2sc(Cc3c(C)ccc([C@H]4[C@H](O)[C@@H](O)[C@H](O)[C@@H](CO)O4)c3)cc2)cc1,training,1.0
O=C1C(N2C(=O)c3c(N)cccc3C2=O)CCC(=O)N1,training,1.0
O=C(N(CC)CC)[C@@]1([C@H](CN)C1)c1ccccc1,training,1.0
Fc1c(Cn2nc(-c3nc(N)c(N(C(=O)OC)C)c(N)n3)c3c2nccc3)cccc1,training,1.0
Brc1cnc(OCCOc2c(c(NS(=O)(=O)NCCC)ncn2)-c2ccc(Br)cc2)nc1,training,1.0
O=C(NCC(C(=O)N)(C)C)[C@H](C(C)C)C[C@H](O)[C@@H](N)C[C@@H](C(C)C)Cc1cc(OCCCOC)c(OC)cc1,training,1.0
O[C@@H]([C@H](N=C(O)CCCCCCC)CN1CCCC1)c1cc2OCCOc2cc1,training,1.0
O(CCOCCOCCOCCO[C@@H]1[C@@H]2Oc3c(O)ccc4c3[C@@]32[C@](O)([C@H](N(CC=C)CC3)C4)CC1)CCOCCOCCOC,training,1.0
O=C(C=C)N1C[C@H](n2nc(-c3ccc(Oc4ccccc4)cc3)c3c(N)ncnc23)CCC1,training,1.0
S(c1c(C)cc(C)cc1)c1c(N2CC[N+]CC2)cccc1,training,1.0
Fc1c(C(=O)N2CCN(C(=O)C3CC3)CC2)cc(Cc2nnc(O)c3c2cccc3)cc1,training,1.0
Clc1c(COCCOCCCCCCNC[C@H](O)c2cc(CO)c(O)cc2)c(Cl)ccc1,training,1.0
Clc1c(F)c(Cc2c(OC)cc3N([C@@H](C(C)C)CO)C=C(C(=O)O)C(=O)c3c2)ccc1,training,1.0
O(CCCCN1CCN(c2c3c(scc3)ccc2)CC1)c1cc2NC(=O)C=Cc2cc1,training,1.0
S(=O)(=O)(Nc1cc2c(cc(-c3c(OC)c(C(C)(C)C)cc(N4C(=O)NC(=O)C=C4)c3)cc2)cc1)C,training,1.0
FC(F)(F)c1cc([C@H](OC[C@]2(c3ccccc3)NC[C@]3(NC(=O)CC3)CC2)C)cc(C(F)(F)F)c1,training,1.0
S(=O)(=O)(NC(=O)[C@]12NC(=O)[C@H]3N(C(=O)[C@@H](NC(=O)c4ncc(C)nc4)CCCCC/C=C\[C@H]1C2)C[C@H](Oc1nc2c(c4c1cccc4)cccc2)C3)C1CC1,training,1.0
Clc1ccc(C2=C(CN3CCN(c4cc(Oc5cnc6[nH]ccc6c5)c(C(=O)NS(=O)(=O)c5cc([N+](=O)[O-])c(NCC6CCOCC6)cc5)cc4)CC3)CCC(C)(C)C2)cc1,training,1.0
Fc1cc2[nH]c(-c3ccc(CNC)cc3)c3c2c(C(=O)NCC3)c1,training,1.0
P(=O)(O[C@@H]1[C@@H](N)[C@@H](OC(=O)C)[C@@H]2[C@](O)(C(=O)N)SC[C@@]1(C(=O)O)O2)(O)O,test,0.0
Fc1c(C(=O)Nc2c(C#N)c3c(s2)CCCC3)cccc1,test,0.0
O=C(O)[C@@H](N)C[N+],test,0.0
O(C)c1c2O[C@H]3[C@@]4(c2c(cc1)C=[N+](CCCCCCCCN1C(=O)c2c(C1=O)cccc2)CC4)C=C[C@@H](O)C3,test,0.0
O[C@@H]([C@@H](O)C)C,test,0.0
Clc1c(Cl)cc2ncn([C@H]3[C@H](O)[C@H](O)[C@@H](CO)O3)c2c1,test,0.0
S(=O)(=O)(N)c1ccc(CCC(=O)OCC)cc1,test,0.0
O[C@]1(CC)[C@]2(C)[C@H]([C@H]3[C@@H]([C@@H]4C(=CCCC4)CC3)CC2)CC1,test,0.0
Oc1c(C/C=C(/CC/C=C(/CC/C=C(/CC/C=C(/CC/C=C(/CC/C=C(/CC/C=C(/CCC=C(C)C)\C)\C)\C)\C)\C)\C)\C)cccc1,test,0.0
O(CCN1CCCCC1)c1ccc(C2=Cn3ncc(-c4ccncc4)c3N=C2)cc1,test,0.0
Brc1n([C@H]2[C@H](O)[C@@H](O)[C@H](COP(=O)(OP(=O)(O)O)O)O2)c2ncnc(N)c2n1,test,0.0
Cl[C@@H]1N(CCNCc2c3c(sc2)ccc(Cl)c3)[C@@H](O)C(NCC[C@H]2NCCCC2)=NC1,test,0.0
O=C(O)c1c(c(c(C(=O)O)[nH]1)-c1c2c([nH]c1)cccc2)-c1c2c([nH]c1)cccc2,test,0.0
P(=O)(OC[C@H]1[C@H](N)C[C@H](N2C(=O)NC(=O)C(C)=C2)O1)(O)O,test,0.0
OC[C@]12[C@@H](C)[C@H]([C@@H](c3ccc(O)cc3)OC1)C(C)=C[C@@H]2C,test,0.0
P(=O)(OCc1c(CN[C@H](C(=O)O)CCC)c(O)c(C)nc1)(O)O,test,0.0
O=C(O)COc1c2c(ccc1)cccc2,test,0.0
O=C1C([C@H](C[C@@H](O)C)c2ccccc2)=C(O)c2c(O1)cccc2,test,0.0
C[n+]1c2c3ncc(C)cc3c(C)c(C)c2cc(C)c1,test,0.0
O=C(OCC)[C@@H](N[C@H](C(=O)N1[C@H](C(=O)O)C[C@H]2[C@@H]1CCCC2)C)CCC,test,0.0
N#CC(C(C)C)(CC(N(C)C)C)c1ccccc1,test,0.0
O=C1N=C(c2cc(C)c(O)cc2)CC(c2ccccc2)=N1,test,0.0
O=C1C(c2c3c(n(CCCN)c2)cccc3)=C(c2c3c([nH]c2)cccc3)C(=O)N1,test,0.0
[W-]([O+])(O[W-]([O+])(O)O)(OC[C@H]1[C@H](O)[C@@H](O)[C@H](n2c3ncnc(N)c3nc2)O1)O,test,0.0
O[C@H]1[C@H](O)c2c(c3c4c(ccc3cc2)cccc4)C[C@H]1O,test,0.0
O=C1/C(=C\O)/C[C@]2(C)[C@@H]3[C@H]([C@H]4[C@@](C)([C@](O)(C)CC4)CC3)CC[C@H]2C1,test,0.0
F[C@@H]1[C@@H](O)[C@H](O)[C@@H](CO)O[C@H]1Oc1c([N+](=O)[O-])cc([N+](=O)[O-])cc1,test,0.0
Clc1c(C(F)(F)F)cccc1CN(C[C@H](c1ccccc1)C1CCCCC1)CCCOc1cc(CC(=O)O)ccc1,test,0.0
S=C(NCCc1c(F)c(OCC)ccn1)Nc1ncc(C#N)cc1,test,0.0
P(=O)(OC1[C@@H](O)[C@H](O)C(O)[C@H](O)[C@H]1O)([O-])[O-],test,0.0
NCC1(c2ccccc2)CCCC1,test,0.0
Clc1cc([C@@H](Oc2c3c(N)nc(N)nc3ccc2)C)ccc1,test,0.0
S(SCCNC(=O)C1CCC(NC(=O)c2c(C(=O)O)nccn2)CC1)CCNC(=O)C,test,0.0
Clc1ccc([C@H](CN)c2ccc(-c3c[nH]nc3)cc2)cc1,test,0.0
O=C(CCC(O)(C)C)CC,test,0.0
O(c1ccc(C2(N3CCN(c4ncccn4)CC3)C(=O)NC(=O)NC2=O)cc1)c1ccccc1,test,0.0
O=C(Nc1cc(C#N)ccc1)c1ccc(-c2c(C)ccc(-c3oc(C)nn3)c2)cc1,test,0.0
C(c1ccccc1)C1=NCCN1,test,0.0
O=C(OC)[C@]1(O)[C@]2(C)O[C@@H](n3c4c5n2c2c(c5c5c(C(=O)NC5)c4c4c3cccc4)cccc2)C1,test,0.0
O=C(Oc1c2O[C@H]3[C@]4(OC)[C@@H]([C@](O)(CCC)C)C[C@@]5([C@@H]6N(C)CC[C@]35c2c(cc1)C6)C=C4)C,test,0.0
O=C(O)[C@@H](N)c1ccc(O)cc1,test,0.0
OC[C@H]1[C@H](O)C[C@H](n2c3ncnc(C)c3nc2)O1,test,0.0
Oc1nc(N)nc2n(C)c[n+](C)c12,test,0.0
FC(F)(F)c1ccc(NC(=O)c2c(C)onc2)cc1,test,0.0
P(=O)(O)(O)C(P(=O)(O)O)(O)Cc1cc(-c2ccc(-c3ccccc3)cc2)ccc1,test,0.0
C(CC[N+]1(C)CCCC1)CC[N+]1(C)CCCC1,test,0.0
O(C)c1cc2c(C(O)C3N4CC(C=C)C(C3)CC4)ccnc2cc1,test,0.0
O=C(N1[C@H](B(O)O)CCC1)[C@H]1NCCC1,test,0.0
S=P(N1CC1)(N1CC1)N1CC1,test,1.0
O=C(CO)[C@]1(O)[C@]2(C)[C@H]([C@H]3[C@@H]([C@]4(C)C(=CC(=O)C=C4)CC3)C(=O)C2)CC1,test,1.0
O=C(OCC)C1(c2ccccc2)CCN(C)CC1,test,1.0
O=C1C=C2[C@@](C)([C@@H]3[C@H]([C@H]4[C@@](C)([C@@H](O)CC4)CC3)CC2)CC1,test,1.0
Clc1cc2C(=[N+]([O-])CC(NC)=Nc2cc1)c1ccccc1,test,1.0
O=C(N)C=1C(=O)[C@@]2(O)C(O)=C3C(=O)c4c(O)cccc4[C@](O)(C)[C@H]3C[C@H]2[C@H](N(C)C)C=1O,test,1.0
OC/C=C(/C=C/C=C(/C=C/C=1C(C)(C)CCCC=1C)\C)\C,test,1.0
O=[N+](O[C@H]1[C@H]2OC[C@H](O[N+](=O)[O-])[C@H]2OC1)[O-],test,1.0
O(C)c1cc(NC(CCCN)C)c2ncccc2c1,test,1.0
O(C)c1c2occc2cc2c1OC(=O)C=C2,test,1.0
O=C(N(c1ccccc1)C1CCN(CCc2ccccc2)CC1)CC,test,1.0
Oc1c(C)c(C)c2O[C@@](CCC[C@@H](CCC[C@@H](CCCC(C)C)C)C)(C)CCc2c1C,test,1.0
Clc1ccc(NC=2C(=NC(C)C)C=C3N(c4ccc(Cl)cc4)c4c(N=C3C=2)cccc4)cc1,test,1.0
O=C(O)/C=C(\C=C\C=C(/C=C/C=1C(C)(C)CCCC=1C)\C)/C,test,1.0
FC(F)(F)c1c([N+](=O)[O-])ccc(NC(=O)C(C)C)c1,test,1.0
O=[N+](O[C@H]1[C@H]2OC[C@H](O)[C@H]2OC1)[O-],test,1.0
O=C(N(CC)CC)N[C@H]1C=C2[C@H](N(C)C1)Cc1c3c([nH]c1)cccc23,test,1.0
Clc1c(C(OCc2c(Cl)cc(Cl)cc2)Cn2cncc2)ccc(Cl)c1,test,1.0
Clc1cc2C(c3ccccc3)=NCc3n(-c2cc1)cnn3,test,1.0
O=C(O[C@@H]1C(C)=C2[C@@H](OC(=O)C)C(=O)[C@]3(C)[C@@H](O)C[C@@H]4[C@](OC(=O)C)([C@H]3[C@H](OC(=O)c3ccccc3)[C@@](O)(C2(C)C)C1)CO4)[C@H](O)[C@@H](NC(=O)c1ccccc1)c1ccccc1,test,1.0
S(CCC)c1cc2[nH]c(NC(=O)OC)nc2cc1,test,1.0
CN1CC2N(c3ncccc3Cc3c2cccc3)CC1,test,1.0
N(C/C=C/C#CC(C)(C)C)(Cc1c2c(ccc1)cccc2)C,test,1.0
O([C@@H]([C@@H]1OCCNC1)c1ccccc1)c1c(OCC)cccc1,test,1.0
O(CCO)CCN1CCN(C2=Nc3c(Sc4c2cccc4)cccc3)CC1,test,1.0
S(=O)(=O)(Nc1ccc(OCCN(CCc2ccc(NS(=O)(=O)C)cc2)C)cc1)C,test,1.0
[SH0](=O)(CCCC(F)(F)C(F)(F)F)CCCCCCCCC[C@H]1C2[C@H]3[C@@](C)([C@@H](O)CC3)CC[C@@H]2c2c(cc(O)cc2)C1,test,1.0
O=C(N[C@@H](CC(C)C)c1c(N2CCCCC2)cccc1)Cc1cc(OCC)c(C(=O)O)cc1,test,1.0
O=C(OCC(=O)[C@]12[C@]3(C)[C@H]([C@H]4[C@H]([C@@H](O)C3)[C@]3(C)C(=CC(=O)C=C3)CC4)C[C@H]1O[C@@H](C1CCCCC1)O2)C(C)C,test,1.0
Clc1c(CCN2CCN(c3nsc4c3cccc4)CC2)cc2c(NC(=O)C2)c1,test,1.0
S(=O)(=O)(N(C[C@@H](O)[C@@H](NC(=O)O[C@@H]1COCC1)Cc1ccccc1)CC(C)C)c1ccc(N)cc1,test,1.0
FC(F)(F)c1cc([C@H](O[C@@H]2[C@@H](N(CC3=NNC(=O)N3)CCO2)c2ccc(F)cc2)C)cc(C(F)(F)F)c1,test,1.0
Clc1cc(c(-c2cnc(C)cc2)nc1)-c1ccc(S(=O)(=O)C)cc1,test,1.0
O=C(Oc1c([C@H](CCN(C(C)C)C(C)C)c2ccccc2)cc(CO)cc1)C(C)C,test,1.0
O[C@@H]1C/C(=C/C=C\2/[C@H]3[C@@](C)([C@@H]([C@@H](CCCC(C)C)C)CC3)CCC/2)/C(=C)CC1,test,1.0
O=C(OC1C[C@@H]2[N+](C(C)C)(C)[C@H](C1)CC2)C(CO)c1ccccc1,test,1.0
O=C1N(C)C(=O)OC1(CC)C,test,1.0
F[C@]12[C@@H](O)C[C@]3(C)[C@@](O)(C(=O)CO)[C@H](O)C[C@H]3[C@@H]1CCC=1[C@]2(C)C=CC(=O)C=1,test,1.0
O=C(N[C@H](CO)C)[C@@H]1C=C2[C@H](N(C)C1)Cc1c3c([nH]c1)cccc23,test,1.0
FC1(F)CCC(C(O)=N[C@@H](CCN2[C@H]3CC(n4c(C(C)C)nnc4C)C[C@@H]2CC3)c2ccccc2)CC1,test,1.0
O=C(N[C@@H](C(C)(C)C)C(=O)N1[C@H](C(=O)N[C@H](C(=O)C(=O)NC2CC2)CCC)[C@@H]2[C@H](C1)CCC2)[C@@H](NC(=O)c1nccnc1)C1CCCCC1,test,1.0
Clc1cc2c(Oc3c(cccc3)C3C2CN(C)C3)cc1,test,1.0
Clc1sc(C(=O)NC[C@@H]2OC(=O)N(c3ccc(N4C(=O)COCC4)cc3)C2)cc1,test,1.0
O=C(O[C@@]1(C(=O)C)[C@]2(C)[C@H]([C@H]3[C@@H]([C@]4(C)C(=CC(=O)CC4)CC3)CC2)CC1)CCCCC,test,1.0
N#C/C=C/c1cc(C)c(Nc2nc(Nc3ccc(C#N)cc3)ncc2)c(C)c1,test,1.0
O=C(C)C=1C(=O)N(C2CCCC2)c2nc(Nc3ncc(N4CCNCC4)cc3)ncc2C=1C,test,1.0
Clc1c(NC(O)=NC2CC2)ccc(Oc2c3c(ncc2)cc(OC)c(C(O)=N)c3)c1,test,1.0
FC(F)(F)Oc1ccc(-c2c(C)c(C(=O)Nc3cnc(N4C[C@@H](C)O[C@@H](C)C4)cc3)ccc2)cc1,test,1.0
Clc1c(C(O)=NCC(O)=N[C@@H](CC(C)C)B(O)O)cc(Cl)cc1,test,1.0
S(=O)(=O)(NCC(=O)N[C@@H](C(=O)N1CCCCC1)CCNc1cc[n+]cc1)C1CCCCC1,val,0.0
S(=O)(=O)(O)c1cc(/N=N/c2c(O)n(-c3c(C)cc(S(=O)(=O)O)cc3)nc2C)c(C(=O)O)cc1,val,0.0
S[C@@H](C(=O)N[C@H](C(=O)N[C@H](C(=O)O)C)Cc1ccccc1)Cc1ccccc1,val,0.0
Fc1c(O)ccc(/C=N/OC(=O)C2CCCCC2)c1,val,0.0
S(=O)(=O)(O)c1c2c(NC(=O)c3cc(NC(=O)c4cc(NC(=O)Nc5cc(C(=O)Nc6c(C)ccc(C(=O)Nc7c8c(S(=O)(=O)O)cc(S(=O)(=O)O)cc8c(S(=O)(=O)O)cc7)c6)ccc5)ccc4)c(C)cc3)ccc(S(=O)(=O)O)c2cc(S(=O)(=O)O)c1,val,0.0
S(C)c1cc2N(CCC3N(C)CCCC3)c3c(Sc2cc1)cccc3,val,0.0
O=C(O)CCCCc1ccccc1,val,0.0
O([C@H](C(C[C@H](N(C)C)C)(c1ccccc1)c1ccccc1)CC)C(=O)C,val,0.0
Clc1nc2nc(N3C(=O)c4c(C3CC(=O)CCC(C)C)cccc4)ccc2cc1,val,0.0
P(=O)(OP(=O)(O[C@H]1[C@H](NC(=O)C)[C@@H](O[C@@](OP(=O)(O)O)(C(=O)O)C)[C@@H](O)[C@@H](CO)O1)O)(OC[C@H]1[C@H](O)[C@@H](O)[C@H](N2C(=O)NC(=O)C=C2)O1)O,val,0.0
O=C(O)c1cc(/C=N/OCCO/N=C/C=2NC(=O)NC(=O)C=2)ccc1,val,0.0
Fc1c(F)c(-c2c(OCCO)cccc2)ccc1F,val,0.0
C(c1ccccc1)(c1ccccc1)=C1CC[N+](C)(C)CC1,val,0.0
O[C@H](/C=C/[C@@H](C)[C@@H]1[C@]2(C)[C@H](/C(=C/C=C/3\C(=C)[C@@H](O)C[C@H](O)C\3)/CCC2)CC1)C1CC1,val,0.0
Fc1ccc([C@@H](NC=2S[C@](C(O)(C)C)(C)C(=O)N=2)C)cc1,val,0.0
S(=O)(=O)(O[Al](O)O)OC[C@@H]1[C@@H](OS(=O)(=O)O[Al](O)O)[C@H](OS(=O)(=O)O[Al](O)O)[C@@H](OS(=O)(=O)O[Al](O)O)[C@H](O[C@@]2(COS(=O)(=O)O[Al](O)O)[C@@H](OS(=O)(=O)O[Al](O)O)[C@H](OS(=O)(=O)O[Al](O)O)[C@@H](OS(=O)(=O)O[Al](O)O)O2)O1,val,0.0
NCCCC,val,0.0
S(=O)(=O)(N[C@@H](C(=O)O)CC#CCOC)c1ccc(-c2ccc(OC)cc2)cc1,val,0.0
O[C@H](CO)[C@H]1[C@H](O)[C@@H](O)[C@H](O)[C@@H](O)O1,val,0.0
[PH](=O)(O[C@@H](C(C)(C)C)C)C,val,0.0
O=C(O)CCc1cc(OC)c(OC)cc1,val,0.0
O=C(N(C)C)N1C[C@H](c2cc(O)ccc2)c2c(c(C)c(C)cc2)C1,val,0.0
Fc1ccc(-c2ccc(C(=O)O)cc2)cc1,val,0.0
Clc1c(F)ccc([C@H](NC(=O)c2[nH]cc(-c3c(-c4cc(Cl)ccc4)c[nH]n3)c2)CO)c1,val,0.0
NC12CC3CC(C1)CC(C2)C3,val,0.0
O=C(Nc1n(-c2cc(N)ccc2)nc(C(C)(C)C)c1)Nc1c2c(ccc1)cccc2,val,0.0
S(=O)(=O)(N)c1cc2c(cc1)C[C@@H](NC(=O)C(CCC)CCC)C2,val,0.0
O=C(O)C(C)c1cc2c(Sc3c(C(=O)C2)cccc3)cc1,val,0.0
O=C1c2sccc2C(=C2CCN(C)CC2)c2c(cccc2)C1,val,0.0
O=C(O)[C@H](N)c1ccc(O)cc1,val,0.0
O=C(CCC1CCN(Cc2ccccc2)CC1)c1cc2NCCCCc2cc1,val,0.0
O=C1NC=N[C@H]2C(CN3C[C@H](O)[C@@H](CO)C3)=CN[C@@H]12,val,0.0
Clc1c(C)c(NC(=O)[C@@H]2CN(C(=O)C2)C2CCCCC2)ccc1,val,0.0
O=C(O)[C@@H](CCCC)c1c2c([nH]c1)cccc2,val,0.0
O=C(N[C@H](CO)C)c1c(C)nc(-c2nc(Nc3cc(C)cc(C)c3)ncc2)s1,val,0.0
Clc1c(C)c(/N=C/2\O[C@@H](C(F)(F)F)[C@@H]3[C@@H](O)CCN\23)ccc1C#N,val,0.0
Clc1c(NC2=Nc3c(-n4c2cnc4)cc(N2C[C@H](C)NCC2)cc3)c(C)ccc1,val,0.0
O=C1C(c2c3c(n(CC[C@@H]4N(C)CCC4)c2)cccc3)=C(c2c3c([nH]c2)cccc3)C(=O)N1,val,0.0
P(=O)(OC[C@@H](O)[C@@H](O)[C@H](O)[C@@H](O)CO)(O)O,val,0.0
O=C([O-])C(=[N+])C,val,0.0
O=C([O-])[C@@H]1O[Sb]2(O[Sb]34([O-])O[C@H]([C@H](O)CO)[C@@H]([C@H](C(=O)[O-])O3)O4)(O)O[C@H]([C@H](O)CO)[C@@H]1O2,val,0.0
O=C(C)N1[C@H](C)Cc2c(C(c3ccc(N)cc3)=N1)cc1OCOc1c2,val,0.0
O=C(N[C@@H](C(=O)O)C(C)C)N,val,0.0
Oc1c2[C@H]3[C@@H]([C@H](c4ccc(O)cc4)Oc2ccc1)CCC3,val,0.0
Fc1ccc(C2=CCN(CCCC3=Nc4c(C)cccc4C(=O)N3)CC2)cc1,val,0.0
N(CCC=C1c2c(cccc2)CCc2c1cccc2)(C)C,val,1.0
Clc1ccc(C2(O)CCN(CCCC(=O)c3ccc(F)cc3)CC2)cc1,val,1.0
ClC(Cl)C(F)(F)OC,val,1.0
O=C(CC(c1ccccc1)C=1C(=O)Oc2c(C=1O)cccc2)C,val,1.0
Clc1cc2nc3c(c(NC(CCCN(CC)CC)C)c2cc1)cc(OC)cc3,val,1.0
S(SC(=S)N(CC)CC)C(=S)N(CC)CC,val,1.0
O=C(N[C@@]1(C)C(=O)N2[C@@H](Cc3ccccc3)C(=O)N3[C@H]([C@]2(O)O1)CCC3)[C@@H]1C=C2[C@H](N(C)C1)Cc1c3c([nH]c1)cccc23,val,1.0
O(C)c1cc2c([C@@H](O)[C@H]3N4C[C@H](C=C)[C@H](C3)CC4)ccnc2cc1,val,1.0
O=C(N)N1c2c(cccc2)C=Cc2c1cccc2,val,1.0
O(C)c1c2O[C@@H]3[C@]4(c2c(cc1)CN(C)CC4)C=C[C@H](O)C3,val,1.0
O=C1[C@@H]2Oc3c(O)ccc4c3[C@@]32[C@H]([C@H](N(C)CC3)C4)CC1,val,1.0
O=C(O[C@]([C@@H](CN(C)C)C)(Cc1ccccc1)c1ccccc1)CC,val,1.0
Brc1cc2C(c3ncccc3)=NCC(=O)Nc2cc1,val,1.0
Fc1ccc(C(CCCN2CCC(N3C(=O)Nc4c3cccc4)CC2)c2ccc(F)cc2)cc1,val,1.0
Oc1c(C(C)C)cccc1C(C)C,val,1.0
C(CC1NCCCC1)(C1CCCCC1)C1CCCCC1,val,1.0
O=C(OCC(COC(=O)N)c1ccccc1)N,val,1.0
Clc1c(C2=NCc3n(c(C)nn3)-c3c2cc(Cl)cc3)cccc1,val,1.0
O=C(N)Cc1ccc(OCC(O)CNC(C)C)cc1,val,1.0
Clc1cc2C(c3c(F)cccc3)=NCC(=S)N(CC(F)(F)F)c2cc1,val,1.0
O=C(Nc1c(C)cccc1C)C1N(CCCC)CCCC1,val,1.0
Clc1cc(N2CCN(CCCN3C(=O)N(CC)C(CC)=N3)CC2)ccc1,val,1.0
O=[N+]([O-])c1cc(C2C(C(=O)OCCN(Cc3ccccc3)C)=C(C)NC(C)=C2C(=O)OC)ccc1,val,1.0
Clc1c2c(c3c(c(C(O)CCN(CCCC)CCCC)c2)ccc(C(F)(F)F)c3)cc(Cl)c1,val,1.0
O=C(N1CCN(c2nc(N)c3c(n2)cc(OC)c(OC)c3)CC1)C1Oc2c(OC1)cccc2,val,1.0
S(=O)(=O)(N[C@H](C(=O)N1[C@@H](C(=O)O)C[C@H](C)CC1)CCCN=C(N)N)c1c2NC[C@H](C)Cc2ccc1,val,1.0
O=C(OC(C)C)C1=C(C)NC(C)=C(C(=O)OC)C1c1c2nonc2ccc1,val,1.0
O(C)c1ccc(C(CN(C)C)C2(O)CCCCC2)cc1,val,1.0
O(CC1(C)Oc2c(C)c(C)c(O)c(C)c2CC1)c1ccc(CC2C(=O)NC(=O)S2)cc1,val,1.0
O=C(Oc1cc2c(CC)c3c(nc2cc1)C=1N(C(=O)C2=C([C@@](O)(CC)C(=O)OC2)C=1)C3)N1CCC(N2CCCCC2)CC1,val,1.0
[SH0](=O)(Cc1c(OC)c(OC)ccn1)c1[nH]c2c(n1)ccc(OC(F)F)c2,val,1.0
O=C1C=C2[C@@](C)([C@@H]3[C@H]([C@H]4[C@@](C)(C(=O)CC4)CC3)CC2=C)C=C1,val,1.0
N#Cc1ccc(C(n2ncnc2)c2ccc(C#N)cc2)cc1,val,1.0
O=C(O)Cc1cc2/C(=C\CCN(C)C)/c3c(cccc3)COc2cc1,val,1.0
O=C1N(Cc2ccc(-c3c(-c4n[nH]nn4)cccc3)cc2)c2nc(C)nc(C)c2CC1,val,1.0
O=C1N(C)CC(=O)N2[C@H](c3cc4OCOc4cc3)c3[nH]c4c(c3C[C@H]12)cccc4,val,1.0
O([C@@H]1[C@@H](C)C(=O)[C@@H](C)C(=O)O[C@H](CC)[C@@]2(C)OC(=O)N(CCCCn3cc(-c4cnccc4)nc3)[C@@H]2[C@@H](C)C(=O)[C@H](C)C[C@]1(OC)C)[C@H]1[C@H](O)[C@@H](N(C)C)C[C@@H](C)O1,val,1.0
Clc1cnc(N2[C@@H](OC(=O)N3CCN(C)CC3)c3nccnc3C2=O)cc1,val,1.0
Oc1ccc(C(CN(C)C)C2(O)CCCCC2)cc1,val,1.0
Clc1c(C(F)(F)F)cc(NC(=O)Nc2ccc(Oc3cc(C(=O)NC)ncc3)cc2)cc1,val,1.0
O=C(OCCN1CCOCC1)CC/C(=C/Cc1c(OC)c(C)c2c(c1O)C(=O)OC2)/C,val,1.0
O=C(NCC[C@H]1c2c3c(OCC3)ccc2CC1)CC,val,1.0
Clc1cc2C3(c4ccccc4)OC(C)=CC(=O)N3CC(=O)N(C)c2cc1,val,1.0
O[C@@H]1CC=2[C@@](C)([C@@H]3[C@H]([C@H]4[C@@](C)(C(c5cnccc5)=CC4)CC3)CC=2)CC1,val,1.0
S(=O)(=O)(N)c1c(C)ccc(Nc2nc(N(C)c3cc4nn(C)c(C)c4cc3)ccn2)c1,val,1.0
ON=C(O)/C=C/c1ccc(CNCCc2c(C)[nH]c3c2cccc3)cc1,val,1.0
O=C(O)CC[C@@H](C)[C@@H]1[C@]2(C)[C@H]([C@@H]3[C@H](O)C[C@H]4[C@@](C)([C@H]3CC2)CC[C@@H](O)C4)CC1,val,1.0
O=C(N[C@@H](C(C)(C)C)C(=O)N1[C@H](C(=O)NC(C(=O)C(=O)N)CC2CCC2)[C@H]2C(C)(C)[C@H]2C1)NC(C)(C)C,val,1.0
O=C1N(c2ccccc2)C=C(c2ncccc2)C=C1c1c(C#N)cccc1,val,1.0
S(=O)(=O)(Nc1c(F)c(-c2c(-c3nc(N)ncc3)sc(C(C)(C)C)n2)ccc1)c1c(F)cccc1F,val,1.0
S(=O)(=O)(NC(=O)COCCCCN(C(C)C)c1nc(c(-c2ccccc2)nc1)-c1ccccc1)C,val,1.0
