,smiles,value,cano_smiles
0,CCCCNC(=O)NCCCOC1=CC=CC(=C1)CN2CCCCC2,-1.909983694939844,CCCCNC(=O)NCCCOc1cccc(CN2CCCCC2)c1
1,CC(C)C(=O)NC(=NCCCC1=CN=CN1)N,-2.4800069429571505,CC(C)C(=O)NC(N)=NCCCc1cnc[nH]1
2,C1CCN(CC1)CC2=CC(=CC=C2)OCCCNC(=O)NC3=CC=C(C=C3)C(F)(F)F,-3.229999065949292,O=C(NCCCOc1cccc(CN2CCCCC2)c1)Nc1ccc(C(F)(F)F)cc1
3,COC1=CC=CC=C1NC(=O)NCCCOC2=CC=CC(=C2)CN3CCCCC3,-2.8900016131846367,COc1ccccc1NC(=O)NCCCOc1cccc(CN2CCCCC2)c1
4,CN=CNC1=CC=C(C=C1)C2=CN=CN2.Cl.Cl,-3.0799983980783527,CN=CNc1ccc(-c2cnc[nH]2)cc1.Cl.Cl
5,CC(C)CN=CNC1=CC=C(C=C1)C2=CN=CN2.Cl.Cl,-0.7199938263676039,CC(C)CN=CNc1ccc(-c2cnc[nH]2)cc1.Cl.Cl
6,C1CCN(CC1)CCCOC2=CC=C(C=C2)CCCNC3=CC=NC4=CC=CC=C43,-4.0,c1ccc2c(NCCCc3ccc(OCCCN4CCCCC4)cc3)ccnc2c1
7,C1CCN(CC1)CC2=CC(=CC=C2)OCCCNC(=O)NC3=CC=CC(=C3)N,-2.1899953399643186,Nc1cccc(NC(=O)NCCCOc2cccc(CN3CCCCC3)c2)c1
8,C1CCN(CC1)CC2=CC(=CC=C2)OCCCNC(=O)NC3=CC(=CC=C3)[N+](=O)[O-],-2.4299943841517067,O=C(NCCCOc1cccc(CN2CCCCC2)c1)Nc1cccc([N+](=O)[O-])c1
9,C1CCC(C1)CCCOCCCC2=CN=CN2,-3.6999997975545824,c1ncc(CCCOCCCC2CCCC2)[nH]1
10,C1CCN(CC1)CC2=CC(=CC=C2)OCCCN=C(NCCN)NC#N,-3.04000071447332,N#CNC(=NCCCOc1cccc(CN2CCCCC2)c1)NCCN
11,CC(C)(C)NC(=O)NCCCOC1=CC=CC(=C1)CN2CCCCC2,-3.320000804264728,CC(C)(C)NC(=O)NCCCOc1cccc(CN2CCCCC2)c1
12,CC(C)N=CNC1=CC=C(C=C1)C2=CN=CN2,-1.2400497721126476,CC(C)N=CNc1ccc(-c2cnc[nH]2)cc1
13,CCN=CNC1=CC=C(C=C1)C2=CN=CN2.Cl.Cl,-1.63002085111341,CCN=CNc1ccc(-c2cnc[nH]2)cc1.Cl.Cl
14,C1CCN(CC1)CC2=CC(=CC=C2)OCCCN=C(NCCNC(=O)CCCCCNC3=CC=C(C4=NON=C34)[N+](=O)[O-])NC#N,-1.4099331233312946,N#CNC(=NCCCOc1cccc(CN2CCCCC2)c1)NCCNC(=O)CCCCCNc1ccc([N+](=O)[O-])c2nonc12
15,COC1=CC=C(C=C1)NC(=O)NCCCOC2=CC=CC(=C2)CN3CCCCC3,-2.800001827817969,COc1ccc(NC(=O)NCCCOc2cccc(CN3CCCCC3)c2)cc1
16,CC1=C(N=CN1)CSCCNC(=NCCSCC2=NC=CS2)N,-2.8900016131846367,Cc1[nH]cnc1CSCCNC(N)=NCCSCc1nccs1
17,CC(=NOC)C1=CC=C(C=C1)OCC2=CC=C(C=C2)CN3CCCCC3.C(=O)(C(=O)O)O,-3.59999981394342,CON=C(C)c1ccc(OCc2ccc(CN3CCCCC3)cc2)cc1.O=C(O)C(=O)O
18,CC1=C(N=CN1)CSCCN=C(N)SCCCC2=CN=CN2,-3.519999840669677,Cc1[nH]cnc1CSCCN=C(N)SCCCc1cnc[nH]1
19,CC(C)(C)N=CNC1=CC=C(C=C1)C2=CN=CN2.Cl.Cl,-1.0499928569201429,CC(C)(C)N=CNc1ccc(-c2cnc[nH]2)cc1.Cl.Cl
20,C1CCC(C1)CCCOCCCC2=CN=CN2.C(=CC(=O)O)C(=O)O,-3.6999997975545824,O=C(O)C=CC(=O)O.c1ncc(CCCOCCCC2CCCC2)[nH]1
21,CCNC(=O)NCCCOC1=CC=CC(=C1)CN2CCCCC2,-1.610021024664145,CCNC(=O)NCCCOc1cccc(CN2CCCCC2)c1
22,C1=CC=C2C(=C1)C(=CN2)CCC(=O)NC(=NCCCC3=CN=CN3)N,-2.640004146531061,NC(=NCCCc1cnc[nH]1)NC(=O)CCc1c[nH]c2ccccc12
23,C1CCC(CC1)NC(=O)NCCCOC2=CC=CC(=C2)CN3CCCCC3,-1.6399842480415885,O=C(NCCCOc1cccc(CN2CCCCC2)c1)NC1CCCCC1
24,CC(C)NC(=O)NCCCOC1=CC=CC(=C1)CN2CCCCC2,-1.6399842480415885,CC(C)NC(=O)NCCCOc1cccc(CN2CCCCC2)c1
25,CCC(C)(C)N=CNC1=CC=C(C=C1)C2=CN=CN2.Cl.Cl,-0.8800128383667718,CCC(C)(C)N=CNc1ccc(-c2cnc[nH]2)cc1.Cl.Cl
26,CC1=NN(C(=O)C1[N+](=O)[O-])C2=CC=C(C=C2)[N+](=O)[O-].CC1=C(N=CN1)CSCCNC(=NCCCC2=CN(C=N2)C)N,-3.1999991251967965,CC1=NN(c2ccc([N+](=O)[O-])cc2)C(=O)C1[N+](=O)[O-].Cc1[nH]cnc1CSCCNC(N)=NCCCc1cn(C)cn1
27,CC1=C(N=CN1)CSCCNC(=NCCCC2=NC=CS2)N.C1=C(C=C(C(=C1[N+](=O)[O-])O)[N+](=O)[O-])[N+](=O)[O-],-2.5000030680516936,Cc1[nH]cnc1CSCCNC(N)=NCCCc1nccs1.O=[N+]([O-])c1cc([N+](=O)[O-])c(O)c([N+](=O)[O-])c1
28,CC1=C(N=CN1)CSCCNC(=NCCCC2=NC=CS2)N,-2.5000030680516936,Cc1[nH]cnc1CSCCNC(N)=NCCCc1nccs1
29,CN(C)C1=CC=CC2=C1C=CC=C2S(=O)(=O)NCCNC(=NCCCOC3=CC=CC(=C3)CN4CCCCC4)NC#N,-3.289998975481485,CN(C)c1cccc2c(S(=O)(=O)NCCNC(=NCCCOc3cccc(CN4CCCCC4)c3)NC#N)cccc12
30,COC1=CC=C(C=C1)NC(=S)NCCCOC2=CC=CC(=C2)CN3CCCCC3,-3.6400001669061024,COc1ccc(NC(=S)NCCCOc2cccc(CN3CCCCC3)c2)cc1
31,CC1=C(SC(=N1)N)CCN,-3.700011062322112,Cc1nc(N)sc1CCN
33,C1CCN(CC1)CC2=CC(=CC=C2)OCCCNC(=O)NCC3=CC=CC=C3,-2.5400039448500267,O=C(NCCCOc1cccc(CN2CCCCC2)c1)NCc1ccccc1
34,C1CCN(CC1)CC2=CC(=CC=C2)OCCCNC(=O)NC3=CC=C(C=C3)Cl,-2.800001827817969,O=C(NCCCOc1cccc(CN2CCCCC2)c1)Nc1ccc(Cl)cc1
35,CCCC(=O)NC(=NCCCC1=CN=CN1)N,-2.6099997038422305,CCCC(=O)NC(N)=NCCCc1cnc[nH]1
36,CC1=C(N=CN1)CSCCNC(=NCCSCC2=C(NC=N2)C)N,-2.330007700872759,Cc1[nH]cnc1CSCCN=C(N)NCCSCc1nc[nH]c1C
37,C1CCN(CC1)CC2=CC(=CC=C2)OCCCN=C(NCCNC(=O)C3=C4C=CC=CC4=NC5=CC=CC=C53)NC#N,-2.259999795081887,N#CNC(=NCCCOc1cccc(CN2CCCCC2)c1)NCCNC(=O)c1c2ccccc2nc2ccccc12
38,CC1=C(N=CN1)CSCCNC(=NCCSCC2=NC=CS2)N.C1=C(C=C(C(=C1[N+](=O)[O-])O)[N+](=O)[O-])[N+](=O)[O-],-2.8900016131846367,Cc1[nH]cnc1CSCCNC(N)=NCCSCc1nccs1.O=[N+]([O-])c1cc([N+](=O)[O-])c(O)c([N+](=O)[O-])c1
39,COC1=CC(=C(C=C1)OC)NC(=O)NCCCOC2=CC=CC(=C2)CN3CCCCC3,-2.200001865406602,COc1ccc(OC)c(NC(=O)NCCCOc2cccc(CN3CCCCC3)c2)c1
40,C1CCN(CC1)CC2=CC(=CC=C2)OCCCN=C(NCCCCNC(=O)C3=CC(=C(C=C3)C(=O)O)C4C5C=CC(=O)C=C5OC6=C4C=CC(=C6)O)NC#N,-4.0,N#CNC(=NCCCOc1cccc(CN2CCCCC2)c1)NCCCCNC(=O)c1ccc(C(=O)O)c(C2c3ccc(O)cc3OC3=CC(=O)C=CC32)c1
41,C1CCN(CC1)CCCOC2=CC=C(C=C2)CCNC3=C4C=CC(=CC4=NC=C3)Cl,-3.6999997975545824,Clc1ccc2c(NCCc3ccc(OCCCN4CCCCC4)cc3)ccnc2c1
42,CC(C)CN=CNC1=CC=C(C=C1)C2=CN=CN2,-0.7201593034059569,CC(C)CN=CNc1ccc(-c2cnc[nH]2)cc1
43,C1CCN(CC1)CC2=CC(=CC=C2)OCCCNC(=O)NC3=CC=C(C=C3)[N+](=O)[O-],-2.250005028486896,O=C(NCCCOc1cccc(CN2CCCCC2)c1)Nc1ccc([N+](=O)[O-])cc1
44,C1CCN(CC1)CC2=CC(=CC=C2)OCCCN=C(NCCCCNC(=O)C3=CC(=C(C=C3)C4C5C=CC(=O)C=C5OC6=C4C=CC(=C6)O)C(=O)O)NC#N,-3.950000030146585,N#CNC(=NCCCOc1cccc(CN2CCCCC2)c1)NCCCCNC(=O)c1ccc(C2c3ccc(O)cc3OC3=CC(=O)C=CC32)c(C(=O)O)c1
45,CCCCCCOCCCC1=CN=CN1.C(=CC(=O)O)C(=O)O,-4.0,CCCCCCOCCCc1cnc[nH]1.O=C(O)C=CC(=O)O
46,CC1=C(N=CN1)CSCCNC(=NCCCCC2=CN=CN2)N,-3.059998630149692,Cc1[nH]cnc1CSCCNC(N)=NCCCCc1cnc[nH]1
47,C1CCN(CC1)CC2=CC(=CC=C2)OCCCNC(=O)NC3=CC4=C(C=C3)OCO4,-2.4599952560473914,O=C(NCCCOc1cccc(CN2CCCCC2)c1)Nc1ccc2c(c1)OCO2
48,CCC(C)NC(=O)NCCCOC1=CC=CC(=C1)CN2CCCCC2,-1.9800033715837464,CCC(C)NC(=O)NCCCOc1cccc(CN2CCCCC2)c1
49,CCC(CC)N=CNC1=CC=C(C=C1)C2=CN=CN2.Cl.Cl,-1.4999618655961902,CCC(CC)N=CNc1ccc(-c2cnc[nH]2)cc1.Cl.Cl
50,C1CCN(CC1)CC2=CC(=CC=C2)OCCCN=C(NCCCCCCNC3=CC=C(C4=NON=C34)[N+](=O)[O-])NC#N,-1.5100085129402347,N#CNC(=NCCCOc1cccc(CN2CCCCC2)c1)NCCCCCCNc1ccc([N+](=O)[O-])c2nonc12
51,C1=C(N=C(S1)N=C(N)N)CSCCC(=NS(=O)(=O)N)N,-1.7715874808812553,NC(N)=Nc1nc(CSCCC(N)=NS(N)(=O)=O)cs1
52,CCC(C)N=CNC1=CC=C(C=C1)C2=CN=CN2,-1.1501421618485586,CCC(C)N=CNc1ccc(-c2cnc[nH]2)cc1
53,C1CCN(CC1)CC2=CC(=CC=C2)OCCCNC(=O)NC3=CC(=CC=C3)Cl,-2.500003068051693,O=C(NCCCOc1cccc(CN2CCCCC2)c1)Nc1cccc(Cl)c1
54,CNC(=C[N+](=O)[O-])NCCSCC1=CC=C(O1)CN(C)C,-2.068909083365257,CNC(=C[N+](=O)[O-])NCCSCc1ccc(CN(C)C)o1
55,CCCCCCCCOCCCC1=CN=CN1.C(=CC(=O)O)C(=O)O,-3.40000061697638,CCCCCCCCOCCCc1cnc[nH]1.O=C(O)C=CC(=O)O
56,C1CCN(CC1)CC2=CC(=CC=C2)OCCCN=C(NCCCCCCCCNC3=CC=C(C4=NON=C34)[N+](=O)[O-])NC#N,-1.0398105541483504,N#CNC(=NCCCOc1cccc(CN2CCCCC2)c1)NCCCCCCCCNc1ccc([N+](=O)[O-])c2nonc12
57,CC1=C(N=CN1)CSCCN=C(N)SC,-3.840000018255536,CSC(N)=NCCSCc1nc[nH]c1C
58,CCN=CNC1=CC=C(C=C1)C2=CN=CN2,-1.63002085111341,CCN=CNc1ccc(-c2cnc[nH]2)cc1
59,CC(C)(C)N=CNC1=CC=C(C=C1)C2=CN=CN2,-1.0499928569201429,CC(C)(C)N=CNc1ccc(-c2cnc[nH]2)cc1
60,CC1=C(N=CN1)CSCC[NH+]=C(N)SC.[I-],-3.840000018255536,CSC(N)=[NH+]CCSCc1nc[nH]c1C.[I-]
61,CCC(CC)N=CNC1=CC=C(C=C1)C2=CN=CN2,-1.4999618655961902,CCC(CC)N=CNc1ccc(-c2cnc[nH]2)cc1
62,CC(C)CNC(=O)NCCCOC1=CC=CC(=C1)CN2CCCCC2,-2.229988836544811,CC(C)CNC(=O)NCCCOc1cccc(CN2CCCCC2)c1
63,CC(=O)C1=CC=C2C3=C(CC(N2C1=O)COC(=O)CCC(=O)NCCCOC4=CC=CC(=C4)CN5CCCCC5)C6=CC=CC=C6N3,-3.259999795081887,CC(=O)c1ccc2n(c1=O)C(COC(=O)CCC(=O)NCCCOc1cccc(CN3CCCCC3)c1)Cc1c-2[nH]c2ccccc12
64,C1CCN(CC1)CC2=CC(=CC=C2)OCCCNC(=O)NC3=CC=CC=C3,-2.099991233544684,O=C(NCCCOc1cccc(CN2CCCCC2)c1)Nc1ccccc1
65,COC1=CC=CC(=C1)NC(=O)NCCCOC2=CC=CC(=C2)CN3CCCCC3,-2.3005193996137856,COc1cccc(NC(=O)NCCCOc2cccc(CN3CCCCC3)c2)c1
66,COC1=CC(=C(C=C1)NC(=O)NCCCOC2=CC=CC(=C2)CN3CCCCC3)OC,-3.349999779126545,COc1ccc(NC(=O)NCCCOc2cccc(CN3CCCCC3)c2)c(OC)c1
67,CC(=O)OCC(=O)NCCCOC1=CC=CC(=C1)CN2CCCCC2,-1.5899496013257075,CC(=O)OCC(=O)NCCCOc1cccc(CN2CCCCC2)c1
68,C1=C(N=C(S1)N=C(N)N)CSCCNC2=NS(=O)N=C2N,-1.4000196350651586,NC(N)=Nc1nc(CSCCNC2=NS(=O)N=C2N)cs1
69,CCCNC(=O)NCCCOC1=CC=CC(=C1)CN2CCCCC2,-1.989983458301399,CCCNC(=O)NCCCOc1cccc(CN2CCCCC2)c1
70,C1CCN(CC1)CC2=CC(=CC=C2)OCCCN=C(NCCNC(=O)C3=CC(=C(C=C3)N)I)NC#N,-1.4399639359209049,N#CNC(=NCCCOc1cccc(CN2CCCCC2)c1)NCCNC(=O)c1ccc(N)c(I)c1
71,CCCCCCCOCCCC1=CN=CN1.C(=CC(=O)O)C(=O)O,-3.299999496116984,CCCCCCCOCCCc1cnc[nH]1.O=C(O)C=CC(=O)O
72,C1CCN(CC1)CC2=CC(=CC=C2)OCCCNC(=O)NC3CC3,-1.6799726942774185,O=C(NCCCOc1cccc(CN2CCCCC2)c1)NC1CC1
73,CCC(=O)NC(=NCCCC1=CN=CN1)N,-2.5400039448500267,CCC(=O)NC(N)=NCCCc1cnc[nH]1
74,CCCCN=CNC1=CC=C(C=C1)C2=CN=CN2,-1.0499928569201429,CCCCN=CNc1ccc(-c2cnc[nH]2)cc1
75,CC(=O)C1=CC=C(C=C1)OCC2=CC=C(C=C2)CN3CCCC3,-3.889999934748613,CC(=O)c1ccc(OCc2ccc(CN3CCCC3)cc2)cc1
76,CSCCNC(=NCCCC1=CN=CN1)NC#N,-1.2000292665537704,CSCCNC(=NCCCc1cnc[nH]1)NC#N
77,CCC(C)(C)N=CNC1=CC=C(C=C1)C2=CN=CN2,-0.8802417758954804,CCC(C)(C)N=CNc1ccc(-c2cnc[nH]2)cc1
78,C1CCN(CC1)CC2=CC(=CC=C2)OCCCN=C(NCCNC(=O)C3=CC(=C(C=C3)N=[N+]=[N-])I)NC#N,-2.1899953399643186,N#CNC(=NCCCOc1cccc(CN2CCCCC2)c1)NCCNC(=O)c1ccc(N=[N+]=[N-])c(I)c1
79,CC1=C(N=CN1)CSCCNC(=O)NCCCC2=CN=CN2,-3.799999762890647,Cc1[nH]cnc1CSCCNC(=O)NCCCc1cnc[nH]1
80,CC(C)N=CNC1=CC=C(C=C1)C2=CN=CN2.Cl.Cl,-1.4499409887733377,CC(C)N=CNc1ccc(-c2cnc[nH]2)cc1.Cl.Cl
81,CC1=C(N=CN1)CSCCNC(=NC)NC#N,-2.60000308662774,CN=C(NC#N)NCCSCc1nc[nH]c1C
82,CNC(=O)NCCCOC1=CC=CC(=C1)CN2CCCCC2,-2.1899953399643186,CNC(=O)NCCCOc1cccc(CN2CCCCC2)c1
83,CC1=C(N=CN1)CSCCNC(=NCCCCC2=CN=CN2)N.Cl.Cl.Cl,-3.059998630149692,Cc1[nH]cnc1CSCCNC(N)=NCCCCc1cnc[nH]1.Cl.Cl.Cl
84,C1CCN(CC1)CC2=CC(=CC=C2)OCCCN=C(NCCNC(=O)C3=CC(=C(C(=C3)I)N)I)NC#N,-1.2100508498751372,N#CNC(=NCCCOc1cccc(CN2CCCCC2)c1)NCCNC(=O)c1cc(I)c(N)c(I)c1
85,CC(=O)C1=CC=C(C=C1)OCC2=CC=C(C=C2)CN3CCCC3.C(=O)(C(=O)O)O,-3.889999934748613,CC(=O)c1ccc(OCc2ccc(CN3CCCC3)cc2)cc1.O=C(O)C(=O)O
86,CCCCN=CNC1=CC=C(C=C1)C2=CN=CN2.Cl.Cl,-1.0499928569201429,CCCCN=CNc1ccc(-c2cnc[nH]2)cc1.Cl.Cl
87,CC(=NOC)C1=CC=C(C=C1)OCC2=CC=C(C=C2)CN3CCCCC3,-3.59999981394342,CON=C(C)c1ccc(OCc2ccc(CN3CCCCC3)cc2)cc1
88,CCCCCCOCCCC1=CN=CN1,-4.0,CCCCCCOCCCc1cnc[nH]1
89,CC1=C(N=CN1)CSCCNC(=NCCCC2=CN(C=N2)C)N,-3.1999991251967965,Cc1[nH]cnc1CSCCNC(N)=NCCCc1cn(C)cn1
90,CC1=C(SC(=N1)N)CCN.Br,-3.6999997975545824,Br.Cc1nc(N)sc1CCN
91,CCCCCCCCOCCCC1=CN=CN1,-3.40000061697638,CCCCCCCCOCCCc1cnc[nH]1
92,CCOC1=CC=C(C=C1)NC(=O)NCCCOC2=CC=CC(=C2)CN3CCCCC3,-2.690001046883064,CCOc1ccc(NC(=O)NCCCOc2cccc(CN3CCCCC3)c2)cc1
93,CCC(C)N=CNC1=CC=C(C=C1)C2=CN=CN2.Cl.Cl,-1.1501421618485586,CCC(C)N=CNc1ccc(-c2cnc[nH]2)cc1.Cl.Cl
94,CC1=CC=C(C=C1)NC(=O)NCCCOC2=CC=CC(=C2)CN3CCCCC3,-2.800001827817969,Cc1ccc(NC(=O)NCCCOc2cccc(CN3CCCCC3)c2)cc1
95,CC1=C(N=CN1)CSCCNC(=S)NCCCC2=CN=CN2,-3.0799983980783527,Cc1[nH]cnc1CSCCNC(=S)NCCCc1cnc[nH]1
96,CC1=C(N=CN1)CSCCNC(=NCCSCC2=C(NC=N2)C)N.Cl.Cl.Cl,-2.330007700872759,Cc1[nH]cnc1CSCCN=C(N)NCCSCc1nc[nH]c1C.Cl.Cl.Cl
97,CCCCCCCOCCCC1=CN=CN1,-3.299999496116984,CCCCCCCOCCCc1cnc[nH]1
98,CC(=O)NC(=NCCCC1=CN=CN1)N,-2.5600023267733665,CC(=O)NC(N)=NCCCc1cnc[nH]1
99,C1CCN(CC1)CC2=CC(=CC=C2)OCCCNC(=O)NC3=CC=CC(=C3)C(F)(F)F,-2.909999724213982,O=C(NCCCOc1cccc(CN2CCCCC2)c1)Nc1cccc(C(F)(F)F)c1
100,C1CCN(CC1)CC2=CC(=CC=C2)OCCCN=C(NCCCNC3=CC=C(C4=NON=C34)[N+](=O)[O-])NC#N,-1.569958818096594,N#CNC(=NCCCOc1cccc(CN2CCCCC2)c1)NCCCNc1ccc([N+](=O)[O-])c2nonc12
101,C1CCN(CC1)CC2=CC(=CC=C2)OCCCNC(=O)NCCF,-1.9299805905155147,O=C(NCCF)NCCCOc1cccc(CN2CCCCC2)c1
102,CC1=C(N=CN1)CSCCNC(=NCCCC2=CN=CN2)NC#N,-2.76000004729273,Cc1[nH]cnc1CSCCNC(=NCCCc1cnc[nH]1)NC#N
103,CN=CNC1=CC=C(C=C1)C2=CN=CN2,-3.0799983980783527,CN=CNc1ccc(-c2cnc[nH]2)cc1
104,CC1=C(N=CN1)CSCCN=C(N)SCCCC2=CN=CN2.Cl.Cl.Cl,-3.519999840669677,Cc1[nH]cnc1CSCCN=C(N)SCCCc1cnc[nH]1.Cl.Cl.Cl
105,CC(=O)C1=CC=C(C=C1)OCC2=CC=C(C=C2)CN3CCCCC3,-4.1,CC(=O)c1ccc(OCc2ccc(CN3CCCCC3)cc2)cc1
106,CC(C1=CC=C(C=C1)OCCCC2=CN=CN2)NO.C(=O)(C(=O)O)O,-4.1,CC(NO)c1ccc(OCCCc2cnc[nH]2)cc1.O=C(O)C(=O)O
107,CN=C(N)NCCCCC1=CN=CN1.Cl.Cl,-4.1,CN=C(N)NCCCCc1cnc[nH]1.Cl.Cl
108,C1CCC(CC1)CCCOCC2=CN=CN2,-4.1,c1ncc(COCCCC2CCCCC2)[nH]1
109,CCCCCOCCCC1=CN=CN1,-4.1,CCCCCOCCCc1cnc[nH]1
110,CC(C1(CC1)C)NC(=O)OCCCC2=CN=CN2,-4.1,CC(NC(=O)OCCCc1cnc[nH]1)C1(C)CC1
111,CC(=NNC(=O)N)C1=CC=C(C=C1)OCCCC2=CN=CN2,-4.1,CC(=NNC(N)=O)c1ccc(OCCCc2cnc[nH]2)cc1
112,CC1=C(N=CN1)CSCCNC(=[NH+]CCCC2=CN=CN2)SC,-4.1,CSC(NCCSCc1nc[nH]c1C)=[NH+]CCCc1cnc[nH]1
113,C1CCC(CC1)CCOCCCC2=CN=CN2,-4.1,c1ncc(CCCOCCC2CCCCC2)[nH]1
114,CNCCC1=CN=C(N1)CCC(C2=CC=CC=C2)C3=CC=CC=C3,-4.1,CNCCc1cnc(CCC(c2ccccc2)c2ccccc2)[nH]1
115,CC1=C(SC(=N1)N)CCCN=C(N)NC(=O)CC(C)C2=CC=CC=C2,-4.1,Cc1nc(N)sc1CCCN=C(N)NC(=O)CC(C)c1ccccc1
116,CC1=C(SC=N1)CCN.Br,-4.1,Br.Cc1ncsc1CCN
117,COCCCC1=CN=CN1.C(=O)(C(=O)O)O,-4.1,COCCCc1cnc[nH]1.O=C(O)C(=O)O
118,CC(C1=CC=C(C=C1)OCCCC2=CN=CN2)NO,-4.1,CC(NO)c1ccc(OCCCc2cnc[nH]2)cc1
119,CC(=NOC)C1=CC=C(C=C1)OCCCC2=CN=CN2.C(=CC(=O)O)C(=O)O,-4.1,CON=C(C)c1ccc(OCCCc2cnc[nH]2)cc1.O=C(O)C=CC(=O)O
120,COCCCC1=CN=CN1,-4.1,COCCCc1cnc[nH]1
121,CC(C)(C)OCCCC1=CN=CN1.C(=CC(=O)O)C(=O)O,-4.1,CC(C)(C)OCCCc1cnc[nH]1.O=C(O)C=CC(=O)O
122,CN(C)CCC1=CN=C(N1)CCC(C2=CC=CC=C2)C3=CC=CC=C3,-4.1,CN(C)CCc1cnc(CCC(c2ccccc2)c2ccccc2)[nH]1
123,C#CCOCCCC1=CN=CN1.C(=O)(C(=O)O)O,-4.1,C#CCOCCCc1cnc[nH]1.O=C(O)C(=O)O
124,C1=C(SC(=N1)N)CCN,-4.1,NCCc1cnc(N)s1
125,CN=C(N)NCCC1=CN=CN1.OS(=O)(=O)O,-4.1,CN=C(N)NCCc1cnc[nH]1.O=S(=O)(O)O
126,CN=C(N)NCCCC1=NC=CS1,-4.1,CN=C(N)NCCCc1nccs1
127,C#CCCCOCCCC1=CN=CN1.C(=CC(=O)O)C(=O)O,-4.1,C#CCCCOCCCc1cnc[nH]1.O=C(O)C=CC(=O)O
128,CC1=C(SC=N1)CCN,-4.1,Cc1ncsc1CCN
129,C1CCN(CC1)CCCOC2=CC=C(C=C2)NC3=CC=NC4=CC=CC=C43,-4.1,c1ccc2c(Nc3ccc(OCCCN4CCCCC4)cc3)ccnc2c1
130,C1CCN(C1)C(=O)C2=CC=C(C=C2)OCCCC3=CN=CN3.C(=CC(=O)O)C(=O)O,-4.1,O=C(O)C=CC(=O)O.O=C(c1ccc(OCCCc2cnc[nH]2)cc1)N1CCCC1
131,C1=CC=C(C=C1)C(CCC2=NC=C(N2)CCN)C3=CC=CC=C3,-4.1,NCCc1cnc(CCC(c2ccccc2)c2ccccc2)[nH]1
132,CC(CC(=O)NC(=NCCCC1=NC=CN1)N)C2=CC=CC=C2,-4.1,CC(CC(=O)NC(N)=NCCCc1ncc[nH]1)c1ccccc1
133,C1=CC(=CC=C1C(=O)NN)OCCCC2=CN=CN2,-4.1,NNC(=O)c1ccc(OCCCc2cnc[nH]2)cc1
134,CC(CC(=O)NC(=NCCCN1C=CN=C1)N)C2=CC=CC=C2,-4.1,CC(CC(=O)NC(N)=NCCCn1ccnc1)c1ccccc1
135,CC(C)(C)OCCCC1=CN=CN1,-4.1,CC(C)(C)OCCCc1cnc[nH]1
136,C1CCN(CC1)CCCOC2=CC=C(C=C2)CCNC3=C4CCCCC4=NC5=CC=CC=C53,-4.1,c1ccc2c(NCCc3ccc(OCCCN4CCCCC4)cc3)c3c(nc2c1)CCCC3
137,C1CCN(CC1)CC2=CC(=CC=C2)OCCCN=C(NCCNC(=O)C3=CC(=C(C=C3)C4C5C=CC(=O)C=C5OC6=C4C=CC(=C6)O)C(=O)O)NC#N,-4.1,N#CNC(=NCCCOc1cccc(CN2CCCCC2)c1)NCCNC(=O)c1ccc(C2c3ccc(O)cc3OC3=CC(=O)C=CC32)c(C(=O)O)c1
138,CCOCCCC1=CN=CN1.C(=O)(C(=O)O)O,-4.1,CCOCCCc1cnc[nH]1.O=C(O)C(=O)O
139,CN=C(N)NCCSCC1=CN=CN1,-4.1,CN=C(N)NCCSCc1cnc[nH]1
140,C1CC1NCCC2=CN=C(N2)CCC(C3=CC=CC=C3)C4=CC=CC=C4,-4.1,c1ccc(C(CCc2ncc(CCNC3CC3)[nH]2)c2ccccc2)cc1
141,CCCOCCCC1=CN=CN1,-4.1,CCCOCCCc1cnc[nH]1
142,CC(=NOC)C1=CC=C(C=C1)OCCCC2=CN=CN2,-4.1,CON=C(C)c1ccc(OCCCc2cnc[nH]2)cc1
143,CCNCCC1=CN=C(N1)CCC(C2=CC=CC=C2)C3=CC=CC=C3,-4.1,CCNCCc1cnc(CCC(c2ccccc2)c2ccccc2)[nH]1
144,CC1=C(C=CC(=C1)C(=NO)C)OCCCC2=CN=CN2.C(=CC(=O)O)C(=O)O,-4.1,CC(=NO)c1ccc(OCCCc2cnc[nH]2)c(C)c1.O=C(O)C=CC(=O)O
145,CC(C1=CC=C(C=C1)OCC2=CC=C(C=C2)CN3CCCCC3)N=O,-4.1,CC(N=O)c1ccc(OCc2ccc(CN3CCCCC3)cc2)cc1
146,CN=C(N)NCCSCC1=NC=CS1,-4.1,CN=C(N)NCCSCc1nccs1
147,CC(=NO)C1=CC=C(C=C1)OCC2=CC=C(C=C2)CN3CCCCC3,-4.1,CC(=NO)c1ccc(OCc2ccc(CN3CCCCC3)cc2)cc1
148,CN=C(N)NCCCCC1=CN=CN1,-4.1,CN=C(N)NCCCCc1cnc[nH]1
149,C1=C(N=C(S1)N)CCN,-4.1,NCCc1csc(N)n1
150,CC1=C(N=CN1)CSCCNC(=NC)N,-4.1,CN=C(N)NCCSCc1nc[nH]c1C
151,CC(=NO)C1=C(C=C(C=C1)OCCCC2=CN=CN2)OC.C(=CC(=O)O)C(=O)O,-4.1,COc1cc(OCCCc2cnc[nH]2)ccc1C(C)=NO.O=C(O)C=CC(=O)O
152,C1CCC(CC1)COCC2=CN=CN2,-4.1,c1ncc(COCC2CCCCC2)[nH]1
153,CN=C(N)NCCCC1=CN=CN1.I,-4.1,CN=C(N)NCCCc1cnc[nH]1.I
154,CC1=C(C=CC(=C1)OCCCC2=CN=CN2)C(C)N=O,-4.1,Cc1cc(OCCCc2cnc[nH]2)ccc1C(C)N=O
155,C1=CC(=CC=C1C(=O)N)OCCCC2=CN=CN2,-4.1,NC(=O)c1ccc(OCCCc2cnc[nH]2)cc1
156,C1CCC(CC1)CCCOCCCC2=CN=CN2.C(=CC(=O)O)C(=O)O,-4.1,O=C(O)C=CC(=O)O.c1ncc(CCCOCCCC2CCCCC2)[nH]1
157,CC(CC(=O)NC(=NCCCC1=CN=CC=C1)N)C2=CC=CC=C2,-4.1,CC(CC(=O)NC(N)=NCCCc1cccnc1)c1ccccc1
158,CC(C1=CC=C(C=C1)OCCCC2=CN=CN2)O.C(=CC(=O)O)C(=O)O,-4.1,CC(O)c1ccc(OCCCc2cnc[nH]2)cc1.O=C(O)C=CC(=O)O
159,C1CCN(CC1)CCCOC2=CC=C(C=C2)CCCCNC3=C4CCCCC4=NC5=CC=CC=C53,-4.1,c1ccc2c(NCCCCc3ccc(OCCCN4CCCCC4)cc3)c3c(nc2c1)CCCC3
160,CN(C)CCCSC(=N)N,-4.1,CN(C)CCCSC(=N)N
161,CN=C(N)NCCCC1=NC=CS1.I,-4.1,CN=C(N)NCCCc1nccs1.I
162,C=CCOCCCC1=CN=CN1,-4.1,C=CCOCCCc1cnc[nH]1
163,C1=C(NC=N1)CCN,-4.1,NCCc1cnc[nH]1
164,C#CCCCOCCCC1=CN=CN1,-4.1,C#CCCCOCCCc1cnc[nH]1
165,C1CCN(CC1)CCCOC2=CC=C(C=C2)CCCCNC3=CC=NC4=CC=CC=C43,-4.1,c1ccc2c(NCCCCc3ccc(OCCCN4CCCCC4)cc3)ccnc2c1
166,CN=C(N)NCCCC1=CN=CN1,-4.1,CN=C(N)NCCCc1cnc[nH]1
167,C1CCN(C1)C(=O)C2=CC=C(C=C2)OCCCC3=CN=CN3,-4.1,O=C(c1ccc(OCCCc2cnc[nH]2)cc1)N1CCCC1
168,CC(CC(=O)NC(=NCCCC1=CC=NC=C1)N)C2=CC=CC=C2,-4.1,CC(CC(=O)NC(N)=NCCCc1ccncc1)c1ccccc1
169,CSC(=NCCCC1=CN=CN1)N,-4.1,CSC(N)=NCCCc1cnc[nH]1
170,CC(=NNC(=O)N)C1=CC=C(C=C1)OCCCC2=CN=CN2.C(=CC(=O)O)C(=O)O,-4.1,CC(=NNC(N)=O)c1ccc(OCCCc2cnc[nH]2)cc1.O=C(O)C=CC(=O)O
171,CC1=C(N=CN1)CSCCNC(=NC)N.Cl.Cl,-4.1,CN=C(N)NCCSCc1nc[nH]c1C.Cl.Cl
172,CCCCCOCCCC1=CN=CN1.C(=CC(=O)O)C(=O)O,-4.1,CCCCCOCCCc1cnc[nH]1.O=C(O)C=CC(=O)O
173,C1CCC(CC1)CCOCCCC2=CN=CN2.C(=CC(=O)O)C(=O)O,-4.1,O=C(O)C=CC(=O)O.c1ncc(CCCOCCC2CCCCC2)[nH]1
174,C#CCOCCCC1=CN=CN1,-4.1,C#CCOCCCc1cnc[nH]1
175,CCCOCCCC1=CN=CN1.C(=O)(C(=O)O)O,-4.1,CCCOCCCc1cnc[nH]1.O=C(O)C(=O)O
176,CC1=C(SC(=N1)C)CCN,-4.1,Cc1nc(C)c(CCN)s1
177,CN=C(N)NCCSCC1=CN=CN1.Cl.Cl,-4.1,CN=C(N)NCCSCc1cnc[nH]1.Cl.Cl
178,CC(C(C)(C)C)NC(=O)OCCCN1CCCCC1,-4.1,CC(NC(=O)OCCCN1CCCCC1)C(C)(C)C
179,C1CCC(CC1)CCCOCC2=CN=CN2.C(=CC(=O)O)C(=O)O,-4.1,O=C(O)C=CC(=O)O.c1ncc(COCCCC2CCCCC2)[nH]1
180,CN=C(N)NCCSCC1=NC=CS1.C1=C(C=C(C(=C1[N+](=O)[O-])O)[N+](=O)[O-])[N+](=O)[O-],-4.1,CN=C(N)NCCSCc1nccs1.O=[N+]([O-])c1cc([N+](=O)[O-])c(O)c([N+](=O)[O-])c1
181,CC1=C(C=CC(=C1)C(C)N=O)OCCCC2=CN=CN2,-4.1,Cc1cc(C(C)N=O)ccc1OCCCc1cnc[nH]1
182,CC1=C(C=CC(=C1)OCCCC2=CN=CN2)C(=NO)C,-4.1,CC(=NO)c1ccc(OCCCc2cnc[nH]2)cc1C
183,C1CCN(CC1)CCCOC2=CC=C(C=C2)CCCNC3=C4CCCCC4=NC5=CC=CC=C53,-4.1,c1ccc2c(NCCCc3ccc(OCCCN4CCCCC4)cc3)c3c(nc2c1)CCCC3
184,C1CCN(CC1)CCCOC2=CC=C(C=C2)NC3=C4C=CC(=CC4=NC=C3)Cl,-4.1,Clc1ccc2c(Nc3ccc(OCCCN4CCCCC4)cc3)ccnc2c1
185,C1CCC(CC1)CCCOCCCC2=CN=CN2,-4.1,c1ncc(CCCOCCCC2CCCCC2)[nH]1
186,C1CCN(CC1)CC2=CC(=CC=C2)OCCCN=C(NCCNC(=O)C3=CC(=C(C=C3)C(=O)O)C4C5C=CC(=O)C=C5OC6=C4C=CC(=C6)O)NC#N,-4.1,N#CNC(=NCCCOc1cccc(CN2CCCCC2)c1)NCCNC(=O)c1ccc(C(=O)O)c(C2c3ccc(O)cc3OC3=CC(=O)C=CC32)c1
187,CN=C(N)NCCC1=CN=CN1,-4.1,CN=C(N)NCCc1cnc[nH]1
188,C1CCN(CC1)CCCOC2=CC=C(C=C2)CCNC3=CC=NC4=CC=CC=C43,-4.1,c1ccc2c(NCCc3ccc(OCCCN4CCCCC4)cc3)ccnc2c1
189,CCOCCCC1=CN=CN1,-4.1,CCOCCCc1cnc[nH]1
190,CC(C1=C(C=C(C=C1)OCCCC2=CN=CN2)OC)N=O,-4.1,COc1cc(OCCCc2cnc[nH]2)ccc1C(C)N=O
191,C1CCC(CC1)COCC2=CN=CN2.C(=CC(=O)O)C(=O)O,-4.1,O=C(O)C=CC(=O)O.c1ncc(COCC2CCCCC2)[nH]1
192,CC(=O)C1=CC=C(C=C1)OCC2=CC=C(C=C2)CN3CCCCC3.C(=O)(C(=O)O)O,-4.1,CC(=O)c1ccc(OCc2ccc(CN3CCCCC3)cc2)cc1.O=C(O)C(=O)O
193,C=CCOCCCC1=CN=CN1.C(=O)(C(=O)O)O,-4.1,C=CCOCCCc1cnc[nH]1.O=C(O)C(=O)O
194,C1=CC(=CC=C1C(=O)NN)OCCCC2=CN=CN2.C(=CC(=O)O)C(=O)O,-4.1,NNC(=O)c1ccc(OCCCc2cnc[nH]2)cc1.O=C(O)C=CC(=O)O
195,CC1=C(SC(=N1)C)CCN.Br,-4.1,Br.Cc1nc(C)c(CCN)s1
196,C1=CC(=CC=C1C(=O)N)OCCCC2=CN=CN2.C(=CC(=O)O)C(=O)O,-4.1,NC(=O)c1ccc(OCCCc2cnc[nH]2)cc1.O=C(O)C=CC(=O)O
197,CC(C1=CC=C(C=C1)OCCCC2=CN=CN2)O,-4.1,CC(O)c1ccc(OCCCc2cnc[nH]2)cc1
198,CSC(=NCCCC1=CN=CN1)N.I.I,-4.1,CSC(N)=NCCCc1cnc[nH]1.I.I
