PUBCHEM_RESULT_TAG,PUBCHEM_SID,PUBCHEM_CID,PUBCHEM_ACTIVITY_OUTCOME,PUBCHEM_ACTIVITY_SCORE,Inhibition,Isomeric SMILES
1,842353,644611,Active,26,21.34,CC1=CC=C(O1)C(C(=O)NCC2=CC=CO2)N(C3=CC=C(C=C3)OC)C(=O)CN4C5=CC=CC=C5N=N4
2,842393,644661,Active,15,12.3,CC1=CC=C(C=C1)S(=O)(=O)N2CCN(CC2)S(=O)(=O)C3=CC4=C(C=C3)OCCO4
3,843085,645365,Active,71,57.07,CC1=CC2=C(C=C1)NC(=O)C(=C2)CN(CCC3=CC=CC=C3)CC4=NN=NN4CC5CCCO5
4,843208,645492,Active,31,25.4,CC1=CC=C(C=C1)CN(C(C2=CC=CS2)C(=O)NCC3=CC=CO3)C(=O)CN4C5=CC=CC=C5N=N4
5,845167,647501,Active,20,16.79,CCN1C2=NC(=O)N(C(=O)C2=NC(=N1)C3=CC=CC=C3)C
6,846007,648374,Active,15,12.43,C1=CC=C(C(=C1)C2=NN(N=N2)CC(=O)NCC3=CC=CO3)NC(=O)C4=CC=CC=C4F
7,846350,648736,Active,25,20.16,CC1=CC=C(O1)C(C(=O)NCC2=CC=CO2)N(C3=CC=CC=C3OC)C(=O)CN4C5=CC=CC=C5N=N4 
8,847003,649398,Active,39,31.6,COCCNC(=O)C(C1=CC(=CC=C1)OC)N(CC2=CC=CS2)C(=O)CN3C4=CC=CC=C4N=N3  
9,847359,597363,Active,46,37.4,CC(=O)NC1=C(C2=NON=C2C(=C1)OC(=O)C)OC(=O)C
10,847463,649868,Active,18,14.62,C1CC2=C(C1)C=C(C=C2)N(C(C3=CC=CO3)C(=O)NCC4=CC=CO4)C(=O)CN5C6=CC=CC=C6N=N5
11,847588,649992,Active,15,12.57,C1COCCN1C(=O)OC2=CC3=C(C=CC=C3OC(=O)N4CCOCC4)C=C2
12,848837,651293,Active,15,12.35,CC(C)NC(=O)CN1CCN(CC1)C2=NC=CC=N2.C(=O)(C(=O)O)O
13,849297,651774,Active,28,22.98,COCCNC(=O)C(C1=CC=CC=C1)N(CC2=CC=CS2)C(=O)CN3C4=CC=CC=C4N=N3
14,849971,652480,Active,15,12.73,CC1=CC=C(C=C1)C(=O)CSC2=NN=C(N2CC3=CC=CO3)CNC4=C(C=C(C=C4)C)C
15,851897,654498,Active,25,20.29,C1=CC=C(C=C1)CN(C(C2=CC=CS2)C(=O)NCC3=CC=CO3)C(=O)CN4C5=CC=CC=C5N=N4
16,853290,655942,Active,32,25.92,C1=CC=C(C=C1)CCN(C(C2=CC=CO2)C(=O)NCC3=CC=CO3)C(=O)CN4C5=CC=CC=C5N=N4 
17,856111,657485,Active,36,28.95,(C)OC(=O)NCCC(=O)OC1=CC2=C(C=C1)C=CC(=O)O2
18,858624,659929,Active,27,21.85,C1CN(CC2=C1NC3=C2C=C(C=C3)Br)C(=O)CN4CCSCC4
19,859300,6602830,Active,30,24.13,C1=CC(=CN=C1)OC(=O)C2=CC=C(C=C2)Cl.Cl
20,859604,660907,Active,17,14.22,CC1=CC(=CC=C1)N2C(C(C(=C2N)C#N)(C#N)C#N)C3=CC=CC=C3
21,860204,661510,Active,15,12.31,CCC1=C(C(=CC=C1)CC)N(COC)C(=O)CN2C3=CC=CC=C3N=N2
22,863690,664943,Active,17,14.09,CC1=C(C(=NN1)C2=C(C=C(C=C2)OCC(=C)C)O)C3=CC=CC=C3
23,863849,665102,Active,18,14.56,CCN1C(=NN=C1SCC(=O)C(C)(C)C)COC2=CC=CC=C2
24,865468,666722,Active,16,12.96,C1=CC=C(C(=C1)C2C3=C(C(=O)N2CC4=CC=CO4)NN=C3C5=CC=CC=C5O)F
25,3711170,2997527,Active,17,14.31,CC1=CC(=NO1)NC(=O)COC(=O)C(C(C)C)NC2=C(C=C(C=C2)C(F)(F)F)Cl
26,3712111,2348921,Active,55,44.29,C1CN(CCN1C2=CC(=CC=C2)Cl)C(=O)C3=C(N=C4N3C=CS4)Cl
27,3713735,2097351,Active,16,13.62,COC1=CC(=C(C=C1)C(=O)NN2C=NC3=C(C2=O)C(=CS3)C4=CC=CS4)O
28,3714360,2998767,Active,19,15.92,CC1(C(=O)N(C(=O)N1)CC(=O)NCC2=CC=CO2)C3=CC4=C(C=C3)C=C(C=C4)OC
29,3714591,2108058,Active,16,13.33,COC1=CC=C(C=C1)NS(=O)(=O)C2=CC3=C(C=C2)OC(=N3)NC4=CC5=C(C=C4)OCCO5
30,3715076,2310813,Active,18,14.84,CN1C=NC2=C1C=CC(=C2)OC(=O)C3=CC=CC=C3
31,3716169,2323124,Active,17,13.9,COC1=CC(=C(C=C1)C2=NNC(=C2C3=CC4=CC=CC=C4O3)C(F)(F)F)O
32,3717392,2999977,Active,27,21.81,CC1=CC=C(C=C1)C(=O)OC2=CC3=C(C=C2)N(C=N3)C
33,3717723,2121076,Active,24,19.42,C1COCCN1S(=O)(=O)C2=CC=C(S2)CC(=O)NC3=C(C=C(S3)C4=CC=CC=C4)C(=O)N
34,4240582,3235672,Active,23,18.58,CC1=CC=C(C=C1)CN2C(=O)CSC3=C2C=C(C=C3)C(=O)NCCN4CCOCC4 
35,4242609,3237441,Active,16,13.57,COC1=C(C=C(C=C1)C2=NN(C(=C2)N)S(=O)(=O)C3=C(C(=C(C(=C3F)F)F)F)F)OC
36,4242774,3237586,Active,56,45.58,CC(=O)C1=C(NC(=C1)C2=CC=CC=C2)N3CCOCC3
37,4244480,3239069,Active,17,13.97,CC1=CC=C(C=C1)N2C(=NN=C2SCC(=O)NC3=CC4=C(C=C3)OCO4)CC5=CC=CN5C
38,4245749,3240186,Active,15,12.41,CC1CC2=CC=CC=C2N1C(=O)C3CCCN(C3)S(=O)(=O)C4=CC=CC5=NSN=C54
39,4248348,3242436,Active,15,12.55,CCCCCN1C(=NC2=C1C(=O)NC(=O)N2C)CN3CCN(CC3)CC4=CC=CC=C4
40,4250507,3244307,Active,16,13.62,CC(C)(C)C1CCC2=C(C1)C(=NO2)C(=O)NC3=CN=CC=C3
41,4251951,3245569,Active,17,14.01,COC1=C(C(=C(C=C1)NC(=O)CN2C3=C(C=C2C(=O)OC)SC=C3)OC)OC
42,4255208,930620,Active,18,15.05,C1CC(=O)N(C1=O)C2=C(C=CC(=C2)Cl)OC(=O)C3=CC=CO3
43,4255238,893627,Active,17,14.12,CCCN1N=C(N=N1)NC(=O)COC2=CC=C(C=C2)C3CCCCC3
44,4256508,1188014,Active,19,15.85,CC1=C(ON=C1C)NS(=O)(=O)C2=CC=C(C=C2)NC(=O)NC3=CC(=C(C=C3)Cl)Cl
45,4258588,5741945,Active,20,16.21,C1CN(CCN1C/C=C/C2=CC=CC=C2)C3CC(=O)N(C3=O)CC4=CC=CS4
46,4259348,880528,Active,71,57.14,CC(=O)C1=C(NC(=C1)C2=CC=CC=C2)N3CCCC3
47,4260274,638860,Active,72,58.61,CCOC(=O)C1=C(SC(=C1)C2=CC=CC=C2)N
48,4261064,1249482,Active,16,13.14,CN(C)C1=NC(=NC(=N1)N)C2=NC3=CC=CC=C3S2
49,4261360,1299520,Active,16,13.33,Isomeric SMILES:CC1(CC2=C(CO1)SC3=C2C(=O)N(C(=N3)C4=CC5=CC=CC=C5O4)N)C
50,7966556,948801,Active,40,32.63,CN1C=NC2=C1C=CC(=C2)NC(=O)C3=CC=C(C=C3)Cl
51,7968850,2925127,Active,20,16.41,C1=CC=C(C(=C1)C(=O)CC2(C3=CC=CC=C3N(C2=O)CC(=O)N)O)O
52,7973891,805223,Active,15,12.77,CC(=O)C1=C(C2=CC=CC=C2N1C)OC(=O)C3=CC=CO3
53,7975174,1160939,Active,29,23.65,CC1=NN=C(S1)SC(=O)N2C3=CC=CC=C3SC4=CC=CC=C42
54,8139897,3037,Active,16,12.97,C1=CC(=C(C=C1Cl)CC2=C(C=CC(=C2)Cl)O)O
55,14718690,4377849,Active,15,12.69,CC1=CC=C(C=C1)OCC2=NC(=C(O2)NC3=CC=C(C=C3)OC)C#N
56,14719153,4395364,Active,17,14.43,C1=CC=C2C(=C1)C(=CC(=C2N)C(C(F)(F)F)(C(F)(F)F)O)C(C(F)(F)F)(C(F)(F)F)O
57,14723875,460749,Active,22,18.1,CN1C2=NC(=O)N(C(=O)C2=NC(=N1)C3=CC=C(C=C3)Cl)C
58,14725513,3206295,Active,34,27.86,COC1=CC=CC(=C1)C(C(=O)NCC2=CC=CO2)N(CC3=CC=CO3)C(=O)CN4C5=CC=CC=C5N=N4
59,14725720,3206178,Active,17,14.23,C1=CC=C2C(=C1)N=NN2CC(=O)N(CC3=CC=CS3)C(C4=CC=CO4)C(=O)NCC5=CC=CO5
60,14726701,705256,Active,63,51.17,COC(=O)C1=C(SC(=C1)C2=CC=CC=C2)N
61,14727509,900806,Active,18,15.04,CCOC1=C(C(=CC(=C1)C(=O)N)Br)OC
62,14728954,9549963,Active,18,14.5,C[C@H]1C(=O)N[C@H](C(=O)N[C@@H](CCCCNC2=C(C=C(C=C2I)[N+](=O)[O-])C(=O)N1)C(=O)N)CC(=O)N
63,14729445,5918347,Active,19,15.47,CC1=C(C(=NS1)S(=O)(=O)/C(=N/NC2=CC=CC(=C2)C(F)(F)F)/C#N)C#N
64,14730808,2966450,Active,22,18.11,CC(C1=NN=C(N1C)SCCOC2=CC=C(C=C2)OC)NC(=O)CC3=CC=C(C=C3)OC
65,14732355,9550250,Active,15,12.7,COC1=C(C=C(C=C1)/C(=N/OC(=O)CSC2=CC=CC=C2)/N)OC
66,14736510,2917531,Active,16,13.2,CC1=C(C(=CC=C1)NC(=S)NN2CCOCC2)C
67,14737549,9551063,Active,15,12.25,CC1=CC=C(C=C1)NC2=C(C(=O)N(N=C2)C34CC5CC(C3)CC(C5)(C4)CC(=O)O)Cl
68,14740088,2057165,Active,17,14.19,CC(C)CN(CCC(=O)O)CC(C)C
69,14740696,1120962,Active,31,25.19,COC1=CC=C(C=C1)C(=O)OC2=CN=CC=C2
70,14742908,4371580,Active,55,44.22,CC1CCC2=C(N1CC(=O)N3CCC4=C(C3)C5=C(N4)C=CC(=C5)C)C=CC(=C2)F
71,14743467,930290,Active,15,12.8,C1=CSC(=C1)C2=CSC(=N2)NC(=O)C3=CC=C(C=C3)Cl
72,14744335,2320755,Active,15,12.33,CCOC(=O)C1=C(SC(=C1C2=CC=CC=C2)C(C(F)(F)F)(C(F)(F)F)O)N
73,14744406,2417657,Active,68,55.1,CC1=CC(=C(C(=C1C)S(=O)(=O)N2CCN(CC2)C(=O)C3=CC(=O)NC4=CC=CC=C43)C)C
74,14745741,1189783,Active,15,12.6,CCOC(=O)C1=C(OC2=C1C3=C(C4=CC=CC=C42)OCN(C3)CC5=CC=CC=N5)C
75,14746567,4181547,Active,18,14.9,CC1=CC=C(C=C1)C2C3=C(NC4=C2C(=O)CC(C4)(C)C)ON=C3C
76,16952893,3686662,Active,24,19.73,CC(C1=CC(=C(C=C1)Cl)Cl)NC(=O)CCl
77,17385722,3590295,Active,15,12.41,CC1=C(C=CC(=C1)Cl)OC(C)C(=O)NC2=CC=C(C=C2)S(=O)(=O)NC3=NC4=CC=CC=C4N=C3
78,17386164,1007780,Active,15,12.44,CC(C)CNS(=O)(=O)C1=CC=C(C=C1)CCC(=O)NC2=C(C=CC(=C2)Cl)OC3=CC=CC=C3
79,17387471,9563955,Active,28,22.63,CC(C)C(=O)NC1=CC=CC(=C1)/C(=N/NC(=O)C2=CC(=C(C=C2)Cl)Cl)/C
80,17401333,1008368,Active,15,12.37,COC1=CC=C(C=C1)C(=O)N2C3=CC4=C(C=C3N=C2SC)OCCO4
81,17401475,4077726,Active,17,14.01,CC1=CC(=CC=C1)N2C(=O)CC(C2=O)N(CC3=C(N(N=C3C)C)C)C(=S)NC4=CC=C(C=C4)Cl
82,17401826,1907744,Active,16,13.58,C1=CC=C(C=C1)CNC(=S)NNC(=S)NC2=CC=CC(=C2)C(F)(F)F
83,17403492,826461,Active,15,12.58,C1=CC=C(C=C1)CN2C=C(C3=CC=CC=C32)/C=C/[N+](=O)[O-]
84,17403591,1117371,Active,15,12.74,C1=COC(=C1)C(=O)N(CC2=CC=C(C=C2)[N+](=O)[O-])C3=CC=C(C=C3)Br
85,17406684,3962842,Active,15,12.79,CNC1=C(N=C(O1)C2=CC=C(C=C2)Cl)P(=O)(C3=CC=CC=C3)C4=CC=CC=C4
86,17407916,778154,Active,16,13.43,CC1=CC(=CC=C1)C(=O)NC2=NN=C(S2)CC3=CNC4=CC=CC=C43
87,17407993,3091264,Active,16,13.15,C1=CC=C(C=C1)COC(=O)NC(C(Cl)(Cl)Cl)NC(=S)NC2=CC(=CC=C2)Cl
88,17408025,9563422,Active,15,12.55,CC1=CC=C(C=C1)OCC(=O)N/N=C/C2=CC=C(O2)[N+](=O)[O-]
89,17408483,615593,Active,18,14.48,CC1=C(SC(=C1C(=O)C2=CC=CC=C2)NC(=O)CCl)C
90,17408805,1083882,Active,37,30.17,COC1=CC=C(C=C1)N(C(=O)CN2C3=CC=CC=C3N=N2)C4(CCCCC4)C(=O)NC5CCCC5
91,17408960,7314640,Active,16,13.19,CNC1=CC=C(C=C(C1=O)C(=O)/C=C/C2=CC3=C(C=C2)OCO3)Br
92,17409047,3197965,Active,53,43.33,CC1=CC(=C(C(=C1)C)N(C(C2=CSC=C2)C(=O)NC(C)(C)C)C(=O)CN3C4=CC=CC=C4N=N3)C
93,17409268,3202425,Active,40,32.8,COC1=CC=CC(=C1)C(C(=O)NC2=CC=C(C=C2)F)N(C3CC3)C(=O)CN4C5=CC=CC=C5N=N4
94,17410082,3293421,Active,20,16.36,C1=CC(=CC(=C1)NC(=O)NCCNC(=O)C2=C(C=CC(=C2)OCC(F)(F)F)OCC(F)(F)F)C(F)(F)F
95,17410512,1632360,Active,17,14.04,CC1=CC(=C(C=C1)NC(=O)CCC(=O)NNC(=O)C(C2=CC=CC=C2)C3=CC=CC=C3)C
96,17410957,1475477,Active,20,16.84,CC(C)OC1=C(C=C(C(=C1)NC(=O)CSCC(=O)NC2=CC=CC(=C2)C(F)(F)F)Cl)Cl
97,17411587,9566932,Active,15,12.8,C/C(=N\N=C(/N)\SC1CC(=O)N(C1=O)C2=CC=C(C=C2)Cl)/C3=CC=CS3
98,17412005,5341357,Active,17,13.73,C/C(=N\NC(=O)C1=CC(=C(C=C1)Cl)Cl)/CN2N=C(N=N2)[N+](=O)[O-]
99,17412484,9566958,Active,16,13.11,C/C(=N\N=C(/N)\SC1CC(=O)N(C1=O)C2=CC(=CC=C2)Cl)/C3=CC=CS3
100,17412497,5735038,Active,28,23.1,CC1=CC=C(C=C1)/C=C/C(=O)C2=C(C=CC(=C2)Br)OC(=O)C3=CC=CO3
101,17412676,2294766,Active,16,13.17,C1=CC=C(C(=C1)C(=O)NC2=CC(=C(C=C2)OCC(C(F)F)(F)F)C(F)(F)F)O
102,17412961,5734490,Active,18,14.79,COC1=CC=CC=C1/C=C/C(=O)C2=C(C=CC(=C2)Br)OC(=O)C3=CC=CO3
103,17412962,799395,Active,22,859639,C1=CC(=CN=C1)CNC(=O)/C=C/C2=CC(=C(C=C2)Cl)[N+](=O)[O-]
104,17413286,2829992,Active,15,12.75,CC1=CC(=C(C=C1)NC(=S)NC(C(Cl)(Cl)Cl)NC(=O)C2=CC=CC=C2C)C
105,17413361,5734448,Active,27,21.82,C1=CC=C(C(=C1)/C=C/C(=O)C2=C(C=CC(=C2)Br)OC(=O)C3=CC=CO3)F
106,17413735,2963113,Active,47,38.2,C1=CC(=C(C(=C1)Cl)CC(=O)NCCCN2C=CN=C2)F
107,17413872,2974727,Active,21,16.99,CN(C1=C(C=CC(=C1)S(=O)(=O)NC2=CC=C(C=C2)F)OC)S(=O)(=O)C3=CC=C(C=C3)Cl
108,17414134,5509654,Active,46,37.45,COC1=CC(=CC(=C1OC)OC)/C=N\NC(=O)CN2C3=CC=CC=C3N=N2
109,17415251,2898209,Active,16,13,CC1=CC=C(C=C1)NC(CNS(=O)(=O)C2=CC=C(C=C2)Cl)C3=CC=CC=C3
110,17415335,1327906,Active,17,13.76,C1=CC=C(C=C1)C(C2=CC=CC=C2)C(=O)NC(=S)NC3=CC=CC(=C3)C(=O)O
111,17415449,1295791,Active,16,13.37,COC1=CC=CC=C1N(CC(=O)NC2=CC(=C(C=C2)Cl)C(=O)OC)S(=O)(=O)C3=CC=CC=C3
112,17415535,1295693,Active,15,12.54,CS(=O)(=O)N(CC1=CC=C(C=C1)C(=O)NC2=CC=CC=C2SC3=CC=CC=C3)C4=CC=CC=C4
113,17415799,2890716,Active,16,12.86,CCC(C1=CC=CC=C1)C(=O)NC2=CC=CC(=C2)C(F)(F)F
114,17415879,1010988,Active,17,13.96,CC1=CC=C(C=C1)S(=O)(=O)NC2=CC=CC=C2C3=CC=CC=C3NS(=O)(=O)C4=CC=C(C=C4)C
115,17415883,1341336,Active,19,15.71,C1=CC=C(C(=C1)C(=O)NC(=S)NC2=CC=C(C=C2)NC(=O)C3=CC(=CC=C3)Cl)Cl
116,17432029,970829,Active,17,13.9,COC(=O)C1=C(C=CC(=C1)NC(=O)CC2=CC=CC=C2[N+](=O)[O-])Cl
117,17504153,3640363,Active,16,13.34,C1=CC=C2C(=C1)C(=C(N2CC(=O)O)C(=O)O)C=O
118,17504373,1975036,Active,24,19.34,CCCCOC1=C(C=C(C=C1)CONS(=O)(=O)C2=CC=C(C=C2)NC(=O)C)Cl
119,17504708,859620,Active,94,75.78,CC1=CC(=C(S1)NC(=O)CCl)C(=O)C2=CC=CC=C2
120,17504819,738894,Active,26,21.24,C1CC2=C(C1)SC(=C2C#N)NC(=S)NC(=O)C3=CC=CC=C3
121,17504927,2301119,Active,18,14.54,C1=CC=C(C=C1)C\2=NOC(=O)/C2=C\C3=CC=C(O3)C4=CC=CC=C4[N+](=O)[O-]
122,17505456,135497987,Active,16,12.92,COC1=C(C=CC(=C1)/C=N/NC(=O)/C(=C\C2=CC3=C(C=C2)OCO3)/NC(=O)C4=CC=CC=C4)O
123,17508548,2928698,Active,16,12.95,CC(C)CC(=O)NC(C1=CC=CC=C1Cl)C2=C(C=CC3=CC=CC=C32)O
124,17508646,859639,Active,24,19.51,CCC1=CC(=C(S1)NC(=O)CCl)C(=O)C2=CC=C(C=C2)C
125,17509719,4381126,Active,26,21.18,COC1=CC=C(C=C1)N(C(C2=CN=CC=C2)C(=O)NC3CCCCC3)C(=O)CCl
126,17509939,4330749,Active,26,21.25,CC1=CC=C(C=C1)C(=O)NC(=C(Cl)Cl)S(=O)(=O)C2=CC=CC=C2
127,17510666,12005302,Active,17,13.91,CC1=CC(=CC(=C1)NS(=O)(=O)C2=CC3=C(C=C2)NC=C(C3=O)C(=O)N4CCC5=CC=CC=C54)C
128,17512671,3735802,Active,42,34.48,COC1=CC=C(C=C1)C(CCN(CC2=CC(=C(C=C2)OC)OC)C(=O)CCl)C3=CC=CC=C3
129,17513585,722579,Active,33,26.53,C1CCN(CC1)C(=S)C2=CC=C(O2)C3=CC=CC=C3Cl
130,17514671,3774350,Active,15,12.77,CC1=C(C=C(C=C1)NC2=NC(=C(C(=N2)N3CCOCC3)[N+](=O)[O-])N)C
131,17514753,2134372,Active,20,16.2,CC1=CC=C(C=C1)S(=O)(=O)/C(=C/Cl)/NC(=O)C2=CC=CC=C2
132,17515015,2147111,Active,16,13.14,C1CN(CCN1C2=CC=CC=C2)C(=S)NC3=CC(=CC=C3)S(=O)(=O)C(F)F
133,17515023,9557232,Active,15,12.48,COC1=C(C=C(C=C1)/C=N/NC(=O)CN2C3=CC=CC=C3N=N2)OC
134,17515261,3257857,Active,15,12.56,CCC1C(=O)N(C(=O)C(S1)CC)CC(=O)NC2=CC=C(C=C2)C(=O)OCC
135,17515361,5399054,Active,17,13.69,C1=CC=C2C(=C1)N=NN2CC(=O)N/N=C\C3=CC=CS3
136,17515918,2106192,Active,16,13.14,C1=CC=C(C=C1)C(C2=CC=CC=C2)NC(=O)COC(=O)CCC3=CNC4=CC=CC=C43
137,17516410,4447969,Active,17,13.88,CC1=NN(C(=C1C(C2=CC=CC=C2)C3=C(N(N=C3C)C4=CC=CC=C4)N)N)C5=CC=CC=C5
138,17517377,4961648,Active,17,14.26,CC1=CC=C(O1)C2=NN(C(C2)C3=CC=CS3)C(=O)CCl
139,17517478,2454965,Active,19,15.99,CC1=CC(=CC=C1)CN2CCN(CC2)C(=O)CCl
140,22400507,2849510,Active,19,16.07,C1=CC=C(C=C1)C2=CSC(=N2)NC(=O)C3=C(C(=CC=C3)[N+](=O)[O-])C(=O)O
141,22403583,2561190,Active,21,17.56,C1=CC(=CC(=C1)NS(=O)(=O)C2=CC=C(C=C2)C(=O)NCC3=CC=C(C=C3)F)C(F)(F)F
142,22404029,1121490,Active,24,19.91,C1=CSC(=C1)C(=O)OC2=CC3=C(C=C2)C=CC(=O)O3
143,22405882,3878400,Active,24,19.78,C1=CC=C(C(=C1)C(=O)OC2=CN=CC=C2)[N+](=O)[O-]
144,22406065,2385601,Active,16,13.31,CC1=C(C(=CC=C1)NC2=NN=C(S2)SCC(=O)NC3=C(C=C(C=N3)C(F)(F)F)Cl)C
145,22406679,4175307,Active,24,19.74,CC1=CC=CC=C1NC2=NN=C(S2)SCC(=O)NC3=C(C=C(C=N3)C(F)(F)F)Cl
146,22407115,3929515,Active,24,19.6,C1=CC=C(C=C1)C2C=CC(C3C2C(=O)N(C3=O)C4=CN=CC=C4)C5=CC=CC=C5
147,22407286,3592691,Active,41,33.64,CC(C)(C)C(=O)NC(=S)NC1=C(C2=C(S1)CCCCC2)C#N
148,22410511,2472898,Active,15,12.76,CC(C)C1=CC=C(C=C1)S(=O)(=O)NC2=CC=C(C=C2)SC(F)F
149,22411669,4187185,Active,15,12.46,CCCOC(=O)C1=C(SC=C1C2=C(C=C(C=C2)C)C)NC(=O)C3C4CCC(C3C(=O)O)O4
150,22413123,215090,Active,15,12.66,CC1=NC2=CC=CC3=C2C(=CC=C3)N1C
151,22413662,87247,Active,21,17.34,CCCC(=O)OC1=CC2=C(C=C1)C(=CC(=O)O2)C
152,22416830,5349620,Active,15,12.34,C1C2C=CC1C3C2C(=O)N(C3=O)/N=C/C4=CC=C(O4)C5=CC=CC=C5[N+](=O)[O-]
153,24779389,135435911,Active,100,80.36,C1=CC=C(C=C1)N2C(=O)C3C(C2=O)C(=NC3C4=CC=CC=N4)C5=C(C6=CC=CC=C6C5=O)O
154,24779835,2083279,Active,21,17.29,C1=CC=C(C=C1)CNC(=O)C2=CC=C(C=C2)S(=O)(=O)NC3=CC=CC(=C3)C(F)(F)F
155,24779881,6904494,Active,77,61.99,C1=CC(=CC(=C1)S(=O)(=O)NC2=CC=C(C=C2)Cl)C(=O)N/N=C/C3=CC=NC=C3
156,24780397,2870196,Active,16,13.24,CC1=NC2=C(C=C(C=C2)Br)C(N1CC(=O)NN)C3=CC=CC=C3
157,24782482,3162837,Active,47,38.48,C1C(N(N=C1C2=CC=CS2)C(=O)CCl)C3=CC=CO3
158,24782859,4182036,Active,21,17.02,C1CC(OC1)CNC(=O)CCNC(=O)CN2C=NC3=CC=CC=C3C2=O
159,24785898,6878045,Active,19,15.35,C1=CC=C(C(=C1)/C=C/C=N/N2C(=NNC2=S)C3=CC=CO3)[N+](=O)[O-]
160,24786931,736374,Active,15,12.38,C1=CC=C(C=C1)N2N=C3C=C(C(=CC3=N2)Cl)N
161,24788185,1312344,Active,16,13.13,CCC1=NN=C(S1)NS(=O)(=O)C2=CC=C(C=C2)NC(=O)/C=C/C3=CC=CC=C3Cl
162,24788424,906542,Active,20,16.31,CN1C2=NC(=O)N(C(=O)C2=NC(=N1)C3=CC=CC=N3)C
163,24791772,2452051,Active,16,13.26,C1=CC(=CC=C1CSC2=NN=C(S2)NC(=O)C3=CC4=C(C=C3)N=CS4)C#N
164,24793373,1214257,Active,16,13.51,CC(=O)N(C)C1=CC=C(C=C1)NS(=O)(=O)C2=C(C=CC(=C2)Cl)Cl
165,24795199,951610,Active,16,13.64,CSC1=CC=CC(=C1)NC(=O)CC2=CC=CC=C2[N+](=O)[O-]
166,24796857,972394,Active,19,15.69,CN1CCN(CC1)CC(=O)NC2=CC(=CC=C2)[N+](=O)[O-]
167,24801241,1069254,Active,15,12.35,C1CCC(CC1)C2=CC=C(C=C2)S(=O)(=O)NC3=CC=CC(=C3)C(=O)O
168,24801258,677475,Active,43,34.66,C1=CC=C2C(=C1)N=NN2CC(=O)C3=CC=C(C=C3)Cl
169,24801895,3178307,Active,24,19.51,CC(=O)NC1=CC=C(C=C1)N(C(C2=CC(=C(C=C2)O)O)C(=O)NC3CCCC3)C(=O)CN4C5=CC=CC=C5N=N4
170,24801925,3110581,Active,21,17.48,C1=CC(=CC(=C1)[N+](=O)[O-])C2=CSC(=N2)NC(=O)C3=C(C(=CC=C3)[N+](=O)[O-])C(=O)O
171,24802059,3198832,Active,34,27.54,CCC(C)(C)NC(=O)C(C1=CC=C(C=C1)O)N(C2=CC=C(C=C2)NC(=O)C)C(=O)CN3C4=CC=CC=C4N=N3
172,24802454,2870396,Active,16,12.88,C1=CC=C(C=C1)C2C3=C(C=CC(=C3)Br)N=C(N2CC(=O)NN)C4=CC=CC=C4
173,24805460,843322,Active,16,12.96,CC1=CC=C(C=C1)C(=O)NC(=C(Cl)Cl)C#N
174,24805687,761840,Active,71,57.21,C1=CC=C2C(=C1)N=NN2CC(=O)C3=CC=C(C=C3)Br
175,24806127,3211933,Active,17,13.8,CC1=CC=C(O1)C(C(=O)NCCOC)N(C2=CC=CC=C2)C(=O)CN3C4=CC=CC=C4N=N3
176,24806235,1250233,Active,17,14.16,CC1=C(C=C(C=C1)N2C(=NN=N2)SCC(=O)NC(C3=CC=CC=C3)(C4=CC=CC=C4)C(=O)O)C
177,24806899,2870407,Active,25,20.76,C1COCCN1CC2=NC3=C(C=C(C=C3)Br)C(N2CC(=O)NN)C4=CC=CC=C4
178,24807634,728528,Active,35,28.91,CC1=CC(=O)OC2=C1C=CC(=C2)OC(=O)C3=CC=CO3
179,24807778,1092464,Active,17,13.94,C1=CC=C(C(=C1)NC2=NC(=CS2)C3=CN=CC=C3)Cl
180,24808040,765284,Active,41,33.51,COC1=CC=C(C=C1)N/C=C/2\CCC3=CC=CC=C3C2=O
181,24808289,3198732,Active,57,45.92,CCC(C)(C)NC(=O)C(C1=CC=CN1C)N(C2=CC=C(C=C2)NC(=O)C)C(=O)CN3C4=CC=CC=C4N=N3
182,24809064,1537038,Active,31,25.07,CC1=CC(=C(N1CC2=CC=CO2)C)C(=O)CCl
183,24809521,3129448,Active,15,12.43,COC1=CC(=C(C=C1C2=NC3=C(C=C(C=C3)Br)C(N2CC(=O)NN)C4=CC=CC=C4)OC)OC
184,24814982,2149567,Active,15,12.78,COC(=O)COC1=CC=CC2=C1C=CN(C2=O)CC(=O)NCC3=CC=CC=C3
185,24816245,2145491,Active,22,17.77,CC1=C2C(=CC=C1)C(=O)C(=O)N2CCOC3=CC=CC=C3
186,24817774,3794723,Active,17,13.8,CN1C(C(CO1)S(=O)(=O)C2=CC=CC=C2)C3=CC(=C(C=C3)OCC4=CC=C(C=C4)OC)OC
187,24818742,211186,Active,20,16.21,COC1=C(C=C(C=C1Cl)C(=O)NN)Cl
188,24821556,16195219,Active,16,13.61,COC1=CC=C(C=C1)NC(=O)C2=CC3=C(C=C2)C(=O)N(C(=S)N3)C4=C(C=C(C=C4)OC)OC
189,24822513,3128209,Active,18,14.58,C1=CC(=CC=C1NC2=CC=C(C3=NON=C23)[N+](=O)[O-])S(=O)(=O)N
190,24823588,6246323,Active,16,12.94,CCC1=NN=C(S1)NS(=O)(=O)C2=CC=C(C=C2)NC(=O)/C=C/C3=CC=C(C=C3)F
191,24824092,73157,Active,18,15.2,CCCCCC1=C(C(=CC2=C1OC3=CC(=CC(=C3C(=O)O2)C(=O)CCCC)OC)O)C(=O)O
192,24825547,2514618,Active,15,12.46,CC1=CC(=C(C(=C1)Br)NC(=O)CON2C3=C(C=CC(=C3)S(=O)(=O)C)N=N2)Br
193,24825651,2412504,Active,41,33,C1=CC(=C(C=C1Cl)Cl)CN2C=CSC2=NC(=O)CCl
194,24826139,2352096,Active,25,20.86,C1=CC=C2C(=C1)N(C3=CC=CC=C3S2)C(=O)COC(=O)C4=CN=CC=C4
195,24826363,2497380,Active,49,39.48,C1=CC=C(C=C1)CN2C=C(C(=N2)C3=CN=CC=C3)C=O
196,24826882,9643441,Active,19,15.35,CC1(C2CC=C(C1C2)/C=N/NC(=S)NC3=CN=CC=C3)C
197,24827279,3992501,Active,16,13.14,CC1=C(C(NC(=S)N1)C2=CC=C(O2)C3=CC=CC=C3C(=O)OC)C(=O)OC
198,24827537,9661081,Active,20,16.26,COC1=CC=CC(=C1)/C=N/NC(=S)NC2=CN=CC=C2
199,24828116,2064069,Active,15,12.55,C1=CC=C(C=C1)C(=O)C2=CC=CC=C2NC(=O)CCl
200,24828840,6403417,Active,27,22.16,COC1=CC(=CC(=C1OC)OC)NC(=O)C2=CC(=NN=C2Cl)Cl
201,24829329,2078638,Active,19,15.76,COCCOC(=O)/C(=C/C1=CN(N=C1C2=CN=CC=C2)CC3=CC=CC=C3)/C#N
202,24829925,16196190,Active,39,31.35,CCOC(=O)C1=C(SC(=C1C2=CC=CC=C2)CN(C)C)NC(=O)CCl.Cl
203,24830028,2104090,Active,17,14.04,CC1=CC=C(C=C1)C2=NN(C=C2NC(=O)CCl)C3=CC=CC=C3
204,24830836,2515806,Active,29,23.65,CC1=C(C=CC(=C1)NC(=O)CON2C3=C(C=CC(=C3)S(=O)(=O)C)N=N2)Br
205,24831327,2526861,Active,24,19.84,CC1=CC(=C(N1C2=CC(=CC=C2)[N+](=O)[O-])C)C(=O)CCl
206,24834438,2449860,Active,57,45.89,C1CN(CCN1C2=CC=CC(=C2)C(F)(F)F)C(=O)C3=CC(=O)NC4=CC=CC=C43
207,24834913,2356903,Active,15,12.71,C1=CC=C(C=C1)N2C=C(C(=N2)C3=CC=C(C=C3)Cl)C(=O)NC4=CC=C(C=C4)C(=O)O
208,24836082,1177253,Active,29,23.42,C1=CC=C(C=C1)C2=CSC(=C2C(=O)O)NC(=O)/C=C/C3=CC=CS3
209,24837005,2102546,Active,33,27,COC1=CC=C(C=C1)N2CCN(CC2)C(=O)C3=CC(=O)NC4=CC=CC=C43
210,24838008,4836362,Active,15,12.53,C1=CC=C(C(=C1)C(=O)O)NS(=O)(=O)C2=CC(=C(C=C2)NNC(=S)NC3=CC=C(C=C3)OC(F)F)[N+](=O)[O-]
211,24838050,2443805,Active,51,41.26,CC1=C(C(=CC=C1)N2CCN(CC2)C(=O)C3=CC(=O)NC4=CC=CC=C43)C
212,24838099,4542341,Active,15,12.68,CC1=CC(=CC=C1)N2C3=C(C(=N2)C)C(=CC(=N3)C4=CC=CS4)C(=O)O
213,24839596,2078229,Active,16,13.66,C1CN(CCN1C2=CC=CC=C2)C(=O)C3=CC(=O)C4=CC=CC=C4O3
214,26657548,2416356,Active,51,41.26,C1=CC=C(C(=C1)CN2C=CSC2=NC(=O)CCl)Cl
215,26660230,3473830,Active,17,14.13,CC(=O)N1C=C(C2=CC=CC=C21)N(C3=CC=C(C=C3)[N+](=O)[O-])C(=O)CCl
216,26661139,135845989,Active,15,12.59,C1OC2=C(O1)C=C(C=C2)/C=C/3\C(=O)N/C(=N/S(=O)(=O)CC4=CC=CC=C4)/S3
217,26661282,2558401,Active,77,62.15,COC1=CC=CC=C1OCCNC(=O)C2=CC(=O)NC3=CC=CC=C32
218,26661844,2017227,Active,15,12.85,CC(=O)N1C=C(C2=CC=CC=C21)N(C3=CC=C(C=C3)Cl)C(=O)CCl
219,26664947,54677920,Active,16,13.24,CC1=CC=C(N1)C(=O)OC2C(C(OC(C2OC)(C)C)OC3=C(C4=C(C=C3)C(=C(C(=O)O4)NC(=O)C5=CC(=C(C=C5)O)CC=C(C)C)O)Cl)O
220,26665357,16682428,Active,20,16.28,CC1=C2C(=CC=C1)C(=C(C(=N2)C)CC=C)SC(=N)N.Cl
221,26665420,9666324,Active,15,12.57,CC1(C(N(C(=S)S1)/N=C/C2=CC=CS2)N(C(=O)NC)O)C
222,26665773,1864299,Active,16,13.34,CCOC(=O)C1=C(C2=C(O1)N=C(C3=C2CCCC3)CC(C)C)N
223,26666021,16682477,Active,16,12.96,C[N+]1=CC=CC2=C(C=CC(=C21)[O-])Br.O
224,26666406,1420934,Active,36,29.33,CC(C)C12CN(CC(C1=O)(CN(C2)C(=O)C3=CC=CC=C3[N+](=O)[O-])C(C)C)C(=O)C4=CC=CC=C4[N+](=O)[O-]
225,26669298,6880919,Active,16,13.13,C1=CC=C(C=C1)C(C2=CC=CC=C2)(C(=O)N/N=C/C3=CC=C(O3)C4=C(C=CC(=C4)C(=O)O)Cl)O
226,26669765,2083510,Active,40,32.27,C1CN(CCN1C2=CC=CC=C2)C(=O)C3=CC(=O)NC4=CC=CC=C43
227,26669775,2458897,Active,15,12.85,C1=CC=C(C=C1)C2=CSC3=C2C(=NC=N3)SCC(=O)NC4=CC=C(C=C4)C(=O)O
228,26670278,2410199,Active,16,13.59,COC(=O)[C@@H](CC1=CNC2=CC=CC=C21)NC(=O)C3=CC(=O)NC4=CC=CC=C43
229,26670673,601670,Active,20,16.52,C1=CC2=C(C=C1C(=O)O)SC=N2
230,26719823,5717,Active,19,15.27,CC1=CC=CC=C1S(=O)(=O)NC(=O)C2=CC(=C(C=C2)CC3=CN(C4=C3C=C(C=C4)NC(=O)OC5CCCC5)C)OC
231,26719853,4418,Active,20,16.83,COC1=CC=CC=C1N2CCN(CC2)CC(COC3=CC=CC4=CC=CC=C43)O
232,26724295,135684269,Active,19,15.29,CN(C)S(=O)(=O)C1=CC=CC(=C1)NC(=S)N/N=C/C2=C(C=CC(=C2)Br)O
233,26725683,16745830,Active,27,21.93,CN1CCN2C(C1)C3(CC4=C2C=CC(=C4)N)C(=O)NC(=O)NC3=O
234,26726865,2815268,Active,16,13.59,CC1=C(C=C(C=C1)S(=O)(=O)NC2=CC(=NN2C)C3=CC=CC=C3)Cl
235,26731351,5713900,Active,17,14.25,C1=CC(=CC=C1/C(=N/S(=O)(=O)C2=CC(=CC(=C2)C(F)(F)F)C(F)(F)F)/N)Cl
236,47196538,887990,Active,25,20.2,C1=CC(=C(C(=C1)Cl)/C=C/C(=O)NC2=CN=CC=C2)F
237,47198475,2845421,Active,16,13.49,CCC1CCC(CC1)N2CCN(CC2)C3=CC=C(C=C3)[N+](=O)[O-]
238,47200678,676085,Active,20,16.41,C1=CC=C(C(=C1)/C=C/C(=O)NC2=CN=CC=C2)Cl
239,47200726,2282752,Active,23,19.25,C1=CC=C(C=C1)CCCN2C3=CC=CC=C3C(=O)C2=O
240,47200946,728514,Active,18,14.9,COC(=O)C1=CC=C(C=C1)OC(=O)CN2C(=O)C3=CC=CC=C3C2=O
241,47201907,2971444,Active,21,17.19,CC1=CC(=O)OC2=C1C=CC(=C2)NC(=O)CC3=CC=CC=C3[N+](=O)[O-]
242,47202119,135472652,Active,36,29.19,C1=CC=C2C(=C1)C=CC(=C2/C=N\NC(=O)C3=CC(=CN=C3)Br)O
243,47202232,9585555,Active,17,13.96,C1C2CC3CC1CC(C2)(C3)C4=CC=C(C=C4)/C=N/NC(=S)N
244,47202252,2965851,Active,16,13.62,C1=CC=C2C(=C1)C(=C(N2)C(=O)O)C(C3=C(C=CC(=C3)Br)O)C4=C(NC5=CC=CC=C54)C(=O)O
245,47202254,2966254,Active,16,13.07,C1=CC=C2C(=C1)C(=C(N2)C(=O)O)C(C3=C(C=CC(=C3)Br)OCC(=O)O)C4=C(NC5=CC=CC=C54)C(=O)O
246,47203174,2898168,Active,15,12.64,CC1=CC2=C(C=C1C)NC(=O)CC2C3=CC=CC=C3F
247,47203184,708625,Active,16,12.91,COC1=CC=CC=C1C(=O)NC2=NC3=CC=CC=C3S2
248,47203540,3158067,Active,15,12.59,COC1=CC(=CC(=C1OC)OC)NC(=O)C2CC(=NO2)C3=CC(=CC=C3)Br
249,47203886,2943685,Active,16,13.41,CC1=CC(=C(C=C1)O)NC2=NC=NC3=CC=CC=C32.Cl
250,47204458,5302421,Active,15,12.54,CSC1=NSC(=N1)NC(=O)OCC2=CC=C(C=C2)Cl
251,49640940,1154427,Active,20,16.17,COC1=CC=C(C=C1)N(CC2=CC(=O)NC3=CC=CC=C32)C(=O)CCl
252,49641199,1105927,Active,16,13.36,CC1=C(C=C(C=C1)C(=O)NCCN2CCOCC2)C
253,49643534,3192987,Active,46,37.74,CCC1=NC(=C2C3=C(CC(CC3)C)SC2=N1)N4CCN(CC4)C(=O)CCl
254,49645065,3152897,Active,19,15.73,CC1=CC=C(C=C1)C2=CC(=NN2)NC(=O)C3=CC=CC=C3[N+](=O)[O-]
255,49645418,2853037,Active,16,13.16,C1C(N(N=C1C2=CC=CC=C2)C3=CC=C(C=C3)C(=O)O)C4=CC=CC=C4
256,49645793,17584476,Active,71,57.64,CCOC1=CC2=C(C=C1)N(C(=O)C2=O)CC3COC4=CC=CC=C4O3
257,49645946,24747373,Active,17,13.94,CCC1=CC2=C(C=C1)N(C(=O)C2NC(=O)C)CCN3CCOCC3.Cl
258,49646101,17583883,Active,43,34.86,COC1=CC2=C(C=C1)N(C(=O)C2=O)CC3COC4=CC=CC=C4O3
259,49646259,24747455,Active,17,13.85,CC(=O)NC1C2=C(C=CC(=C2)Br)N(C1=O)CCN3CCOCC3.Cl
260,49647098,4437603,Active,68,54.68,CC1=CC=C(C=C1)C2CC(=NN2C(=O)CCl)C3=CC=CS3
261,49647116,1831132,Active,16,13.26,C1=CC=C(C(=C1)C(=O)NN2C(=O)/C(=C/C3=CC=C(C=C3)O)/SC2=S)O
262,49647126,9636511,Active,96,77.3,CCCCNC(=O)N(C1C(SC(=S)N1/N=C/C2=CC=C(C=C2)N(C)C)(C)C)O
263,49648268,17582529,Active,29,23.41,C1C(OC2=CC=CC=C2O1)CN3C4=CC=CC=C4C(=O)C3=O
264,49649061,3634352,Active,17,13.87,C1=CC=C2C(=C1)C(=O)N(C=N2)NC(=O)C3=CC=C(C=C3)Br
265,49649145,1009382,Active,17,14.11,CC(C)(C)C1=CC=C(C=C1)C(=O)NC2=CC=C(C=C2)S(=O)(=O)NC3=NC4=CC=CC=C4N=C3
266,49665176,17580184,Active,66,53.67,CC1=CC2=C(C=C1)N(C(=O)C2NC(=O)C)CCN3CCOCC3
267,49665966,5928454,Active,56,45.71,COC(=O)CC1COC2=CC=CC=C2N1C(=O)/C=C/C3=CC=CC=C3
268,49667058,24761147,Active,16,12.99,CC(=O)NC1C2=C(C=CC(=C2)Cl)N(C1=O)CCN3CCOCC3.Cl
269,49667379,24761173,Active,15,12.35,CC(=O)NC1C2=C(C=CC(=C2)F)N(C1=O)CCN3CCOCC3.Cl
270,49667911,4621376,Active,24,19.34,CCCCOC1=CC=C(C=C1)C(=O)OC2=CN=CC=C2
271,49668045,24761221,Active,20,16.77,CCN(CC)C(=O)CN1C=C(C2=CC=CC=C21)/C=C/3\C(=O)NC(=O)N(C3=O)C4=CC=CC=C4F
272,49668659,675749,Active,17,13.91,CC1=C(C=C(C=C1)C(=O)N2C(=CC(=N2)C)C)Br
273,49669425,1224165,Active,16,13.65,CC1=C(C2=C(N1C3=CC=CC=C3OC)C4=CC=CC=C4C(=C2)OC)C(=O)O
274,49669782,741948,Active,24,19.37,CC1=C(C=C(C=C1)C(=O)N2C=NC3=CC=CC=C32)C
275,49669969,3912197,Active,27,21.93,COC1=C(C=C2C(N(CCC2=C1)C(=O)CCl)C3=C(C=CC(=C3)Br)F)OC
276,49670203,135403580,Active,20,16.18,C1=CC=C(C=C1)C2=C(C(=O)NC(=N2)SCC(=O)NC3=CC=C(C=C3)OC(F)(F)Cl)C#N
277,49670685,2952090,Active,24,19.83,CC1=CC2=C(C=C1)N(C3=C2CCCC3)CC(CN4CCCCCC4)O.Cl
278,49670811,135451179,Active,36,29.16,C1=CC=C2C(=C1)/C(=C/C3=C(N(C(=O)NC3=O)C4=CC=CC=C4F)O)/C=N2
279,49670964,20903731,Active,19,15.64,CC1CCN(CC1)C2=NN3C(=NN=C3CCC(=O)NCCCOC(C)C)C=C2
280,49671052,2057118,Active,42,34.34,C1=CC=C(C=C1)/C=C/CN2C3=CC=CC=C3C(=O)C2=O
281,49671558,4794522,Active,16,13.06,CC1=CC(=O)OC2=C1C=CC(=C2)NC(=O)C3=CC=CC=C3OC(F)F
282,49671941,2815694,Active,26,21.3,CC1=C(C=C(C=C1)NC(=O)NC2=CN=CC=C2)Cl
283,49672916,740914,Active,15,12.54,C1=CC=C2C(=C1)C(=O)N(C2=O)CC(=O)OC3=CC=C(C=C3)F
284,49672919,7996726,Active,16,12.97,CCOC(=O)C1=C(N(C2=C1C(=C(C=C2)O)C(=O)O)S(=O)(=O)C3=CC=C(C=C3)C)C
285,49673799,2384236,Active,20,16.37,C1=CC=C(C=C1)CCN(CCC2=CC=CC=C2)C(=O)CCl
286,49674172,6903089,Active,27,21.72,C1=CC=C(C=C1)C2=C(C3=CC=CC=C3N2C4=CC=CC=C4)/C=N/NC(=O)CC#N
287,49674240,5114648,Active,17,13.73,C1=CC=C2C(=C1)C3=CC=CC=C3C2=NNC4=CC(=C(C=C4)Cl)C(=O)O
288,49674290,6268409,Active,19,15.63,C1=CC=C(C=C1)COC2=CC=CC(=C2)/C=C(/C3=CC=C(C=C3)F)\C(=O)O
289,49674413,4961646,Active,58,47.36,CC1=CC=C(O1)C2=NN(C(C2)C3=CC=CO3)C(=O)CCl
290,49675101,2333509,Active,16,13,C1=CC=C(C=C1)C2=CC=C(C=C2)/C(=C/C3=CC=C(C=C3)F)/C(=O)O
291,49675892,3475954,Active,21,17.23,CN(C)S(=O)(=O)C1=CC=CC(=C1)NC(=O)CSC2=CC=CC3=C2N=CC=C3
292,49675988,3859741,Active,69,55.62,COC1=C(C=CC(=C1)C2CC(=NN2C(=O)CCl)C3=CC=CS3)OC(F)F
293,49675989,3811656,Active,92,74.27,COC1=C(C=C(C=C1)C2CC(=NN2C(=O)CCl)C3=CC=CS3)OC
294,49676124,2440506,Active,18,14.58,COC1=CC=C(C=C1)/C=C(\C#N)/C2=CNC3=CC=CC=C32
295,49676706,4586109,Active,15,12.46,C1=CC=C(C=C1)CN(C2=NC(=C(S2)C3=CC=CC=C3)C4=CC=CC=C4)C(=O)CSCC(=O)O
296,49676971,4868361,Active,40,32.23,C1=CC=C(C=C1)NC(=O)NN(C2=CC=CC=C2)C(=O)CCl
297,49677473,2406331,Active,21,17.06,C1CN(CCN1C(=O)C2=CC(=CN=C2)Br)S(=O)(=O)C3=CC=CC=C3C(F)(F)F
298,49677939,2530053,Active,28,22.7,C1=CC(=CN=C1)NC(=O)CC2=CC(=C(C=C2)Cl)Cl
299,49679664,710241,Active,16,13.02,CC1=CC=C(O1)/C=C/2\C(=O)NC(=S)N(C2=O)C3=CC(=CC=C3)OC
300,49679728,24762071,Active,88,71.05,COC1=CC(=CC(=C1)CNCCC2=CNC3=CC=CC=C32)OC.C(=O)(C(=O)O)O
301,49680100,2396278,Active,15,12.68,C1=CC=C(C=C1)CN(CC2=CC=C(C=C2)C(=O)O)S(=O)(=O)C3=CC=C(C=C3)Cl
302,49680425,3555173,Active,76,61.36,COC1=CC=C(C=C1)C2C(C(=NN2C(=O)CCl)C3=CNC4=CC=CC=C43)O
303,49713840,24789267,Active,17,13.93,CC(C)C[C@@H](C(=O)OC(C)(C)C)NC(=O)C1=C(NC=N1)C(=O)NCC2=CC=C(C=C2)CNC(=O)OC(C)(C)C
304,49713849,24789276,Active,15,12.68,CC(C)(C)OC(=O)[C@H](CC1=CC=CC=C1)NC(=O)C2=C(N=CN2)C(=O)N[C@@H](CC3=CC=CC=C3)C(=O)OCC4=CC=CC=C4
305,49714295,20862125,Active,18,14.5,CCC1=CC=C(C=C1)NC(=O)CN(C2=CC=C(C=C2)OCC)S(=O)(=O)C3=C(NC(=O)NC3=O)C
306,49714366,24789460,Active,15,12.81,CC1=C(C(=NO1)C)S(=O)(=O)NC2=CC=C(C=C2)C(=O)NC3=CC=C(C=C3)OC(F)(F)F
307,49714426,24789481,Active,18,15.02,CC(C)(C)OC(=O)[C@H](CC1=CC=CC=C1)NC(=O)C2=C(NC=N2)C(=O)NCC3=CC=C(C=C3)CNC(=O)OC(C)(C)C
308,49714442,24789497,Active,15,12.68,CC(C)(C)OC(=O)CNC(=O)C1=C(N=CN1)C(=O)NC(C2=CC=CC=C2)C3=CC=CC=C3
309,49714449,24789504,Active,17,14,CC(C)(C)OC(=O)NCC1=CC=C(C=C1)CNC(=O)C2=C(N=CN2)C(=O)N[C@@H](CC3=CC=CC=C3)C(=O)OCC4=CC=CC=C4
310,49715318,24789625,Active,16,13.26,CCOC(=O)C1CCN(CC1)C(=O)C2=CC3=C(C=C2)S/C(=C/C4=CC=CC(=C4)C)/C(=O)N3
311,49715986,24789769,Active,16,13.17,CC(C)CS(=O)(=O)C1=NSC2=NC(=O)/C(=C\C3=CC=C(C=C3)OC(=O)C4=CC=CO4)/C(=N)N21
312,49716137,9609431,Active,15,12.64,CC1=CC(=C(C(=C1)C)S(=O)(=O)/N=C/2\C=C(C(=O)C3=CC=CC=C32)NC4=CC=C(C=C4)C(=O)O)C
313,49716183,5824722,Active,17,13.82,CC1=CC=C(C=C1)S(=O)(=O)/N=C/2\C=C(C(=O)C3=CC=CC=C32)NC4=CC=CC(=C4)C(=O)O
314,49717003,4917203,Active,51,41.07,C1=CC=NC(=C1)SCC(=O)NC2=NON=C2[N+](=O)[O-]
315,49717616,4189659,Active,16,13.32,CC(C)C1=CC=C(C=C1)NC(=O)CSC2=NC3=C(C(=O)N2CC4=CC=C(C=C4)C(=O)O)SC=C3
316,49717805,4438422,Active,15,12.57,C1C2=C(N(N=C2CS1(=O)=O)C3=CC(=CC=C3)Cl)NC(=O)C4=CC5=C(C=C4)OCO5
317,49717936,1304219,Active,19,15.94,CC1=C(C=C(C=C1)C(=O)O)NC(=S)NC(=O)C2=CC=C(C=C2)COC3=CC=CC=C3
318,49718261,24790041,Active,20,16.27,CC[C@]12[C@@H]3[C@H]([C@H](N1C(=O)N(C2=O)C4=CC(=CC=C4)F)C5=CC=C(C=C5)F)C(=O)N(C3=O)C6CCCCC6
319,49718270,24790050,Active,16,13.51,C[C@]12[C@@H]3[C@H]([C@H](N1C(=O)N(C2=O)C4=CC(=CC=C4)F)C5=CC=C(C=C5)F)C(=O)N(C3=O)C6CCCCC6
320,49718513,24790237,Active,17,14.24,CN(CC1=NC=CN=C1)C(=O)C2=NOC(=C2)COC3=CC=CC=C3SC
321,49718735,24790407,Active,40,32.55,C[C@]12[C@@H]3[C@H]([C@H](N1C(=O)N(C2=O)C4=CC(=CC=C4)Br)C5=CC=C(C=C5)Cl)C(=O)N(C3=O)C6CCCCC6
322,49718804,2734449,Active,15,12.38,C1=CC=C2C(=C1)C(C3=CC=CC=C32)COC(=O)N[C@@H](CC4=CC=C(C=C4)Br)C(=O)O
323,49719044,807412,Active,84,68.3,CCC1=CC(=O)OC2=C1C=CC(=C2)OC(=O)C3=CC=CO3
324,49719738,22583081,Active,15,12.39,CC1=NC(=CO1)C2=CC=C(C=C2)S(=O)(=O)N3CCN(CC3)C4=CC=CC=C4
325,49720560,24791295,Active,16,13.19,CC1=CC(=NN1)C(=O)NC2CCCC3=C2C=NN3C4=CC=C(C=C4)C(C)(C)C
326,49720571,24791306,Active,16,13.13,CN(CCC1=CC=CC=C1)C(=O)C2=NOC(=C2)COC3=CC=CC(=C3)C(F)(F)F
327,49721405,22515899,Active,28,22.56,C1=C(C=C(C=C1C(F)(F)F)NS(=O)(=O)C2=C(N=CC(=C2)Br)N)C(F)(F)F
328,49721504,4911266,Active,16,13.04,CCOC1=CC=C(C=C1)N(CC2=CC3=C(C=C(C=C3)C)NC2=O)S(=O)(=O)C4=CC=CC=C4
329,49722098,16017527,Active,15,12.42,CC1=CC(=CC=C1)C(=O)NC2=NN=C(S2)S(=O)(=O)NC3=CC=CC(=C3)C
330,49722141,135693201,Active,16,13.13,C1CN(CCC1C2=NC3=C(C(=O)N2)N=NN3CC4=CC=C(C=C4)OC(F)(F)F)S(=O)(=O)C5=CC=CC=C5F
331,49722416,16034541,Active,15,12.71,CN(CC1=CC=C(C=C1)F)S(=O)(=O)C2=NN=C(S2)NC(=O)C3=CC=CC=C3Br
332,49723031,22551764,Active,16,12.86,CC1C(=O)NC2=C(S1)C=CC(=C2)S(=O)(=O)CCC(=O)N3CCN(CC3)C4=C(C=CC(=C4)C)C
333,49723172,16017324,Active,15,12.74,CCN(C1=CC=CC=C1)S(=O)(=O)C2=NN=C(S2)NC(=O)C3=CC=CC=C3OC
334,49724079,16019819,Active,16,13.14,CCC1=CC=C(C=C1)NC(=O)C2CCCN(C2)S(=O)(=O)C3=CC4=C(C=C3)NC(=O)C=C4
335,49724688,4944777,Active,15,12.57,CC1=CC(=C(C=C1)C)OC(C)C(=O)NC2=NC=CS2
336,49724780,7254819,Active,16,12.88,C1=CC(=CC=C1F)SCC(=O)NC2=CC3=C(C=C2)C(=O)NC3=O
337,49725413,135531840,Active,15,12.73,CCOC1=CC=C(C=C1)NC(=O)CSC2=NC(=CC(=O)N2)NS(=O)(=O)C3=CC=C(C=C3)C
338,49725532,1936560,Active,15,12.28,COC1=NC(=NC(=C1)NS(=O)(=O)C2=CC=C(C=C2)NC(=S)NC(=O)C3=CC=C(C=C3)F)OC
339,49726373,3191638,Active,19,15.32,CC(=O)NC1=CC=C(C=C1)N(C(C2=C(C(=CC=C2)OC)OC)C(=O)NCC3CCCO3)C(=O)CN4C5=CC=CC=C5N=N4
340,49726948,2939288,Active,57,45.85,CC1CCC2C(C1)C(=O)N(C2=O)C3=C(C=CC(=C3)Cl)OC(=O)C4=CC=CO4
341,49727024,3191502,Active,21,17.6,CC(=O)NC1=CC=C(C=C1)N(C(C2=C(C=C(C=C2)OC)OC)C(=O)NCC3CCCO3)C(=O)CN4C5=CC=CC=C5N=N4
342,49728915,3196510,Active,20,16.15,CCC1=CC=C(C=C1)N(C(C2=CN=CC=C2)C(=O)NC3CCCC3)C(=O)C4=CC=CO4
343,49730186,3196508,Active,93,74.92,CCC(C)C1=CC=C(C=C1)N(C(C2=CN=CC=C2)C(=O)NC3CCCC3)C(=O)C4=CC=CO4
344,49730483,9596269,Active,19,15.9,CC1=CC(=C(C=C1Br)Br)OCC(=O)N/N=C(\C)/CC(=O)NC2=CC=C(C=C2)NC(=O)C
345,49731510,4137407,Active,17,14.24,CC1CCN(CC1)C2=C3C(=C(SC3=NC(=N2)C)C(=O)NC4=CC5=C(C=C4)OCCO5)C
346,49731701,54688584,Active,15,12.83,COC1=CC=C(C=C1)S(=O)(=O)C2=C(C3=C(C=C(C=C3)C(=O)NC4=CC(=CC=C4)F)NC2=O)O
347,49731854,5824720,Active,20,16.77,CCC1=CC=C(C=C1)S(=O)(=O)/N=C/2\C=C(C(=O)C3=CC=CC=C32)NC4=CC=C(C=C4)C(=O)O
348,49731974,24792919,Active,16,13.35,CC(C)C[C@@H](C(=O)OC(C)(C)C)NC(=O)C1=C(N=CN1)C(=O)N[C@@H](CC2=CC=CC=C2)C(=O)OCC3=CC=CC=C3
349,49732374,2420336,Active,15,12.3,C1CN(CCN1CC2=CC=CC=C2)C(=O)CNC(=O)C3=CC=C(C=C3)Br
350,49733167,3221960,Active,19,15.43,CC(C)C1=CC=C(C=C1)N(C(C2=CN=CC=C2)C(=O)NC3CCCC3)C(=O)C4=CSN=N4
351,49733419,3196509,Active,63,50.76,CC(C)C1=CC=C(C=C1)N(C(C2=CN=CC=C2)C(=O)NC3CCCC3)C(=O)C4=CC=CO4
352,49733660,3191728,Active,37,30.51,CC(=O)NC1=CC=C(C=C1)N(C(C2=CC(=CC=C2)OC)C(=O)NCC3CCCO3)C(=O)CN4C5=CC=CC=C5N=N4
353,49733661,3191469,Active,44,35.42,CC(=O)NC1=CC=C(C=C1)N(C(C2=CC=C(C=C2)OC)C(=O)NCC3CCCO3)C(=O)CN4C5=CC=CC=C5N=N4
354,49733682,5756577,Active,17,14.21,COC1=CC=CC=C1/C=C\2/C(=O)N(C(=S)S2)CCC(=O)NNC(=O)C3=CC=CC=C3OC
355,49735817,6023693,Active,19,15.85,CC1=CC=CC=C1NC2=C/C(=N\S(=O)(=O)C3=CC=C(C=C3)C(=O)O)/C4=CC=CC=C4C2=O
356,49736236,16007641,Active,18,14.97,CC1=C(C(=NO1)C)S(=O)(=O)N(CC(=O)NCC2=CC(=CC=C2)OC)C3=CC=C(C=C3)C(C)C
357,49736472,22518136,Active,15,12.56,CCN(C1=CC=C(C=C1)OC)S(=O)(=O)C2=NN=C(S2)NC(=O)COC3=CC=C(C=C3)C
358,49737169,22517479,Active,16,13.2,CC1=CC(=CC=C1)NS(=O)(=O)C2=NN=C(S2)NC(=O)C3=CC=C(C=C3)Cl
359,49737517,6460643,Active,15,12.55,C1CN(CCN1C2=CC=C(C=C2)F)C(=O)CCS(=O)(=O)C3=CC=CC=C3
360,49816184,16404473,Active,15,12.46,COC1=CC(=C(C=C1/C=C\2/C(=O)C3=C(O2)C=C(C=C3)OCC(=O)N4CC5=CC=CC=C5C[C@H]4C(=O)O)OC)OC
361,49816232,1891999,Active,58,47.3,C1=CC(=CC=C1NS(=O)(=O)C2=CC=C(C=C2)Br)S(=O)(=O)NC3=NC=CS3
362,49816250,2915854,Active,15,12.31,CCOC1=CC=C(C=C1)N(CC(=O)NCCSCC2=CC=CO2)S(=O)(=O)C3=CC=C(C=C3)C
363,49816909,6470683,Active,15,12.76,CCC1=C(SC(=C1C(=O)N2CCOCC2)NC(=O)CC3=CC=CC=C3OC)C
364,49817047,6470895,Active,16,13.1,CN1C(=C(C=N1)Cl)C(=O)NC2=CC3=C(C=C2)OCO3
365,49817407,4679126,Active,15,12.4,CCOC1=CC=C(C=C1)C2C(=C(C(=O)N2C3=NC(=C(S3)C(=O)OC)C)O)C(=O)C4=CC=C(O4)C
366,49818186,24817254,Active,41,33.21,CC1=CC=C(C=C1)C(=O)C2=C3C=CC=CC3=[N+](N2CCC(=O)N)[O-]
367,49818187,24817255,Active,37,29.8,C1=CC2=C(N([N+](=C2C=C1)[O-])CCC(=O)N)C(=O)C3=CC(=C(C(=C3)Cl)N)Cl
368,49818189,24817257,Active,57,46.47,C1=CC2=C(N([N+](=C2C=C1)[O-])CCC(=O)N)C(=O)C3=CC=C(C=C3)Cl
369,49818195,24817263,Active,33,26.8,CC1=CC=C(C=C1)C(=O)C2=C3C=CC(=CC3=[N+](N2CCC(=O)N)[O-])C(F)(F)F
370,49819114,2958977,Active,17,14.17,CC1=CC=C(C=C1)C(=O)N2CCN(CC2)C3=CC=C(C=C3)NC(=O)C4=CC(=C(C(=C4)OC)OC)OC
371,49819897,4900532,Active,19,15.77,COC1=CC=C(C=C1)N(CC2=CC3=CC=CC=C3NC2=O)S(=O)(=O)C4=CC=C(C=C4)OC
372,49819958,4907806,Active,15,12.41,CCN1C2=C(C=C3C=C(C=CC3=N2)C)C(=N1)NS(=O)(=O)C4=CC=CC=C4
373,49819959,4910360,Active,15,12.38,CCN1C2=NC3=C(C=CC=C3C=C2C(=N1)NS(=O)(=O)C4=CC=C(C=C4)[N+](=O)[O-])C
374,49820287,9662819,Active,15,12.4,CN(CC1=C(N=NN1C2=NON=C2N)C(=O)N/N=C/C3=CC(=CC=C3)OC)C4=CC=CC=C4
375,49820367,9637339,Active,17,13.95,CC(C)OC1=CC=C(C=C1)/C=N/NC(=O)C2=C(N(N=N2)C3=NON=C3N)CN(C)C4=CC=CC=C4
376,49821624,1768585,Active,17,13.78,CC1=C(C=CC2=C1OC(=O)C3=CC=CC=C23)OCC(=O)N[C@@H](CC4=CNC5=CC=CC=C54)C(=O)O
377,49822005,4220289,Active,15,12.77,CCN1C=C(C=N1)C(=O)NC(=S)NC2=CC=CC=C2[N+](=O)[O-]
378,49825353,2229132,Active,15,12.27,C1CCN(CC1)S(=O)(=O)C2=CC=C(C=C2)OCC(=O)NC3=CC=CC=C3F
379,49825566,2993330,Active,15,12.83,CC1=CC(=C(C=C1)OC)NC(=O)CSC2=NC3=C(C(=CS3)C)C(=O)N2
380,49825630,6465235,Active,16,12.88,C1=CC2=NON=C2C(=C1)S(=O)(=O)NC3=C(C=CC(=C3)F)F
381,49825790,986562,Active,15,12.31,CC1=C(ON=C1C)NS(=O)(=O)C2=CC=C(C=C2)NC(=O)C3=C(C4=C(O3)C=CC(=C4)Cl)C
382,49825925,5897880,Active,22,18.1,C1COCCN1C(=O)CN2C=C(C3=CC=CC=C32)/C=C/4\C(=O)NC(=O)N(C4=O)C5=CC=CC=C5F
383,49826085,2193552,Active,17,14.28,CC1=C(C=C(C=C1)OCC(=O)NC2=C(C=C(C=C2)C(=O)O)NC(=O)COC3=CC(=C(C=C3)C)C)C
384,49826445,2951459,Active,15,12.6,CC1=CC=C(O1)C(=O)C2=C(C(=O)N(C2C3=CC=C(C=C3)OC(C)C)CC4=CN=CC=C4)O
385,49826549,2949086,Active,16,13.65,C1CN(CCN1C2=CC=CC=C2NC(=O)C3=CC(=CC=C3)[N+](=O)[O-])C(=O)C4=CC=C(C=C4)Cl
386,49826802,1949127,Active,21,17,CC(C)OP(=O)(C1(C=C(C(=O)C(=C1)Cl)Cl)NS(=O)(=O)C2=CC=C(C=C2)Cl)OC(C)C
387,49826923,17379494,Active,16,13.3,COC1=CC=C(C=C1)S(=O)(=O)N2CCN(CC2)C(=O)NC3=CC=CC=C3OC
388,49826994,1295575,Active,16,13.39,COC(=O)C1=CC=C(C=C1)NC(=O)C2=CC=C(C=C2)NC(=O)C3=CC=CO3
389,49828046,24819855,Active,15,12.84,CC1=CC(=C(C=C1)C)S(=O)(=O)N2CCN(CC2)C(=O)C3=CC(=C(C=C3)N4CCCC4)[N+](=O)[O-]
390,49828469,24819986,Active,32,26.49,C1=CC2=C(N([N+](=C2C=C1)[O-])CCC(=O)N)C(=O)C3=CC(=CC=C3)[N+](=O)[O-]
391,49828536,6236746,Active,17,13.88,C1CCN(C(C1)CCO)C(=O)CCN2C(=O)/C(=C/C3=CC(=CC=C3)Cl)/SC2=S
392,49828715,24820042,Active,15,12.56,CC1=CC=C(C=C1)NC(=O)CN(C)C(=O)C2=C(N=CC=C2)NC3=CC=CC(=C3)C(F)(F)F
393,49828719,135484279,Active,17,13.71,CCN(CC)C1=CC(=C(C=C1)/C=N/NC(=O)C2=C(N(N=N2)C3=NON=C3N)C(C)C)O
394,49829154,6225958,Active,16,13.53,C1=CSC(=C1)/C=C\2/C(=O)N(C(=O)S2)CC(=O)NC3=CC(=C(C=C3)C(=O)O)O
395,49829348,24820087,Active,15,12.41,CC1=CC=C(C=C1)C(=O)C2=C3C=CC(=CC3=[N+](N2CCC(=O)N)[O-])[N+](=O)[O-]
396,50085534,2739954,Active,21,17.57,CC1=C(C2=C(O1)C(=C(C(=C2F)F)F)F)S(=O)(=O)NC3=CC=CC(=C3)C(F)(F)F
397,50085563,2814640,Active,15,12.25,CC(C)(C)C1=CC=C(C=C1)NC(=O)CSC2=NNC(=O)N2C3=CN=CC=C3
398,50085624,2808586,Active,15,12.62,CC(=O)N(C1=CC=C(C=C1)C(F)(F)F)S(=O)(=O)C2=CC=C(C=C2)N3C(=O)CCC3=O
399,50086381,9611292,Active,17,13.99,CCCC1=C(N=NN1C2=NON=C2N)C(=O)N/N=C/C3=C(C=CC4=CC=CC=C43)OC
400,50086393,2813012,Active,16,13.11,COC1=CC=C(C=C1)NC(=O)CC2C(=O)NCCN2C(=O)NC3=CC=C(C=C3)C(F)(F)F
401,50086403,2815848,Active,16,13.62,C1COC2=C(O1)C=CC(=C2)NC(=O)C3=C(OC=N3)C4=CC=CC=C4
402,50086550,2814665,Active,15,12.37,COC(=O)C1=CC=CC=C1NC(=O)C2=CC3=C(C=C2)OCCCO3
403,51086478,16825531,Active,16,12.87,COC1=CC=CC=C1CCNC(=O)C(=O)NCC2N(CCO2)S(=O)(=O)C3=CC4=C(C=C3)OCCO4
404,51090130,16807543,Active,15,12.59,CN(C)CCNC(=O)C(=O)NCC1N(CCO1)S(=O)(=O)C2=CC=C(C=C2)OC
405,51090162,16812389,Active,18,14.79,C1COC(N1S(=O)(=O)C2=CC3=C(C=C2)OCCO3)CNC(=O)C(=O)NCCC4=CC=CC=C4
406,49821789,8056786,Inactive,15,12.24,C1C(=O)NC2=CC=CC=C2N1C(=O)NCC(=O)NC3=CC=C(C=C3)Cl
407,24805350,2130284,Inactive,15,12.24,CC1=CC2=C(C=C1)N(C(=O)C2=O)CCOC3=CC=CC=C3
408,49722581,54716023,Inactive,15,12.22,COC1=CC=C(C=C1)S(=O)(=O)C2=C(C3=C(C=C(C=C3)C(=O)NC4=CC=C(C=C4)F)NC2=O)O
409,865007,666254,Inactive,15,12.22,CN1C2=C(C(=O)N(C1=O)C)N(C(=N2)CN3CCC4=CC=CC=C4C3)CCC5=CC=CC=C5
410,49829028,1745706,Inactive,15,12.21,CC1=CC2=C(C=C1)NC3=C2CN(CC3)C(=O)CN4C[C@H]5C[C@@H](C4)C6=CC=CC(=O)N6C5
411,17413765,2290132,Inactive,15,12.2,C1=CC=C(C=C1)C(=O)NC2=CC(=C(C=C2)OCC(C(F)F)(F)F)C(F)(F)F
412,3716022,1218140,Inactive,15,12.2,CC1=CC(=NN1C(=O)C2=CC=CC=C2)NC3=CC=CC=C3
413,22412963,5454053,Inactive,15,12.19,C/C(=N/NC(=O)CN1N=C2C=CC=CC2=N1)/C3=CC=C(C=C3)F
414,17514376,3831515,Inactive,15,12.19,CC1=CC=C(C=C1)C2(CCOC(C2)C(C)C)CCNS(=O)(=O)C3=CC=C(C=C3)C
415,26661204,1353096,Inactive,15,12.19,CCOC(=O)C1=C(SC=C1CC(C)C)NC(=O)C2=CC=CC=C2C(=O)O
416,49726107,135417915,Inactive,15,12.19,C1CN(CCC1C2=NC3=C(C(=O)N2)N=NN3CC4=CC=CC=C4)S(=O)(=O)C5=CC=CC=C5C(F)(F)F
417,851991,654595,Inactive,15,12.19,CC1=CC2=C(C=C1C)N(C=N2)CC(COC3=CC=CC(=C3)C(=O)OC)O
418,24793324,2986135,Inactive,15,12.18,COC1=CC=C(C=C1)CNC(=O)NC2=CC=CC=C2
419,26731529,2824832,Inactive,15,12.17,C1=CC=C(C=C1)C2=CC(=NC(=N2)NS(=O)(=O)C3=CC=C(C=C3)N)C4=CC=CC=C4
420,14737076,6617879,Inactive,15,12.17,CC1=C(C=CC=C1Cl)N2C(C(C2=O)N3C(=O)C4=C(C3=O)C(=CC=C4)[N+](=O)[O-])C5=CC=CS5
421,49733438,24793391,Inactive,15,12.17,CC(C)(C)OC(=O)[C@H](CCCCNC(=O)OC(C)(C)C)NC(=O)C1=C(NC=N1)C(=O)NCC(=O)OCC2=CC=CC=C2
422,49713846,24789273,Inactive,15,12.17,CC(C)C[C@@H](C(=O)OCC1=CC=CC=C1)NC(=O)C2=C(NC=N2)C(=O)N[C@@H](CCCCNC(=O)OC(C)(C)C)C(=O)OC(C)(C)C
423,14746690,2384253,Inactive,15,12.16,CCN(CC)C(=O)C1=C(C(=C(S1)NC(=O)CCl)C(=O)OCC)C
424,50085912,26695,Inactive,15,12.16,CC(=O)OC1=C(C=C(C=C1I)I)C(=O)NC2=CC=C(C=C2)Cl
425,24783245,1166289,Inactive,15,12.15,COC1=CC=CC=C1C(=O)NC(=S)NC2=CC(=C(C=C2)N3CCOCC3)Cl
426,24814455,16194362,Inactive,15,12.15,CCC1=NN2C(=N)/C(=C\C3=CC=CN3C4=C(C=C(C=C4)C)C)/C(=O)N=C2S1
427,49735864,135616999,Inactive,15,12.15,CN1C2=C(C=C(C=C2)OC)C=C1C(=O)N/N=C/C3=C(C(=CC4=CC=CC=C43)C(=O)O)O
428,842567,644836,Inactive,15,12.14,C1=CC=C2C(=C1)C=C(C(=O)O2)C(=O)NCC3=CC=CC=N3
429,4261732,1287952,Inactive,15,12.14,CC1=CC=C(C=C1)S(=O)(=O)N2C(=NC(=N2)C3=CC=CO3)SCC4=CC=CC=C4
430,17517063,5009759,Inactive,15,12.14,CC1=C(C=C(C=C1)NC(=S)NNC2=C(C=C(C=C2)[N+](=O)[O-])S(=O)(=O)NC3=CC=CC=C3C(=O)O)C
431,49737100,24793994,Inactive,15,12.14,CCC1=C(NC2=C1C=CC(=C2)C(F)(F)F)C3(CCCCC3)O
432,17401674,3736474,Inactive,15,12.13,C1=CC=C(C=C1)CSC2=NN=C(S2)SCC3=CC=C(C=C3)C(=O)O
433,26725815,6884195,Inactive,15,12.13,C1=CC=C2C(=C1)C=CC3=C2C=C(O3)C(=O)N/N=C/C4=CC=C(O4)C5=CC(=C(C=C5)Cl)C(=O)O
434,26731356,2813478,Inactive,15,12.13,C1=CC(=CC=C1C(F)(F)F)NC(=O)NC2=CC=C(C=C2)S(=O)(=O)N
435,26726749,2813143,Inactive,15,12.13,C1CCN(CC1)CC(=O)NC2=C(C=C(C=C2)C(F)(F)F)Cl
436,24830181,2104089,Inactive,15,12.13,C1=CC=C(C=C1)N2C=C(C(=N2)C3=CC=C(C=C3)F)NC(=O)CCl
437,17433565,2189210,Inactive,15,12.12,CC1=CC(=CC=C1)N2C(=O)/C(=C\C3=CC(=C(C=C3)OC(=O)C4=CC=CO4)OC)/C(=O)N2
438,24820280,1480906,Inactive,15,12.12,C1=CC(=C(N=C1)N2C(=O)N(C=N2)C3=CC=C(C=C3)Br)[N+](=O)[O-]
439,17507157,2826864,Inactive,15,12.11,CC1=CC(=C(C(=C1)C)C(CC(=O)C2=CC=CS2)C(C#N)C#N)C
440,26665797,6889021,Inactive,15,12.11,CCCCOC1=CC=C(C=C1)CCC(=O)N/N=C/C2=CC=CO2
441,47202124,4299324,Inactive,15,12.08,C1=CC=C(C=C1)C2=CC3=CC=CC=C3N2CC(=O)NN
442,49670264,746288,Inactive,15,12.07,CC1=CC(=C(C=C1)S(=O)(=O)NC2=CC=C(C3=CC=CC=C32)O)C
443,24788140,6872983,Inactive,15,12.07,C1=CC2=NN(N=C2C=C1)CC(=O)N/N=C/C3=CC=C(C=C3)F
444,7974129,2283724,Inactive,15,12.06,C1=CC=C(C=C1)NC(=O)NCCSCC2=CC=CO2
