smiles,group,Pgp-sub
ClC1C(Cl)C(Cl)C(Cl)C(Cl)C1Cl,training,0.0
S(C(/C=N/OC(O)=NC)(C)C)C,training,0.0
NC12CC3CC(C1)CC(C2)C3,training,0.0
Fc1c(O)nc(O)nc1,training,0.0
O=C(O)CC[C@@H](N)C=C,training,0.0
Clc1c([C@@]2(Cn3ncnc3)O[C@@H](CCC)CO2)ccc(Cl)c1,training,0.0
ClC1(Cl)[C@@]2(Cl)C(Cl)=C(Cl)[C@@]1(Cl)[C@@H]1[C@@H]2[C@@H]2[C@H]3O[C@@H]3[C@@H]1C2,training,0.0
P(=O)(O/C(=C/C(=O)OC)/C)(OC)OC,training,0.0
ClCCN(N=O)C(O)=NCCCl,training,0.0
O(CCN(C)C)c1ccc(/C(=C(\CC)/c2ccccc2)/c2ccccc2)cc1,training,0.0
O(C)c1c(OC)cc([C@H]2[C@H]3C(=O)OC[C@@H]3[C@@H](N)c3c2cc2OCOc2c3)cc1OC,training,0.0
ClC1=NC(=NCC)NC(=NC(C)C)N1,training,0.0
S(C)c1nc(O)c(C#N)c(-c2ccc(C)cc2)n1,training,0.0
O=C([O-])C1(C(=O)[O-])CCC1,training,0.0
O[C@@H](CNC)c1cc(O)c(O)cc1,training,0.0
S(=O)(=O)(NC)Cc1cc2c(CCN(C)C)c[nH]c2cc1,training,0.0
C(N1[C@H](C)[C@H](C)C=C(C)c2c1cccc2)C1=NCCN1,training,0.0
S=C1N([C@@H]2[C@H](O)[C@H](O)[C@H](O)[C@H](CO)O2)C(c2sccc2)=C2C(=C1C#N)c1c(cccc1)CC2,training,0.0
FC(F)(F)c1cnc(Oc2ccc(O[C@@H](C(=O)OCCCC)C)cc2)cc1,training,0.0
Clc1cc(Cl)cc(N2C(=O)[C@](C=C)(C)OC2=O)c1,training,0.0
O(C(O)=NC)c1cc(C)c(N(C)C)cc1,training,0.0
S=P(SCN1C(=O)c2c(C1=O)cccc2)(OC)OC,training,0.0
O=C(c1cc2[nH]c(N=C(OC)O)nc2cc1)c1ccccc1,training,0.0
S=C/1N(c2ccccc2)C(=Nc2[n+](Cc3ccccc3)cccc2)N(c2ccccc2)\C\1=N/c1ccccc1,training,0.0
Clc1nc2C(N)=C(S(=O)(=O)C)c3nc4c(nc3-n2c1)cccc4,training,0.0
O=[N+]([O-])c1c([N+](=O)[O-])cc(N)c(OC)c1,training,0.0
O=C(O)[C@H]1C(C)(C)S[C@@H]2[C@H](N=C(O)[C@H](N)c3ccccc3)C(=O)N12,training,0.0
S(CCN/C(/NC)=C/[N+](=O)[O-])Cc1oc(CN(C)C)cc1,training,0.0
Ic1c(Oc2cc(I)c(O)c(I)c2)c(I)cc(C[C@@H](N)C(=O)O)c1,training,0.0
O=C(O)CN(CC(=O)O)Cc1c(O)cc2Oc3c(C4(OC(=O)c5c4cccc5)c2c1)cc(CN(CC(=O)O)CC(=O)O)c(O)c3,training,0.0
S(=O)(=O)(O)CCCN1/C(=C/C=C/C=C2C(=O)N(CCCC)C(=O)N(CCCC)C2=O)/Oc2c1cccc2,training,0.0
Clc1ccc(Cn2c3c(c(C(=O)C(=O)N=C4C=CNC=C4)c2)cccc3)cc1,training,0.0
N(CCCN1c2c(cccc2)CCc2c1cccc2)(C)C,training,0.0
N=C1C(c2ccccc2)=NC2=C(N)NC(=N)NC2=N1,training,0.0
O=C(O)CC1(CN)CCCCC1,training,0.0
C(=C\CN1CCCC1)(\c1ncccc1)/c1ccc(C)cc1,training,0.0
OC[C@H]1O[C@H](N2C(O)=NC(=N)C=C2)CO1,training,0.0
O=C1C=C2C(=C3[C@@H](c4ccc(N(C)C)cc4)C[C@]4(C)[C@](O)(C#CC)CC[C@H]4[C@@H]3CC2)CC1,training,0.0
S(=O)(=O)(Nc1nc(C)cc(C)n1)c1ccc(Nc2c3c(c(C(O)=NNCCO)ccc3)nc3c2cccc3)cc1,training,0.0
ClC1(Cl)C2(Cl)C3(Cl)C4(Cl)C(Cl)(Cl)C5(Cl)C3(Cl)C1(Cl)C5(Cl)C24Cl,training,0.0
O=C(N(c1ccccc1)C1(COC)CCN(CCN2C(=O)N(CC)N=N2)CC1)CC,training,0.0
O=C(OCC)[C@@H]1[C@H](N(C)[C@@H]([C@@H](C(=O)OCC)C1=O)c1ccccc1)c1ccccc1,training,0.0
Clc1ccc([C@H](N2CCN(CCOCCO)CC2)c2ccccc2)cc1,training,0.0
Clc1cc2C(c3c(F)cccc3)=NCc3n(c(C)nc3)-c2cc1,training,0.0
Brc1[nH]c2c3c(ccc2)C=2[C@H](N(C)C[C@H](C(O)=N[C@]4(C(C)C)C(=O)N5[C@@H](CC(C)C)C(=O)N6[C@H]([C@@]5(O)O4)CCC6)C=2)Cc13,training,0.0
O(C(O)=NC)c1c2c(ccc1)cccc2,training,0.0
O(C[C@@H](O)CNC(C)C)c1c(CC=C)cccc1,training,0.0
O=C(OC[C@H]1[C@@H](OC(=O)C)[C@@H](OC(=O)C)[C@@H](OC(=O)C)[C@@H](N2C(=O)C(C#N)=CC3=C2CCCCCC3)O1)C,training,0.0
O=C(O)C[C@H](N=C(O)CN1C(=O)c2c(ccc(N3CCNCC3)c2)CC1)C#C,training,0.0
S(=O)(=O)([O-])CCC[N+](CCCN=C(O)CC[C@@H](C)[C@@H]1[C@]2(C)[C@@H](O)C[C@@H]3[C@@]4(C)[C@H](C[C@H](O)[C@H]3[C@@H]2CC1)C[C@H](O)CC4)(C)C,training,0.0
O=C1N(CCCCN(C)C)CCc2c3c(n(C)c12)cccc3,training,0.0
S(=O)(=O)(Nc1c(OC)cccc1)c1c(OCCOc2c(S(=O)(=O)Nc3c(OC)cccc3)cc(C(C)(C)C)cc2)ccc(C(C)(C)C)c1,training,0.0
O(C)c1c([C@@H]2N(c3ccc(-c4ccc(N5C(c6ccccc6)=Nc6c(C5=O)cccc6)cc4)cc3)C(=O)CS2)cccc1,training,0.0
O=C1[C@@]2(C)[C@H]([C@H]3[C@@H]([C@]4(C)C(=CC(=O)CC4)CC3)CC2)CC1,training,0.0
O(C)c1c(OC)cc([C@H]2[C@H]3C(=O)OC[C@@H]3[C@H](N)c3c2cc2OCOc2c3)cc1OC,training,0.0
O(C)c1c(OC)cc([C@H]2[C@H]3C(=O)OC[C@@H]3[C@H](O)c3c2cc2OCOc2c3)cc1OC,training,0.0
O(C)c1c(OC)cc([C@H]2[C@H]3C(=O)OC[C@@H]3[C@@H](N(C)C)c3c2cc2OCOc2c3)cc1OC,training,0.0
O=C(N(C)[C@H]1[C@@H]2[C@@H]([C@H](c3cc(OC)c(OC)c(OC)c3)c3c1cc1OCOc1c3)C(=O)OC2)C,training,0.0
Clc1ccc(C=2C(C(=O)OCC)=C(C)N([C@H]3[C@@H](OC(=O)C)[C@@H](OC(=O)C)[C@@H](OC(=O)C)[C@H](COC(=O)C)O3)C(=S)C=2C#N)cc1,training,0.0
S=C1N([C@@H]2[C@H](OC(=O)C)[C@H](OC(=O)C)[C@@H](OC(=O)C)[C@H](COC(=O)C)O2)C(c2ccccc2)=C(C(=O)C)C(c2ccc(OC)cc2)=C1C#N,training,0.0
S=C1N([C@H]2[C@@H](OC(=O)C)[C@@H](OC(=O)C)[C@@H](OC(=O)C)[C@H](COC(=O)C)O2)C(C)=C(C(=O)C)C(c2occc2)=C1C#N,training,0.0
S=C1N([C@H]2[C@@H](O)[C@@H](O)[C@@H](O)[C@H](CO)O2)C(C)=CC(C)=C1C#N,training,0.0
S=C1N([C@H]2[C@@H](O)[C@@H](O)[C@@H](O)[C@H](CO)O2)C2=C(C=C1C#N)CCCC2,training,0.0
O=C1N([C@H]2[C@H](O)[C@H](O)[C@@H](CO)O2)C=CC=N1,training,0.0
OC/C=C(/CC/C=C(/CCC=C(C)C)\C)\C,training,0.0
SC[C@H](N)C(=O)OC,training,0.0
O(C)c1ccc(Cc2c([C@@H]3C(=O)N(c4ccccc4)N=C3c3ccccc3)c(O)nnc2-c2ccc(C)cc2)cc1,training,0.0
FC(F)(F)c1ccc(O[C@@H](CCNC)c2ccccc2)cc1,training,0.0
OC(CN(CCO)c1nc(N2C[C@@H](C)O[C@@H](C)C2)nc2nc(N3C[C@@H](C)O[C@@H](C)C3)c(-c3ccccc3)nc12)(C)C,training,0.0
Brc1c(Cl)cc(OP(=S)(OC)c2ccccc2)c(Cl)c1,training,0.0
ClCCN(CCCl)P1(=O)OCCCN1,training,0.0
S(=O)(=O)(Nc1ncccc1)c1ccc(N)cc1,training,0.0
S([C@@H]([C@@H](O)CCCC(=O)O)/C=C/C=C/C=C\C/C=C\CCCCC)C[C@@H](N=C(O)CC[C@H](N)C(=O)O)C(O)=NCC(=O)O,training,0.0
ClC(Cl)[C@H](c1c(Cl)cccc1)c1ccc(Cl)cc1,training,0.0
O=C1[C@H](C)[C@H](N(C)[C@@H]([C@H]1C)c1ccccc1)c1ccccc1,training,0.0
Fc1c(C(O)(Cn2ncnc2)Cn2ncnc2)ccc(F)c1,training,0.0
O=C(O)[C@H](C)[C@H]1[C@@H](C)CC[C@H](C[C@H]2O[C@]3([C@H](C)[C@H](OC)C2)[C@H](C)C[C@](C)([C@@H]2O[C@](C)([C@H]4[C@@H](C)C[C@H]([C@@H]5[C@@H](C)C[C@@H](C)[C@](O)(CO)O5)O4)CC2)O3)O1,training,0.0
O=C(Nc1ccc(CCN2Cc3c(cc(OC)c(OC)c3)CC2)cc1)c1c(N=C(O)c2cnc3c(c2)cccc3)cc(OC)c(OC)c1,training,0.0
O=C(CO)[C@]1(O)[C@]2(C)[C@H]([C@H]3[C@H]([C@@H](O)C2)[C@]2(C)C(=CC(=O)C=C2)CC3)CC1,training,0.0
O=C(CO)[C@@H]1[C@@]2(C)[C@H]([C@H]3[C@@H]([C@]4(C)C(=CC(=O)CC4)CC3)CC2)CC1,training,0.0
O(C)c1c(OC)cc([C@@H]2[C@@H]3C(=O)OC[C@H]3Cc3c2cc2OCOc2c3)cc1OC,training,0.0
ClCCN(CCCl)c1ccc(C[C@H](N)C(=O)O)cc1,training,0.0
O=C(N(C)[C@@H]1[C@@H]2[C@@H]([C@H](c3cc(OC)c(OC)c(OC)c3)c3c1cc1OCOc1c3)C(=O)OC2)C,training,0.0
O(C)c1c(OC)cc2c(C(=O)N(C)C=3c4c(C(=O)C2=3)cc2OCOc2c4)c1,training,0.0
S=C1N([C@H]2[C@@H](O)[C@@H](O)[C@@H](O)[C@H](CO)O2)C(C)=C(C(=O)C)C(c2occc2)=C1C#N,training,0.0
S=C1N([C@@H]2[C@H](O)[C@H](O)[C@H](O)[C@H](CO)O2)C2=C(C=C1C#N)CCC2,training,0.0
S=C1N([C@@H]2[C@H](O)[C@H](O)[C@H](O)[C@H](CO)O2)C2=C(C(c3occc3)=C1C#N)CCCC2,training,0.0
O=C1C=C2[C@@](C)([C@@H]3[C@H]([C@H]4[C@](C)([C@@H](O)CC4)CC3)CC2)CC1,training,0.0
S(=O)(=O)(Nc1nc(C)cc(C)n1)c1ccc(NC(=O)COC(=O)c2c3Nc4c(C(=O)c3ccc2)cccc4)cc1,training,0.0
OC[C@@H]1[C@@H](O)[C@H](O)[C@H](N2C(O)=NC(=N)C=C2)O1,training,0.0
O=C1N([C@@H]2O[C@H](CO)C=C2)C=C(C)C(O)=N1,training,0.0
Fc1c(F)c(F)cc(C(O)=NC2(CC)C(=O)N(C(C)C)C(=O)N=C2O)c1F,training,0.0
O=C1N=C(O)C(=Cc2c3c(n(Cc4ccccc4)c2)cccc3)C(O)=N1,training,0.0
Clc1ccc(-n2nc(C(=O)n3c(C)c4c(n3)-c3c(cccc3)CC4)c(O)c2)cc1,training,0.0
O(C)c1c(OC)ccc(CCN2C(=O)c3c(N=C2)cc(N=C(O)CN2CCN(C)CC2)c(Oc2cc(C)cc(C)c2)c3)c1,training,0.0
O=CC(=C)[C@@H]1CC=C(C=O)CC1,training,0.0
O(CCNC)c1ccc(/C(=C(/CC)\c2ccccc2)/c2ccc(O)cc2)cc1,training,0.0
FC(F)(F)c1c([N+](=O)[O-])cc([N+](=O)[O-])c(NN=C(c2ccc(O)cc2)c2ccc(O)cc2)c1,training,0.0
Clc1c([N+](=O)[O-])cc([N+](=O)[O-])c(NN=C(c2ccc(O)cc2)c2ccc(O)cc2)c1,training,0.0
Clc1nc(Cl)c2ncn(CC3(Cn4c5nc(Cl)nc(Cl)c5nc4)COC3)c2n1,training,0.0
Clc1c(Cl)ccc(N=C(O)NS(=O)(=O)c2c(Oc3ccc(F)cc3)ccnc2)c1,training,0.0
Clc1ccc(C(=O)COc2cc(/C=C\3/C(=O)c4c(SC/3)cccc4)ccc2)cc1,training,0.0
Ic1cc(CN(CCCN2CCCCCCC2)C)c(O)c(C)c1,training,0.0
O(C)c1c(OC)ccc(N=C(O)N2NC(=N)c3c2cccc3)c1,training,0.0
S(=O)(=O)(N)c1ccc(-n2ncc3c(Nc4ccccc4)ncnc23)cc1,training,0.0
O=C(OC)CCCCC(=O)C1=C(C)/C(=C/c2c(OC)cc(-c3[nH]ccc3)[nH]2)/N=C1C,training,0.0
O=C(/C=C/C=1C(C)(C)CCCC=1C)CC(=O)/C=C/C=1C(C)(C)CCCC=1C,training,0.0
O=C(CCN1CCN(c2nc3c(nc2)cccc3)CCC1)c1c2c(sc1)cccc2,training,0.0
FC(F)(F)c1[n+]([O-])c2c([n+]([O-])c1C(=O)c1cc3c(cc1)cccc3)ccc(C(F)(F)F)c2,training,0.0
Clc1c(Cn2c(C)c(C(=O)OCC)c3C(=O)C(=O)c4[nH]c(Cc5ccccc5)nc4-c23)ccc(Cl)c1,training,0.0
O=C(OC[C@H]1[C@@H](OC(=O)/C(=C/C)/C)C=CC(=O)O1)[C@@H](O)C,training,0.0
O=C(O[C@@H]1[C@H](CCC(=O)[C@@H](O)C)OC(=O)C=C1)/C(=C/C)/C,training,0.0
O=C1N(CCCCCCCCN)C=2c3c(C(=O)C=2c2c1cccc2)cccc3,training,0.0
O(C(O)=NCCCCCCCCCCCCN1C(=O)c2c(cccc2)C=2C(=O)c3c(cccc3)C1=2)C(C)(C)C,training,0.0
Brc1cc2c(/C=C/C(=O)C)cn(C(OC(C)(C)C)=O)c2cc1,training,0.0
Clc1cc2nc(C(=O)c3occc3)c(C(F)(F)F)[n+]([O-])c2cc1,training,0.0
FC(F)(F)c1[n+]([O-])c2c([n+]([O-])c1C(=O)c1occc1)ccc(C(F)(F)F)c2,training,0.0
N#C/C(=C\c1ncccc1)/c1oc2c(n1)cccc2,training,0.0
S1c2c(Nc3c1ccnc3)ccnc2,training,0.0
BrCCCN1C(=O)c2c(ccc([N+](=O)[O-])c2)C=2C(=O)c3c(ccc(S(=O)(=O)C)c3)C1=2,training,0.0
Clc1c(Cl)cc2[n+]([O-])c(C(=O)c3cc4c(cc3)cccc4)c(C(F)(F)F)[n+]([O-])c2c1,training,0.0
OCCCCC#Cc1c(C#Cc2ccc(O)cc2)cccc1,training,0.0
Fc1c(F)c(F)c(C#C/C=C\C#Cc2c(N)cccc2)c(F)c1F,training,0.0
O(C/C=C\1/OC(=O)CC/1)c1cc2OC(=O)C=C(C)c2cc1,training,0.0
O(C/C=C/1\OC(=O)CC\1)C=1c2c(OC(=O)C=1)cccc2,training,0.0
FC(F)(F)Oc1cc2/C(=C/3\C(O)=NC(=Nc4oc(-c5ccc(OC)cc5)nn4)S\3)/C(O)=Nc2cc1,training,0.0
S=C1SC(C(=O)OCC)=C(C(=O)OCC)c2sc(C(=O)OCC)c(C(=O)OCC)c12,training,0.0
Clc1ccc(C2N(c3ccc(S(=O)(=O)NC(O)=NC4CCCCC4)cc3)N=C3c4c(cccc4)CC23)cc1,training,0.0
Clc1ccc(-c2n(-c3ccc(S(=O)(=O)N)cc3)nc3-c4c(cccc4)Cc23)cc1,training,0.0
O=Cc1c(O)c(O)c(C(C)C)c2c1c(O)c(-c1c(O)c3c(C=O)c(O)c(O)c(C(C)C)c3cc1C)c(C)c2,training,0.0
FC(F)(F)c1[n+]([O-])c2c([n+]([O-])c1C(=O)C)cc(C)cc2,training,0.0
Clc1cc2[n+]([O-])c(C(=O)C)c(C(F)(F)F)[n+]([O-])c2cc1,training,0.0
O(C)c1c(OC)cc2c(C(=O)N(CCCN3CCNCCC3)C=3c4c(C(=O)C2=3)cc2OCOc2c4)c1,training,0.0
ClC=1C(=O)N(Cc2ccccc2)C(=O)C=1Nc1cc(C(O)=Nc2c(OC)ccc(OC)c2)ccc1,training,0.0
O=C(OC)C=1C(c2c(OC)c(OC)ccc2)C(C(=O)OC)=CN(CC=2C(=O)C=C(C)C(=O)C=2)C=1,training,0.0
O=C(OC)C=1C(c2c(OC)cccc2)C(C(=O)OC)=CN(CC=2C(=O)C=C(C)C(=O)C=2)C=1,training,0.0
Clc1c2c(Nc3c(C(=O)C)cc4OCOc4c3)c3c(nc2oc1)cccc3,training,0.0
Clc1c(Cn2c(-c3c(Cl)cccc3F)nc3c2cccc3)c(F)ccc1,training,0.0
O=C1O[C@@H](C)[C@@H]2O[C@H](/C=C/C)[C@H](O)C=C12,training,0.0
SC(=N)/C(/C#N)=C\c1cc2c(n(CC)c3c2cccc3)cc1,training,0.0
Cl/C(=C\C=C(/C(=O)OCC)\C#N)/c1ccc(Cl)cc1,training,0.0
Clc1ccc(/C(/Sc2sc3c(n2)cccc3)=C/C=C(C#N)C#N)cc1,training,0.0
S(CC(O)=N/N=C/c1sccc1)CC(O)=N/N=C/c1sccc1,training,0.0
O=[N+]([O-])c1cc(N=C2N=C(c3sccc3)Nc3c2cc(OC)c(OC)c3)ccc1,training,0.0
ClC=1C(C=O)C(c2ccccc2)n2c3c(nc2N=1)cccc3,training,0.0
Clc1ccc(C2=C(Cl)C(=O)OC2)cc1,training,0.0
O/N=C(/C)\c1cc(N=C2Nc3c(-c4[nH]c5c(c24)cccc5)cccc3)ccc1,training,0.0
O=C(OC)c1c(O)ccc2n(Cc3ccccc3)c3C(=O)c4c(C(=C)c3c12)cccc4,training,0.0
O=C(OC)c1c(O)ccc2n(CC)c3c(O)c4c(cc3c12)cccc4,training,0.0
O(C)c1c(O)ccc(/C=C(\C#N)/c2oc3c(n2)cccc3)c1,training,0.0
Brc1cc2C(C(C(=O)OCC)C#N)C(C(=O)OCC)=C(N)Oc2cc1,training,0.0
OC(C)(C)C1[C@H]2[C@@](C)(CC[C@@]3(C)[C@@]4(C)[C@@H]([C@]5(C)[C@H](C(C)(C)[C@@H](O)CC5)CC4)CC[C@H]23)CC1,training,0.0
Clc1c(Cl)cc2[n+]([O-])c(C)c(C(=O)OCC=C)[n+]([O-])c2c1,training,0.0
Brc1ccc(C(=O)CC=2C(=O)NC3C(N=2)CCCC3)cc1,training,0.0
O=C(O[C@@H]1[C@]2(C)[C@@H](C(CCC(O)=N)C)CCC2C2[C@H](OC(=O)C)C[C@H]3[C@@](C)(C2C1)CCC1(OOC2(OO1)CCC(C)CC2)C3)C,training,0.0
O=C(O)CCC(C)[C@@H]1[C@@]2(C)[C@@H](OC(=O)C)CC3[C@]4(C)[C@H](C[C@@H](OC(=O)C)C3C2CC1)CC1(OOC2(OO1)CCC(C)CC2)CC4,training,0.0
[Si](C#Cc1c(N)ccc(-c2sc3c(n2)cccc3)c1)(C)(C)C,training,0.0
[O-][n+]1c(/C(=N/Nc2sc3c(n2)cccc3)/C)cccc1,training,0.0
N(Nc1[nH]c2c(n1)cccc2)=C(c1ncccc1)c1ncccc1,training,0.0
P(=CC(=O)c1cc(-c2cc([N+](=O)[O-])ccc2)ccc1)(c1ccccc1)(c1ccccc1)c1ccccc1,training,0.0
C(=C\CCCN1O[C@@H](CCCCCCCCc2cnccc2)[C@@H]2[C@H]1CCC2)\CCCCCCCCCc1cnccc1,training,0.0
Cc1ccc(C2(N3CCCC3)OC(C)(C)c3c4c(ccc3)cccc24)cc1,training,0.0
Clc1c(Oc2ccc(OCC=3N(c4c(Cl)cc(Oc5ccc(Cl)cc5)cc4)C(=O)c4c(N=3)ccc(S(=O)(=O)O)c4)cc2)ccc(Cl)c1,training,0.0
[P+](CC[P+]1([B-])[C@@H](C)[C@@H](O)[C@H](O)[C@@H]1C)([B-])(c1c(OC)cccc1)c1ccccc1,training,0.0
Oc1c(CNc2ccccc2)cc(O)cc1,training,0.0
SC=1N(c2ccccc2)C(=O)c2c(sc3c2-c2c(ccc([N+](=O)[O-])c2)CCC3)N=1,training,0.0
Clc1c(COc2c(/C=N/c3c(-c4occc4)nc4n3C=CC=C4)cccc2)ccc(Cl)c1,training,0.0
Clc1ccc(Cn2c3c(c(/C=N/n4cnnc4)c2)cccc3)cc1,training,0.0
S(CC(O)=N/N=C/c1c(OCc2ccccc2)cccc1)c1ncccn1,training,0.0
S(C)c1nc2sc3C(=O)C(C(=O)OCC)C(=O)N4c3c2c(N(CCCC)C4)n1,training,0.0
Clc1c(/C=C/2\C(O)=Nc3c\2cccc3)c2c([nH]1)cc(C)c(O)c2,training,0.0
FC(F)(F)c1c(N)ccc(-c2sc3c(n2)cccc3)c1,training,0.0
O=C(O[C@H]1[C@]2(c3ccccc3)[C@@](C(=O)c3ccccc3)(C(=O)C(=O)S2)C1)C,training,0.0
P(=O)(OC)(OC)CC(=O)C1C(OCc2ccccc2)C(OCc2ccccc2)C(OCc2ccccc2)C(OC)O1,training,0.0
O=C(N1C=CC(C(=O)OCC)(Cc2ccccc2)C=C1)c1ccccc1,training,0.0
O(C)c1ccc(/C=C\2/C(=N\O)/[C@]3(C)[C@H]([C@H]4[C@@H]([C@]5(C)C(=C/C(=N/O)/CC5)CC4)CC3)C/2)cc1,training,0.0
O/N=C/1\C(=C\c2ccncc2)\C[C@@H]2[C@]\1(C)CC[C@@H]1[C@]3(C)C(=C[C@@H](O)CC3)CC[C@@H]21,training,0.0
ClCc1cc2c(OC(=O)C(C(=O)OC3CN(C)CCC3)=C2)cc1,training,0.0
Oc1c(/C=N/c2ccc(-c3sc4c(n3)cccc4)cc2)cccc1,training,0.0
Clc1ccc(C(O)CC(c2ccc(Cl)cc2)c2ccccc2)cc1,training,0.0
S(C(C)(C)C)C=1[C@H]2[C@H]([C@H](P(=O)(c3ccccc3)c3ccccc3)CCC=1)CCC2,training,0.0
OC(=NCCCN(CCCN=C(O)c1nn(-c2ccccc2)c2c1ccc1c2cccc1)C)c1nn(-c2ccccc2)c2c1ccc1c2cccc1,training,0.0
Ic1cc2C(=O)N(Cc3ccccc3)C(Sc3c([N+](=O)[O-])cc([N+](=O)[O-])cc3)=Nc2cc1,training,0.0
S(=O)(=O)(N1[C@@H](c2occc2)[C@@H]2N(S(=O)(=O)c3ccc(C)cc3)C[C@H]3[C@@H]2[C@]1(C(=O)OC)CC3)c1ccc(C)cc1,training,0.0
O(C)C=1C(=O)C=2[C@@H]3[C@H]([C@H]4[C@@](C)(C(=O)CC4)CC3)CCC=2C(=O)C=1,training,0.0
Clc1cc2nc(Cc3ccc(Cl)cc3)oc2cc1,training,0.0
O=[N+]([O-])c1c(N(CCO)CCO)c([N+](=O)[O-])cc2nc(O)[nH]c12,training,0.0
S(=O)(=O)(N)c1ccc(NC(O)=N/N=C/c2c([N+](=O)[O-])cccc2)cc1,training,0.0
O=[N+]([O-])c1ccc(/C=N/N=C(O)Nc2ccc(C(=O)O)cc2)cc1,training,0.0
FC(F)(F)C(OC)(N=C(O)N(C=1SC(C)CN=1)C1CCCCC1)C(=O)OCC,training,0.0
Clc1ccc(N2C(=O)CS(=O)(=O)C2c2cc(Oc3ccccc3)ccc2)cc1,training,0.0
O(C)c1c(N2C(=O)CSC2c2cc(Oc3ccccc3)ccc2)cccc1,training,0.0
S=C(OC12CC3CC(C1)CC(C2)C3)N(C(=O)c1occc1)c1ccccc1,training,0.0
O=C(OC(CN1C(=O)c2c(C)cc(C)nc2S1)CN1CCN(c2ncccc2)CC1)C,training,0.0
O(C)c1c(OC)ccc(/C=C\2/C(=O)[C@]3(C)C(C4C([C@]5(C)C(=CC4)C[C@@H](O)CC5)CC3)C/2)c1,training,0.0
S(C(=N)N)CCN1C(=O)c2c(C)n(c(C)c2C1=O)-c1ccccc1,training,0.0
S(=O)(=O)(C(S(=O)(=O)c1ccccc1)=CCCC(=O)c1ccccc1)c1ccccc1,training,0.0
Clc1c(F)cc(c(Cl)c1)C=1/C(=C/c2cc3OCOc3cc2)/Sc2n(c(C)nn2)N=1,training,0.0
O=C(OC)[C@]12[C@H]([C@H]3C(=O)C=C4[C@]5(C)[C@H](C(C)(C)C(=O)C(C#N)=C5)CC[C@@]4(C)[C@]3(C)CC1)CC(C)(C)CC2,training,0.0
O=C(OCC1C(OC(=O)C)C(OC(=O)C)C(OC(=O)C)C(N2C(=O)/C(=C\c3ccc(OC)cc3)/C(=N)Nc3c2cccc3)O1)C,training,0.0
FC(F)(F)C(=O)c1c2c(c3NC4(N=C(C(F)(F)F)c3c1)CCCCC4)cccc2,training,0.0
Clc1n(-c2ccccc2)c2c(c1/C=C\1/C(O)=Nc3c/1cccc3)cccc2,training,0.0
S(c1ccc(OC)cc1)C1(C(=C)C)CC1,training,0.0
Brc1sc(Br)c2C(=O)C(=CN(C)C)C(=O)c12,training,0.0
O(CC1=Nc2c(-n3c1ccc3)cccc2)c1cc(OC)c(OC)c(OC)c1,training,0.0
Clc1ccc(S(=O)(=O)c2c(N=C(O)c3c(F)cc(F)cc3)scc2)cc1,training,0.0
Ic1c(N)ccc(-c2sc3c(n2)cc(F)cc3)c1,training,0.0
Clc1ccc(C2=NN=C3C(c4ccccc4)=Nc4c(N3C2)cccc4)cc1,training,0.0
O(CCN1CCOCC1)c1ccc(N2C(=C)c3n(c4c(n3)cccc4)C=C2c2ccc(OC)cc2)cc1,training,0.0
Brc1cc2c(N3C(=S)SCN(C)C3)c3c(nc2cc1)cccc3,training,0.0
O=C(OCC)N(CCC1C(c2c(OC)c(OC)ccc2)C(=O)C=CC1)C,training,0.0
O(C)c1c(OC)c-2c(C(=O)C(=O)c3c-2ccc(OC)c3)cc1O,training,0.0
O=[N+]([O-])c1c2N(CCCN(C)C)c3c(cccc3)CCc2ccc1,training,0.0
BrCC(=O)Nc1ccc(C(O)=NC(O)=N)cc1,training,0.0
BrCC(O)=Nc1cc(C(O)=NC(O)=N)ccc1,training,0.0
S(=O)(=O)(OCC1(C)COS(=O)(=O)OC1)OCC1(C)COS(=O)(=O)OC1,training,0.0
O=C(C)C1=CC=2Sc3c(N(CCN4CCN(CCOC(OC)(C)C)CC4)C=2C1)cccc3,training,0.0
Clc1c(Oc2c(Cl)cc([N+](=O)[O-])cc2)c(Cl)cc(S(=O)(=O)NC(=NO)Nc2ccc(Cl)cc2)c1,training,0.0
Clc1c(Oc2ccc([N+](=O)[O-])cc2)c(Cl)cc(S(=O)(=O)NC(=NO)Nc2ccc(Cl)cc2)c1,training,0.0
Clc1cc2c(C)c(S(=O)(=O)NC(=NN)Nc3ccc(Cl)cc3)sc2cc1,training,0.0
N(N1C(=N)c2c(Cc3ccccc3)c(C)[nH]c2N=C1)c1ccccc1,training,0.0
Brc1cc2c(-c3scc(-c4c5c([nH]c4)ccc(Br)c5)n3)c[nH]c2cc1,training,0.0
O=C(OC)[C@@H]1[C@H](c2c(OC)cccc2)C[C@@H]2[C@@H](C(=O)OC)[C@@]1(O)C(C(=O)OC)C(O)=C2C(=O)OC,training,0.0
S=C1N(N=C(O)C(Oc2c(C)cccc2)C)C(=O)CC(=O)N1c1ccccc1,training,0.0
Clc1c(OC(C(O)=NN2C(=S)N(c3ccc(Cl)cc3)C(=O)CC2=O)C)cccc1,training,0.0
O(C)c1ccc(CCCCNCc2cc(CNCCCCc3ccc(OC)cc3)ccc2)cc1,training,0.0
NC1=NN=C2Oc3c(c4c(cc3)cccc4)C=C12,training,0.0
O=C1C(c2nc3n(c2)C=CC=C3)=Cc2c(O1)cccc2,training,0.0
O=[N+]([O-])C1=Cc2c(O)ccc(O)c2C2OC=CC12,training,0.0
O=C(N(CC=C)c1cc(OCc2ccccc2)c2[nH]c(CC=C)c(C)c2c1)C,training,0.0
S(=O)(=O)(n1c2c(OCc3ccccc3)cc(N(C(=O)C)CC=C)cc2c(C)c1)c1ccccc1,training,0.0
O=C1/C(=N\c2ccc(C)cc2)/c2c(cccc2)C=2OC(C)(C)CCC1=2,training,0.0
Oc1cc2[nH]c3c(C[C@@H]4/C(=C\C)/CN5[C@H](c6[nH]c7c(c6CC5)cccc7)C4)nccc3c2cc1,training,0.0
O=C(OCC1(CO)OC(=O)/C(=C\CCCCCCCCC)/C1)CC(C(C)C)C(C)C,training,0.0
O(C)c1c(O)ccc(/C=C/C=2OC(=O)C=C(/C=C/c3cc(OC)c(O)cc3)C=2)c1,training,0.0
N(=Nc1cc2[nH]c(C)nc2cc1)c1c(C)onc1C,training,0.0
O=C(O)c1c(C2c3[nH]c4c(c3CCC2)cccc4)cccc1,training,0.0
Oc1c(N)cc(C2c3[nH]c4c(c3CCC2)cccc4)cc1,training,0.0
O=C(OCC)c1nc2Sc3c(-n2c1)cc(C)c(C)c3,training,0.0
O=C1OCC23C(C)(OC(C)=C12)OC=C3,training,0.0
Clc1c(Cl)ccc(N=C(O)N=C(S)Nc2ccc(S(=O)(=O)N)cc2)c1,training,0.0
Brc1sc(-c2c(CCOC3OCCCC3)ccs2)c(CCOC2OCCCC2)c1,training,0.0
O(C)c1cc2c([C@@H]3[C@H]([C@H]4[C@@](C)(C(=O)/C(=C/c5ccncc5)/C4)CC3)CC2)cc1,training,0.0
O=C(NN1/C(=N/c2ccccc2)/SC=C1c1ccc(C)cc1)c1ccncc1,training,0.0
O(C)c1cc2c(O/C(=N/c3ccccc3)/C(C(O)=N)=C2)cc1,training,0.0
ClCC1c2c(N(C(=O)c3[nH]c4c(c3)cc(OCCN(C)C)cc4)C1)cc(N)cc2,training,0.0
O=C(O/C=C\OC1C(c2ccccc2)(c2ccccc2)CCC1)c1ccccc1,training,0.0
Clc1ccc(OC=2C(=O)Oc3c(C=2c2ccc(OCCN(C)C)cc2)ccc(OC)c3)cc1,training,0.0
O[C@H]/1[C@@](O)(C)[C@H]2N(C\C\1=C/[C@@H](CCCC)C)CCC2,training,0.0
O(CCCN1C(=O)c2c3c(ccc2)cccc3C1=O)c1c(OC)cc2C(=O)N3[C@H](C=Nc2c1)CCC3,training,0.0
O(C)c1c2C(=O)O[C@H](C)CCCC/C=C/Cc2cc(OC)c1,training,0.0
ClC(Cl)=C(Cl)/C(/[N+](=O)[O-])=C(\n1ncnc1)/N1CCCCC1,training,0.0
ClC(Cl)=C(Cl)C([N+](=O)[O-])=C(Nc1c2ncccc2ccc1)Nc1c2ncccc2ccc1,training,0.0
O[C@@]1(C#Cc2cc3OCOc3cc2)[C@@H](C([C@@H](C)c2ccccc2)CC#N)CCC1,training,0.0
ClCC1c2c3c(c([N+](=O)[O-])cc2N(C(=O)c2[nH]c4c(c2)cc(NC(=O)c2oc5c(c2)cccc5)cc4)C1)cccc3,training,0.0
O=C1C=C/C(=C/[C@@H]2[C@@]3(C=CC(=O)C3)C=CSS2)/C1,training,0.0
S=C1N(C(=O)COc2ccc(OCC(=O)N3C(=S)N(c4ccccc4)CC3=O)cc2)C(=O)CN1c1ccccc1,training,0.0
S([C@H]1[C@H](C(C#N)C#N)CCC=C1Sc1ccccc1)c1ccccc1,training,0.0
S(c1ccccc1)C=1[C@@H]2C(C#N)(C#N)[C@@H]2CCC=1,training,0.0
O=C(O)CN1CCN(CC(=O)O)CCNCC1,training,0.0
S([C@@](N=C(OCc1ccccc1)O)(C(F)(F)F)C=O)c1ccc(C)cc1,training,0.0
FC=1C(O)=NC(=O)N(C2C(=O)C(F)=CC(COC(c3ccccc3)(c3ccccc3)c3ccccc3)O2)C=1,training,0.0
O=C(O)[C@]12[C@H](C=3[C@](C)([C@@]4(C)C(=C5[C@@](C)([C@@](CO)(C)[C@@H](O)[C@@H](O)C5)CC4)CC=3)CC1)CC(C)(C)CC2,training,0.0
O=C(N(Cc1ccc(OC)cc1)Cc1ccc(OC)cc1)CC1(O)C=CCC1,training,0.0
O=C(OC12CC3CC(C1)CC(C2)C3)c1c(O)c(-c2ccccc2)[nH]c1C,training,0.0
[Si](OC[C@@H]1[C@@H](CC=C)[C@@H](O[Si](C(C)(C)C)(C)C)[C@H](N2C(=O)N=C(O)C=C2)O1)(C(C)(C)C)(C)C,training,0.0
ClCC1c2c3c(C)c[nH]c3c(OCc3ccccc3)cc2N(C(=O)/C=C/c2n(C)cc(N=C(O)CCC)c2)C1,training,0.0
SC(=N/N=C(\C(=N/N=C(S)N1CCCCC1)\C)/C)N1CCCCC1,training,0.0
P(=O)(OCC1C(O)C(O)C(N2C(O)=NC(=NCCCCCCCCCCCCCCCCCC)C=C2)O1)(OCC1C(O)CC(N2C(=O)N=C(O)C(F)=C2)O1)O,training,0.0
O(C)c1ccc(C(c2ccc(OC)cc2)=C2C=CC=C2)cc1,training,0.0
Clc1ccc(C2=C3OC(=O)C(C(=O)OCC)=C(C)C3C=C(c3sccc3)C2)cc1,training,0.0
Clc1ccc(-c2c(O)c(C(=C(C(=O)O)C(=O)O)C)cc(-c3sccc3)c2)cc1,training,0.0
Brc1cc2c(n(C3C(O)C(O)C(O)CO3)c3c4[nH]c5c(c4ccc23)cccc5)cc1,training,0.0
O=C1[C@](C)([C@@]2(C)C(=O)c3c(C)cccc3N2)Nc2c1c(C)ccc2,training,0.0
O=[N+]([O-])c1ccc(NC(O)=N/N=C\c2cc3c(cc2)cccc3)cc1,training,0.0
Clc1ccc(/C=C/2\C(=O)c3c(S(=O)(=O)CC\2)ccc(C)c3)cc1,training,0.0
Clc1ccc(C2c3c(-c4ccccc4)nn(-c4ccccc4)c3OC=3N=CN4N(C(=O)OC)C(=O)N=C4C2=3)cc1,training,0.0
Oc1c(C[C@@]2(C)[C@H](C)CC[C@@]3(C)C(C)=CCC[C@H]23)cc(O)cc1,training,0.0
S(CC)C=1N=C(O)C(=Cc2c(O)cccc2)N=1,training,0.0
O=C1c2scc(C(O)C)c2C(=O)c2c1sc(C(O)C)c2,training,0.0
O=C1c2sc(C(O)C)cc2C(=O)c2c1scc2,training,0.0
ClCC1c2c(N(C(O)=C3N=C4C(OC)=C(OC)C(OC)=CC4=C3)C1)cc([N+](Cc1ccc([N+](=O)[O-])cc1)(C)C)cc2,training,0.0
O=C(Oc1c(C)c2c(OC(C)C2)c2ncccc12)C,training,0.0
N#C/C(/C(C#N)C#N)=C/1\C(C#N)=C(C#N)C(=N)N\1,training,0.0
O=C1C2SCNC2C2NCCC3C2C1NC1C3CCCC1,training,0.0
[Si](OC1C(CCCCC2C(C(C)C)CCC(=O)C2)CC(=O)C1)(C(C)(C)C)(C)C,training,0.0
O=C1[C@H]2[C@](C#N)([C@H]3[C@@H]2CCC3)CCC1,training,0.0
O(C)c1cc2-c3[nH]c4c(c3CCc2cc1)cccc4,training,0.0
O(C)c1ccc(C2N(c3ccccc3)N=C(c3c(n(-c4ccccc4)nc3C)-c3c(O)cc(C)cc3)C2)cc1,training,0.0
O=NC=1C(=Nc2cc(OC)ccc2)NC(=N)NC=1N,training,0.0
O=C(OC1[C@]2(C)[C@H]([C@H]3[C@@H](c4c(cc(OC(=O)c5ccccc5)cc4)CC3)CC2)CC1)c1c2Nc3c(C(=O)c2ccc1)cccc3,training,0.0
O=C1N2N=CN(c3ccc(C)cc3)CC2=Nc2sc3c(c12)CCCC3,training,0.0
O=C(O[C@H]1[C@@H](C)/C=C/C(C)(C)[C@H](OC(=O)c2cnccc2)[C@H](O)[C@@H](OCC(C)C)C(=C)[C@H](OC(=O)C)[C@H]2[C@@H](OC(=O)c3ccccc3)[C@@](OC(=O)C)(C)C[C@]12O)C,training,0.0
O=C(C=C)N1C/C(=C\c2ccc(OC)cc2)/C(=O)/C(=C/c2ccc(OC)cc2)/C1,training,0.0
C=C1N(c2ccc(C)cc2)C(c2ccc(C)cc2)=Cn2c3c(nc12)cccc3,training,0.0
Clc1c(N=C(O)C2C(=O)OC3(OC2=O)CCCCC3)ccc(Cl)c1,training,0.0
Clc1c(C(=O)c2ccc(Cl)cc2)c(Cl)cc(Cn2c(N=C(O)CN(CC)CC)c(C(=O)N)nn2)c1,training,0.0
Clc1c(Cl)cc2[n+]([O-])c(C)c(SC)[n+]([O-])c2c1,training,0.0
O(CCN(C)C)c1ccc(-c2c(c(C)c3n2C=CC=C3)-c2ccccc2)cc1,training,0.0
O=C(OCC)C(NC(=O)c1ccc(Nc2c(-c3sccc3)nc3c(n2)cccc3)cc1)CCC(=O)OCC,training,0.0
S(=O)(=O)(N=C1C(N2CCCCCC2)=Nc2c(N1)cccc2)c1ccc(N)cc1,training,0.0
O(CC1C2N(CCC1)CCCC2)c1cc(N)ccc1,training,0.0
O=C(OCC)C(C(=O)OCC)=CNc1ccc(NC=2SC(C)CN=2)cc1,training,0.0
O(C)c1c(O)ccc(C=CC(O)=C2N(c3ccccc3)N=[O+]C2=O)c1,training,0.0
FC([N+](=O)[O-])([N+](=O)[O-])CN(COCN(CC(F)([N+](=O)[O-])[N+](=O)[O-])CC(F)([N+](=O)[O-])[N+](=O)[O-])CC(F)([N+](=O)[O-])[N+](=O)[O-],training,0.0
Clc1c(Cl)cc2nc(C3(C)OC(C)(C)C(CO)CC3)[nH]c2c1,training,0.0
Clc1c(Cl)ccc(N=C2N=C3N(C4OC(CO)C(O)C4)C=NC3=C(Cl)N2)c1,training,0.0
O=C(C)c1sc2C(=O)c3c(C(=O)c2c1)scc3,training,0.0
FC(F)(F)c1cc2nc(c(Oc3ccc(C#N)cc3)nc2cc1)-c1ccccc1,training,0.0
Clc1ccc(Oc2ccc(C(=O)CCN(CC)CC)cc2)cc1,training,0.0
N#CC1=C(N)N(c2c(C)cccc2)C(c2ccccc2)C1(C#N)C#N,training,0.0
O=C(c1c(N[C@H]2[C@@H]3[C@@H]([C@H](c4cc(OC)c(OC)c(OC)c4)c4c2cc2OCOc2c4)C(=O)OC3)cccc1)c1ccccc1,training,0.0
O=C(O)C(C(=C)CCC(C)C1C2(C)C(C=3C(=C)CC4[C@H](C)C(=O)CCC4(C)C=3C(=O)C2)CC1)C,training,0.0
Brc1c2nsnc2c(Br)c2NSNc12,training,0.0
O=C(Oc1c(-c2ccccc2)oc2c1cccc2)C,training,0.0
O=C1C(C)=C(C2=C(C)C(=O)C(=O)c3c2ccc(C)c3)c2c(C1=O)cc(C)cc2,training,0.0
Br[C@H]1[C@H](N)c2c(Br)sc(Br)c2C1=O,training,0.0
S(C(C(=O)OCC)C(C(=O)OCC)N1C(=O)N=C(O)C=C1)CCO,training,0.0
OC1=Nc2c(-c3nc4c(cc3C1)cccc4)cccc2,training,0.0
O=C1C(=C)[C@H]2[C@@H](O1)[C@@H]1[C@H](C)CCC[C@@H](C)[C@H]3O[C@@](C)([C@@H](O1)C2)CC3,training,0.0
O(C)c1c(O)ccc(CCNC=2C(=O)c3ncccc3C(=O)C=2)c1,training,0.0
Oc1nc(O)cc(NNc2c3c(ccc2)cccc3)n1,training,0.0
S(=O)(=O)(N)c1ccc(NN=C2c3c(N(C)c4c2cccc4)cccc3)cc1,training,0.0
O=C(c1ccc(CN2CCN(CCCCN3c4c(Sc5c3cccc5)cc(N=[N+]=[N-])cc4)CC2)cc1)c1ccccc1,training,0.0
O=C(OC)[C@]12[C@H](C=3[C@](C)([C@@]4(C)[C@@H]([C@]5(C)[C@H](C(C)(C)[C@@H](OC6C(OC7C(O)C(O)C(O)C(CO)O7)C(O)C(O)C(CO)O6)CC5)CC4)CC=3)CC1)CC(C)(C)CC2,training,0.0
O=C(O)[C@]12[C@H](C=3[C@](C)([C@@]4(C)[C@@H]([C@]5(C)[C@H](C(C)(C)[C@@H](OC6C(OC7C(O)C(O)C(O)C(CO)O7)C(O)C(O)C(CO)O6)CC5)CC4)CC=3)CC1)CC(C)(C)CC2,training,0.0
Clc1ccc(C2C(C#N)=C(S)N(C(c3ccccc3)=C2C(=O)C)C2C(O)C(O)C(O)C(CO)O2)cc1,training,0.0
S(c1n(C)c(C(O[Si](C(C)(C)C)(C)C)c2c(OCOC)c(OC)c(OC)cc2)cn1)c1ccccc1,training,0.0
O=C(C)C1(Cc2c3c(ccc2)cccc3)S(=O)(=O)OCCOS1(=O)=O,training,0.0
O=C(OC)C1(Cc2cc3c(cc2)CCC3)Cc2c(cc3c(c2)CCC3)C1,training,0.0
N#CC12C(=NC(c3ccccc3)=CC1)NC(c1ccccc1)=CC2,training,0.0
O=[N+]([O-])c1ccc(C2N(c3ccc(-c4ccc(N5C(c6ccccc6)=Nc6c(C5=O)cccc6)cc4)cc3)C(=O)CS2)cc1,training,0.0
Nc1c(C)cc(-c2sc3c(n2)cccc3)cc1,training,0.0
Oc1c(CN(C)C)cc(/N=N/c2ccc(C)cc2)cc1,training,0.0
S(=O)(=O)(NN=C1[C@@H](C)C[C@@H](C(C)(C)C)CC1)c1ccc(C)cc1,training,0.0
Brc1cnc2c(O)cccc2c1,training,0.0
Clc1cnc2c(O)cccc2c1,training,0.0
O=C(OCC(C)(C)C)C(N=C(O)C(N=C(OCc1ccccc1)O)CC(=O)OCc1ccccc1)(C)C,training,0.0
S(CCO)C1=C(C)C(=O)c2c(C1=O)cccc2,training,0.0
ClC(=NOC(=O)Nc1ccc(C#N)cc1)C(C)C,training,0.0
FC(F)(F)C(N=C(OCC)O)(NNc1c([N+](=O)[O-])cc([N+](=O)[O-])cc1)C(F)(F)F,training,0.0
I/C=C/C(=O)N1c2c(C(CCN=C(O)C)C1)cccc2,training,0.0
O=C(OCC1C(OC(=O)c2cc(O)c(O)c(O)c2)C(OC(=O)c2cc(O)c(O)c(O)c2)C(OC(=O)c2cc(O)c(O)c(O)c2)C(OC)O1)c1cc(O)c(O)c(O)c1,training,0.0
N=C1n2c(Sc3c(N1)cccc3)ncc2,training,0.0
P(=O)(OCC(N)C(=O)O)(O)CCCCCCCCCCCC,training,0.0
O=C1C(C2OC(=O)c3c2cccc3)Cc2c1c1c(cc2)CCCC1,training,0.0
O=C(OCC)C(N=C(O)C(N=C(OCc1ccccc1)O)Cc1ccccc1)CCC(=O)OCC,training,0.0
FC(F)(F)c1c(-c2c(N=O)c(C)nc(C)c2C(=O)OC)cccc1,training,0.0
P(=O)(OCC)(OCC)OC1C(CO[Si](C(C)(C)C)(C)C)OC(n2c3ncnc(N(CC)CC)c3nc2)C1,training,0.0
O[C@@H]1[C@]2(C)C(C3C(c4c(cc(O)c(CC(C)C)c4)CC3)CC2)CC1,training,0.0
O(C)c1c(O)ccc(/C=C/C=C\2/C(=O)/C(=C/C=C/c3cc(OC)c(O)cc3)/CCC/2)c1,training,0.0
S(C(=O)/C=C\1/C(C(OC(C)(C)C)=O)N(C(OC(C)(C)C)=O)C/1)CC,training,0.0
O(CC1(c2ccccc2)OC(=O)C(=C)C1)c1cc2OC(=O)C=C(C)c2cc1,training,0.0
O(CC1(c2ccccc2)OC(=O)C(=C)C1)c1cc2OC(=O)C=Cc2cc1,training,0.0
O(C)c1ccc(C2C(C)C(NNC(O)=N)Oc3c2cc2OCOc2c3)cc1,training,0.0
SC(=NN=C(C)c1ncccc1)N(CCN(C(S)=NN=C(C)c1ncccc1)C)C,training,0.0
O(C)c1c(O)c(C2C(C)C(N3CCOCC3)Oc3c2cc2OCOc2c3)ccc1,training,0.0
OCc1cc(N=C2c3c(Nc4c2cccc4)cccc3)cc(N)c1,training,0.0
O=C(OC1CCN(CCCC(=O)c2ccccc2)CC1)C(O)(c1ccccc1)C1CCCC1,training,0.0
ClC(Cl)=C(Cl)C(Sc1ccccc1)=C(Cl)[N+](=O)[O-],training,0.0
Clc1c([N+](=O)[O-])cc(/C=N/C23CC4CC(C2)CC(C3)C4)cc1,training,0.0
FC(F)(F)C(O)(C(F)(F)F)CC(=O)CN(CCO)C,training,0.0
ClC1=C(N[C@H](C(O)=N)Cc2ccc(O)cc2)C(=O)c2c(O)ccc(O)c2C1=O,training,0.0
Clc1c(OC(C(O)=NCCN(C)C)(C)C)ccc(C(=O)c2ccc(Cl)cc2)c1,training,0.0
BrC=1C(=O)c2c(O)cc(C)cc2C(=O)C=1,training,0.0
ClC=1C(OC)(C)CP(OC(C)C)(=O)CC=1C,training,0.0
O(C)c1ccc(C=CC(=NN=C(O)NN=C(C=Cc2ccc(OC)cc2)C(C)C)C(C)C)cc1,training,0.0
BrC(C=C)(CBr)CCC(Br)C(Cl)(C)C,training,0.0
O=[N+]([O-])c1cc(-c2[n+]3C(=O)/C(=C/c4cc(OC)c(OC)c(OC)c4)/Sc3sc2)ccc1,training,0.0
ClC1=C(N2CCN(c3ncccc3)CC2)C(=O)c2c(O)ccc(O)c2C1=O,training,0.0
O=[N+]([O-])c1ccc(C2SC(=N)Nc3n(C(=O)c4c(O)cccc4)nc(C)c23)cc1,training,0.0
O=[N+]([O-])c1ccc(C=C2C(O)=NC(=NNc3sc(C(=O)OCC)c(C)n3)S2)cc1,training,0.0
O=[N+]([O-])c1cc(-c2nc(NN=C3C(=O)Nc4c3cccc4)sc2)ccc1,training,0.0
O=C(N1[C@@](C(=O)OC)(Cc2cc3c(cc2)cccc3)CCCCCC1)c1ccccc1,training,0.0
O=C1c2c(NC(c3cnccc3)=C1)cc1OCOc1c2,training,0.0
ClC1=C(c2ccc([N+](=O)[O-])cc2)C(=O)c2c(c(O)ccc2)C1=O,training,0.0
OC(=NNC(C#N)c1c(O)ccc2c1cccc2)c1c(O)cccc1,training,0.0
OCc1sc(-c2oc(-c3sc(CO)cc3)cc2)cc1,training,0.0
[O+]=C([N-]N=C(CC1OC(=O)c2c1cccc2)c1ccc(OC)cc1)C[N+](C)(C)C,training,0.0
[N-]C[Si]1(C[N-])CCCC1,training,0.0
Clc1c(COC(C)(C)C)cc(NC(=S)c2c(C)occ2)cc1,training,0.0
Fc1c(F)cccc1C(=O)[O-],training,0.0
O=C1C(=CC(C)c2ccc(CC(C)C)cc2)CCC1CN1CCOCC1,training,0.0
O(C)c1ccc(C=C2C(=O)C(CN3CCOCC3)CC2)cc1,training,0.0
O=C1C(=CCCCCCCCC)CCC1CN1CCOCC1,training,0.0
O=C(OCC)C(O)=NNc1sc2C(=O)c3c(C(=O)c2n1)cccc3,training,0.0
O=C1[C@](O)(CC)C2=C(C(=O)N3C(c4nc5c(cc6OCOc6c5)cc4C3)=C2)CO1,training,0.0
Clc1c(C)c(N=C(O)CC2C(O)=Nc3c(S2)cccc3)ccc1,training,0.0
O=C(O)C(NCc1c2c(nc3c1cccc3)cccc2)CCCNC(=N)N,training,0.0
FC(F)(F)c1cc([N+](=O)[O-])c2n[se]nc2c1,training,0.0
Fc1ccc(/N=C/2\c3oc(C(C)(C)C)nc3C(=O)c3c\2cccc3)cc1,training,0.0
Brc1ccc(C2=C(Cl)c3c(C2Cl)cc(OC)c(OC)c3)cc1,training,0.0
O=C1C(C[N+](C)(C)C)CCC1,training,0.0
O=C(OCC)C(C#N)C=1c2c(C(=O)C(=O)C=1)ccc(OC)c2,training,0.0
BrC(=C(Br)COC1C(Cl)=C(Cl)C(=O)O1)COC1C(Cl)=C(Cl)C(=O)O1,training,0.0
N(CC1=Nc2c3c(ccc2)cccc3N1)(C)C,training,0.0
ClCc1c([N+](=O)[O-])cc(CCl)cc1,training,0.0
O(C)c1c(OC)ccc(C=2C(=O)c3c(OC=2)c2OCOc2cc3)c1,training,0.0
O=C1N(CN2CCN(C)CC2)C(=O)C2C1C1C2C2C3C(=O)N(CN4CCN(C)CC4)C(=O)C3C1C=C2,training,0.0
O(C)c1c(OC)ccc(C(NCCNC(c2c(O)cc3OCOc3c2)c2cc(OC)c(OC)cc2)c2c(O)cc3OCOc3c2)c1,training,0.0
Clc1c(-c2n(CC)c3c(c(Cl)cc(O)c3)c2)c(Cl)cc(O)c1,training,0.0
O=[N+]([O-])c1c2Nc3c(-c4nn(CCCN(C)C)c(c24)cc1)cc(OC)cc3,training,0.0
O=C(OC)[C@@]1(C)[C@@H]2[C@](C)([C@H]3[C@@]4(C[C@@]5(C)[C@@H]([C@H]5C4)C3)CC2)CCC1,training,0.0
SC(=NN=C(C)c1sccn1)N1CCN(c2ncccc2)CC1,training,0.0
O(C)c1cc(O)c2C(=O)OC(C)C/C=C/C(=O)C3OC3CC(O)C(O)c2c1,training,0.0
O=C1C2(O)C34C(C)(O1)C1OC(=O)C5C(C)(C3C(=O)C(O4)(OC5)C3C(C4(C)C(=O)C=CCC54OC5C3)CC2)C1,training,0.0
S(=O)(=N)(CCC(N)C(=O)O)CCCC,training,0.0
O=C(N=C1c2c(cccc2)C2=Nc3c(OC2=C1)cc(N(CC)CC)cc3)c1c(-c2c3c([o+]c4c2ccc(N(CC)CC)c4)cc(N(CC)CC)cc3)cccc1,training,0.0
O=C1c2c(O)ccc(O)c2C(=O)C2=C1[C@@H](O)[C@@H](O)[C@@H](O)C2,training,0.0
FC([N+](=O)[O-])([N+](=O)[O-])COC(=O)OCC(F)([N+](=O)[O-])[N+](=O)[O-],training,0.0
O=C(O)C=1C(=O)c2c(NC=1)cc(OCc1ccccc1)cc2,training,0.0
S=C1N(Cc2ccccc2)C(=O)C(C2C(O)=Nc3c(S2)cccc3)S1,training,0.0
O=CC=1C2(C=O)C(C)(C3C(C=1)CC(C)(C)C3)C2,training,0.0
O=C1C2(C)C(C)(O2)C2C(=O)OCC12,training,0.0
Oc1c2ncccc2ccc1,training,0.0
ClCCN(N=O)C(=O)O[C@@H]1[C@]2(C)[C@H]([C@H]3[C@@H]([C@]4(C)[C@H](CC(=O)CC4)CC3)CC2)CC1,training,0.0
SC(NN=Cc1ncc(N)cc1)=N,training,0.0
O(N(C(O)=NC)C(=O)C)C(O)=NC,training,0.0
O=C(OC1C2(C(=C)C)OC3(c4ccccc4)OC4(C1C)C1C(O)(C(=O)C(C)=C1)C(O)C1(CO)OC1C4C2O3)/C=C/C=C/c1ccccc1,training,0.0
OC(Cc1n(C)c2c(n1)cccc2)c1n(C)c2c(n1)cccc2,training,0.0
O=C1C(CO)=C(CO)C(=O)c2c(O)ccc(O)c12,training,0.0
O=C1C(=C)C2C(O)CC(C)=CCC/C(/C)=C/C(O)CC(C)C(O1)C2,training,0.0
O(C)c1c(OC)cc(CC2N(C)CCc3c2cc(OC)c(OC)c3)c(Oc2c(OC)cc3-c4c(O)c(OC)cc5c4C(N(C)CC5)Cc3c2)c1,training,0.0
O=C1c2c(O)cc(C)cc2C(=O)C=C1,training,0.0
Brc1cc(C=Nc2cc(C(F)(F)F)ccc2)c(O)cc1,training,0.0
Brc1c(O)c(/C=N/N=C(O)NN=Cc2c(O)c(Br)cc(Br)c2)cc(Br)c1,training,0.0
ClC(Cl)c1nc(Cl)c(C#N)nc1,training,0.0
ClCC(=O)Nc1ccc(SC)cc1,training,0.0
Clc1cc-2c(N3C(=NC(CC)C3)c3c-2cccc3)cc1,training,0.0
Clc1ccc(/C=C/C=2NC=CC(=NC(CCCN(CC)CC)C)C=2)cc1,training,0.0
BrC(C(=O)c1ccc([N+](=O)[O-])cc1)C(Br)c1c2c(ncc1)cccc2,training,0.0
O=C(/C=C/c1cnccc1)/C=C/c1cnccc1,training,0.0
O(C1(c2cc(O)c(O)c(O)c2)C(O)C(O)c2c(O)cc(O)cc2O1)C1C(c2cc(O)c(O)cc2)Oc2c(c(O)cc(O)c2)C1,training,0.0
O=[N+]([O-])c1c2c(c(O)c(Cc3c(O)c4ncccc4c([N+](=O)[O-])c3)c1)nccc2,training,0.0
BrC1C(=O)C(CN(C)C)CCCCC1,training,0.0
S(=O)(=O)(Nc1c(C=O)cccc1)c1ccc(C)cc1,training,0.0
Brc1cc2C(=NNc3c([N+](=O)[O-])cccc3)C(=O)Nc2cc1,training,0.0
O=C1C(=O)C=C(Nc2c(C)cc(C)cc2)c2c1cccc2,training,0.0
O=C1N=C(O)c2c(N)c3C(=O)c4c(C(=O)c3c(N)c12)cccc4,training,0.0
Ic1c(O)c(/C=N/C(CO)(CO)C)cc(I)c1,training,0.0
Oc1c2ncccc2c(/N=N/c2ccc(Nc3nc(C)nc(C)c3)cc2)cc1,training,0.0
O=C(O)C1=C(O)C=2C(C(C)=C([C@H](CC)C)OC=2)=CC1=O,training,0.0
Clc1cc(C=Nc2cnc3c(c2)cccc3)c(O)cc1,training,0.0
Sc1nc(O)c(Cc2c(O)ccc3c2cccc3)c(-c2ccccc2)n1,training,0.0
O(C)c1c(O)c2C(=O)C3=C(C(=O)c2c(O)c1)COC(O)(C)C3,training,0.0
ClC1=C(Nc2cc3n[nH]cc3cc2)C(=O)c2c(C1=O)cccc2,training,0.0
N(CCNc1c2c(c(N=Nc3cnc4c(c3)cccc4)cc1)cccc2)(CC)CC,training,0.0
O=C1OCC(C2C3(C)C(O)(C4C(C5(C)C(CC(OC6OC(C)C(OC7OC(C)C(OC8OC(C)C(O)C(O)C8)C(O)C7)C(O)C6)CC5)CC4)CC3)CC2O)=C1,training,0.0
Clc1c(CCCCCCCCC)c(Cl)nc(Cl)n1,training,0.0
O=C(O)C1C2NCNC3C2C(C(=O)C2C3CCCC2)CC1,training,0.0
FC(F)(F)c1n(C(=O)C)nc([C@@H]2[C@]3(C)[C@H]([C@H]4[C@@H]([C@]5(C)C(=CC4)C[C@@H](OC(=O)C)CC5)CC3)CC2)c1,training,0.0
ClC1=C(OC)C(=O)c2c(C1=O)nccc2,training,0.0
OC(=Nc1c(C=C2c3c(-c4c2cccc4)cccc3)cccc1)C,training,0.0
O=C1c2c(O)c3C4(O)C(C)OC(c3c(O)c2C(=O)C2=C1C(C)OC1C2OC(=O)C1)CC4O,training,0.0
O=C(O)C1C(C)(C)SC2C(C(=O)O)N=C(Cc3ccccc3)N12,training,0.0
O(C)c1c(OC)c(OC)c2OC(c3c(OC)ccc(OC)c3)=CC(=O)c2c1OC,training,0.0
S(C(=O)OCC)c1ncnc2[nH]cnc12,training,0.0
O=C1[C@]2(C)[C@](C)(C(=O)O1)[C@@H]1O[C@H]2CC1,training,0.0
S(C#N)c1ncnc2[nH]cnc12,training,0.0
Clc1cc2/C(=C/CCN(C)C)/c3c(Sc2cc1)cccc3,training,0.0
O=[N+]([O-])c1ccc(C2C(C(=O)c3ccccc3)N=NC2)cc1,training,0.0
O(C)c1c(OC)c2-c3c([C@@H](N=C(O)C)CCc2cc1OC)cc(OC)cc3,training,0.0
C(C)(C)C1=C2C(C)(C3C(C)(C4(C)C(C5C6(COC5C(C)(C)CC6)CC4)CC3)CC2)CC1,training,0.0
Oc1c(CNC2CCCCC2)cc(C(C)(C)C)cc1C,training,0.0
ClC1=C(N2CCN(C3=C(Cl)C(=O)c4c(C3=O)cccc4)CC2)C(=O)c2c(C1=O)cccc2,training,0.0
O=C1C(CN2CCCCC2)CCCC1CN1CCCCC1,training,0.0
ClC(Cl)C(c1c(Cl)cccc1)c1ccc(Cl)cc1,training,0.0
O=[N+]([O-])c1c(C(=O)C(CN(C)C)=C)cccc1,training,0.0
Clc1c(Cl)c(Cl)c(O)c(O)c1Cl,training,0.0
[N+](C)(C)(C)C1=NNC2=Nc3c(SC2=C1)cccc3,training,0.0
C(C)(C)N1C(CCCCCCCCCCCCC)=NC(C)(C)C1,training,0.0
O=C(OCCCN1C(C)CCC1)c1ccc(OC2C=CCCC2)cc1,training,0.0
O=C(O)C(=CC(=O)O)CC(=O)O,training,0.0
ClC(C(=O)NCCN(CC)CC)=C1C(Cl)=C(Cl)C(Cl)=C1Cl,training,0.0
Oc1c(Cc2c(O)ccc3c2cccc3)c2c(cc1)cccc2,training,0.0
O=[N+]([O-])c1cc2sc(N/N=C/c3ccc(O)cc3)nc2cc1,training,0.0
O=Nc1c2c(c(O)cc1)nccc2,training,0.0
O=[N+]([O-])c1ccc(C(Nc2ccccc2)c2c(O)c3ncccc3cc2)cc1,training,0.0
Clc1ccc(NC(=O)N(O)C2N(c3ccc(Cl)cc3)C(=O)N(CC(O)=N/N=C/C=C/c3oc([N+](=O)[O-])cc3)C2(C)C)cc1,training,1.0
N(CCCCNc1c2[nH]c3c(c2[n+](C)c2c1cccc2)cccc3)(CC)CC,training,1.0
N(c1c2[nH]c3c(c2[n+](C)c2c1cccc2)cccc3)C1CCNCC1,training,1.0
FC(F)(F)c1nccc(Nc2c(OC)ccc(C(O)=N/N=C/c3c(O)cc(O)cc3)c2)c1,training,1.0
C(CCCCC)CCCCn1c[n+](C)cc1,training,1.0
[P+](CCCCCCCCCCCCCC)(CCCCCC)(CCCCCC)CCCCCC,training,1.0
[P+](CCCCOC1CC(C)(C)N(O)C(C)(C)C1)(c1ccccc1)(c1ccccc1)c1ccccc1,training,1.0
O=C(/C=C/c1cc(OC)c(OCCCOc2c(OC)cc3C(=O)N4[C@H](C=Nc3c2)CCC4)cc1)N1CCN(C(=O)c2cc(OC)c(OC)c(OC)c2)CC1,training,1.0
O=C1c2c(NCC/N=C/c3c(O)cccc3)cccc2C(=O)c2c1c(NCC/N=C/c1c(O)cccc1)ccc2,training,1.0
[P+](CCCCCCCCCCC=1C(=O)C(OC)=C(OC)C(=O)C=1C)(c1ccccc1)(c1ccccc1)c1ccccc1,training,1.0
F[C@H]1CN2C(=O)c3c(N=C[C@@H]2C1)cc(OCCCN1CCN(CCCOc2c(OC)cc4C(=O)N5[C@H](C=Nc4c2)C[C@@H](F)C5)CC1)c(OC)c3,training,1.0
O=C(/C=C/c1cc(OC)c(OCCCOc2c(OC)cc3C(=O)N4[C@H](C=Nc3c2)CCC4)cc1)c1c(C)nc2c(c1C)cccc2,training,1.0
O(CCCCCn1c(-c2occc2)nc2c1cccc2)c1c(OC)cc2C(=O)N3[C@H](C=Nc2c1)CCC3,training,1.0
ClN=C(N)c1ccc(OCCN(S(=O)(=O)c2ccc(C)cc2)CCOc2ccc(C(=NCl)N)cc2)cc1,training,1.0
Fc1ccc(NC(=O)C2=C(C(O)=Nc3c(OC)cccc3)N3C(=O)C=C(CCC)N=C3S2)cc1,training,1.0
O(CCCCCN1CCN(c2ncnc3c2cccc3)CC1)c1c(OC)cc2C(=O)N3C(C=Nc2c1)CCC3,training,1.0
Fc1ccc(C(=O)N[C@H]([C@@H](O)C(=O)O[C@@H]2C(C)=C3[C@@H](C(=O)OC)C(=O)[C@]4(C)[C@@H](O)C[C@@H]5[C@](OC(=O)C)([C@H]4[C@H](OC(=O)c4ccccc4)[C@@](O)(C3(C)C)C2)CO5)c2ccccc2)cc1,training,1.0
O(C)c1c(OC)cc2c(C(=O)N(CCCN)C=3c4c(C(=O)C2=3)cc(N)cc4)c1,training,1.0
C(C[n+]1c2-c3c(cc4OCOc4c3)Cc2c2c(c1)cc1OCOc1c2)C,training,1.0
N(CCCN=C1Nc2c(-c3[nH]c4c(c13)cccc4)cccc2)(CCCN)C,training,1.0
O(CCCCCN1CCN(C=2c3c(c(C)c(OC)cc3)OC(=O)C=2)CC1)c1c(OC)cc2C(=O)N3[C@H](C=Nc2c1)CCC3,training,1.0
O(CCCN1CCN(C=2c3c(c(C)c(OC)cc3)OC(=O)C=2)CC1)c1c(OC)cc2C(=O)N3[C@H](C=Nc2c1)CCC3,training,1.0
O(C)c1c(OC)cc2c(C(=O)N(CCCNCCCNCCCN3C(=O)c4c(cc(OC)c(OC)c4)C=4C(=O)c5c(cccc5)C3=4)C=3c4c(C(=O)C2=3)cccc4)c1,training,1.0
O(C)c1c(OC)cc2c(C(=O)N(CCNCCCNCCN3C(=O)c4c(cc(OC)c(OC)c4)C=4C(=O)c5c(cccc5)C3=4)C=3c4c(C(=O)C2=3)cccc4)c1,training,1.0
Clc1c([N+](=O)[O-])cc(-c2c(/C=N/NC(=N)N)n3c(n2)C=CC=C3)cc1,training,1.0
ClC=1Sc2n(c(/C=N/NC3=NCCN3)c(-c3c(OC)cc([N+](=O)[O-])c(OC)c3)n2)C=1,training,1.0
O(C)c1c(OC)cc2c(C(=O)N(CCCN)C=3c4c(/C(=C\CCN)/C2=3)cc2OCOc2c4)c1,training,1.0
O(C)c1c(OC)cc2c(C(=O)N(C)C=3c4c(/C(=C\CNCCCN)/C2=3)cc2OCOc2c4)c1,training,1.0
O(C)c1c(OC)cc2c(C(=O)N(C)C=3c4c(/C(=C\[C@@H](N)CCCCN)/C2=3)cc2OCOc2c4)c1,training,1.0
O=C(OC1C(OC)C(CO)OC(n2c3c4[nH]c5c(c4c4C(O)=NC(=O)c4c3c3c2cccc3)cccc5)C1O)C(N)CCCCN,training,1.0
O=C1c2c(NCCN)c3c(CN(C)C)c[nH]c3c(NCCN)c2C(=O)c2c1cccc2,training,1.0
O(CCCCCN1CCN(CCCCCOc2c(OC)cc3C(=O)C4[C@H](C=Nc3c2)CCC4)CC1)c1c(OC)cc2C(=O)C3[C@H](C=Nc2c1)CCC3,training,1.0
N(=C(N)c1ccc(N2CCN(c3ccc(C(=NCCCC)N)cc3)CCC2)cc1)CCCC,training,1.0
Fc1cc2-c3c(C=C4C=CC(=[N+](C)C)C=C4)c4c(n3N(C)c2cc1)cccc4,training,1.0
O(C)c1cc2N(C)n3c4c(c(C=C5C=CC(=[N+](C)C)C=C5)c3-c2cc1)cccc4,training,1.0
[N+](C)(C)=C1C=CC(=Cc2c3c(n4N(C)C(c5ccccc5)=Cc24)cc(C)cc3)C=C1,training,1.0
N(=C(N)c1ccc(N2CCN(c3ccc(C(=NCc4ccccc4)N)cc3)CC2)cc1)Cc1ccccc1,training,1.0
O(C)c1c(OC)cc2c(C(=O)N(CCCNCCNCCN)C=3c4c(C(=O)C2=3)cc2OCOc2c4)c1,training,1.0
O=C1c2c(NCCNCCO)c3[nH]ccc3c(NCCNCCO)c2C(=O)c2c1cccc2,training,1.0
O=C1c2c(NCCN)c3[nH]ccc3c(NCCN)c2C(=O)c2c1cccc2,training,1.0
O=[N+]([O-])c1cc(-c2c(C=NNC(=N)N)n3c(SC=C3)n2)ccc1,training,1.0
O(C)c1c(C)c(OC)c2c([C@H](CN=C(O)c3nc4c(nc3)cccc4)N3[C@@H](C#N)[C@H]4N(C)[C@@H]([C@@H]3C2)c2c(O)c(OC)c(C)c(OC)c2C4)c1O,training,1.0
[N+](C)(C)=C1C=CC(=Cc2c3c(n4N(C)C5=C(c24)CCCC5)cccc3)C=C1,training,1.0
c1(-c2sc(-c3ccc(C4=NCCN4)cc3)cc2)sc2c(n1)ccc(C1=NCCN1)c2,training,1.0
N#C/C=C/1\c2[n+](n(C)c3c2cccc3)-c2c\1cccc2,training,1.0
O=C(OC)/C=C/1\c2[n+](n(C)c3c2cccc3)-c2c\1cccc2,training,1.0
O(CCCCCOc1c(OC)cc2C(=O)N3[C@H](C=Nc2c1)CCC3)c1c(OC)cc2C(=O)N3[C@H](C(O)=Nc2c1)CCC3,training,1.0
O=C(NCCN(CCNC(=O)c1n[nH]c2c1ccc1c2cccc1)C)c1n[nH]c2c1ccc1c2cccc1,training,1.0
O(C)c1ccc(-c2nc3Sc4c(-n3c2)ccc(C)c4)cc1,training,1.0
C(CCCCCCCC)CCCCCCC[n+]1c(C)n(Cc2ccccc2)cc1,training,1.0
O(C)c1cc2n3N(C)C(c4ccccc4)=Cc3c(C=C3C=CC(=[N+](C)C)C=C3)c2cc1,training,1.0
O=C(O[C@H]1C(=O)O[C@H]2[C@@]34[C@@H]1[C@](C(=O)OC)([C@@H](O)[C@H](O)[C@@H]3[C@]1(C)[C@H](C(C)=C(OC(=O)C)C(=O)C1)C2)OC4)C=C(C)C,training,1.0
O(C)c1c(C2CC=3C(=NC4=NC(=N)NC(N)=C4C=3)CC2)cc(OC)cc1,training,1.0
Fc1cc2c([n+](C)c-3c4c2cc(C)cc4N(C)c2c-3cc(F)cc2)cc1,training,1.0
ClCC1c2c3c(c(O)cc2N(C(=O)CCCCCCC(=O)N2c4c(C(CCl)C2)c2c(c(O)c4)cc(N=C(O)C)cc2)C1)cc(N=C(O)C)cc3,training,1.0
ClCC1c2c3c(c(O)cc2N(C(=O)CCCCCC(=O)N2c4c(C(CCl)C2)c2c(c(O)c4)cc(N=C(O)C)cc2)C1)cc(N=C(O)C)cc3,training,1.0
ClCC1c2c3c(c(O)cc2N(C(=O)CCCCC(=O)N2c4c(C(CCl)C2)c2c(c(O)c4)cc(N=C(O)C)cc2)C1)cc(N=C(O)C)cc3,training,1.0
ClCC1c2c3c(c(O)cc2N(C(=O)CCCC(=O)N2c4c(C(CCl)C2)c2c(c(O)c4)cc(N=C(O)C)cc2)C1)cc(N=C(O)C)cc3,training,1.0
ClCC1c2c3c(c(O)cc2N(C(OC(C)(C)C)=O)C1)cc(N=C(O)CCCCCCC(=O)N1c2c(C(CCl)C1)c1c(c(O)c2)cc(N=C(O)C)cc1)cc3,training,1.0
ClCC1c2c3c(c(O)cc2N(C(OC(C)(C)C)=O)C1)cc(N=C(O)CCCCCC(=O)N1c2c(C(CCl)C1)c1c(c(O)c2)cc(N=C(O)C)cc1)cc3,training,1.0
ClCC1c2c3c(c(O)cc2N(C(OC(C)(C)C)=O)C1)cc(N=C(O)CCCC(=O)N1c2c(C(CCl)C1)c1c(c(O)c2)cc(N=C(O)C)cc1)cc3,training,1.0
N(C)(C)c1nc(-c2ccc(C3=NC(C)CN3)cc2)nc(-c2ccc(C3=NC(C)CN3)cc2)n1,training,1.0
N(C)(C)c1nc(-c2cc(C3=NCC(C)N3)ccc2)nc(-c2cc(C3=NCC(C)N3)ccc2)n1,training,1.0
O=[N+]([O-])c1cc2C(=O)c3c(NCCCN(CCCNc4c5C(=O)c6c(Nc5c(C(O)=NCCN(C)C)cc4)ccc([N+](=O)[O-])c6)C)ccc(C(O)=NCCN(C)C)c3Nc2cc1,training,1.0
O=C1c2c(NCCCN(CCCNc3c4C(=O)c5c(Nc4c(C(O)=NCCN(C)C)cc3)cccc5)C)ccc(C(O)=NCCN(C)C)c2Nc2c1cccc2,training,1.0
O(C)c1cc2c(Nc3c(C(O)=NCCCN(CCCN=C(O)c4c5Nc6c(cc(OC)cc6)Cc5c(NCCN(C)C)cc4)C)ccc(NCCN(C)C)c3C2)cc1,training,1.0
OC(=NCCCN(CCCN=C(O)c1c2Nc3c(-c4nn(CCN(C)C)c(c24)cc1)cccc3)C)c1c2Nc3c(-c4nn(CCN(C)C)c(c24)cc1)cccc3,training,1.0
N(Cc1ncccc1)C1CC(NCc2ncccc2)CC(NCc2ncccc2)C1,training,1.0
O=[N+]([O-])c1ccc(-c2c(/C=N/NC(=N)N)n3c(SCC3)n2)cc1,training,1.0
C(N1CCN2CCN(Cc3ccccc3)CCN(CC1)CC2)c1ccccc1,training,1.0
O=C(CO[C@H]1[C@H](O)[C@@H](O)[C@@H](O)[C@@H]2N=C(O)c3c(O)c4OCOc4cc3[C@@H]12)CC(O)C,training,1.0
[P+](CCC[P+](c1ccccc1)c1ccccc1)(c1ccccc1)c1ccccc1,training,1.0
[N+](C)(C)=C1C=CC(=Cc2c3c(n4N(C)C(/C=C/c5ccccc5)=Cc24)cccc3)C=C1,training,1.0
O(C)[C@H]1[C@@H](C[C@H](O)CN)O[C@@H]2[C@@H]1CC(=O)C[C@@H]1O[C@@H]3[C@@H]4O[C@@]5(O[C@@H]6[C@H](O[C@H]3CC1)[C@H]4O[C@H]6C5)CC[C@@H]1O[C@H](C(=C)C1)CCC1O[C@@H](C(=C)[C@H](C)C1)C2,training,1.0
O(C)c1c(OC)cc2c(c3c4[n+](c2)CCc4cc(OC)c3)c1,training,1.0
ClCc1n(C)c2C(=O)C(O)=C(c3[nH]c4nc(N5CCN(C)CC5)ccc4n3)C(=O)c2n1,training,1.0
O=C1N(CCCNCCCNCCCCNCCCN2C(=O)c3c4c(ccc3)cccc4C2=O)C(=O)c2c3c(cccc13)ccc2,training,1.0
O=C1N(CCCNCCCCNCCCN2C(=O)c3c4c(ccc3)cccc4C2=O)C(=O)c2c3c(cccc13)ccc2,training,1.0
S(=O)(=O)(Nc1ccc(N=C2c3c4c([nH]cc4)ccc3NC=C2)cc1)C,training,1.0
O=C(/C=C/c1cc(OC)c(O)c(OC)c1)CC(=O)/C=C/c1cc(OC)c(O)c(OC)c1,training,1.0
O(C)c1c(OC)cc2c(c3c([n+](CCC)c2)-c2c(cc4OCOc4c2)C3)c1,training,1.0
O(C)c1cc2c([nH]c3c(C)c4C(=NCCCN(CC)CC)NN=Cc4cc23)cc1,training,1.0
O(C)c1cc2c([nH]c3c(C)c4c(c(NCCCN(CC)CC)nnc4)cc23)cc1,training,1.0
S(C)C=1C(=O)C=C2[C@@H](N=C(O)C)CCc3c(c4nc5c(nc4c(OC)c3)cccc5)C2=CC=1,training,1.0
O=[N+]([O-])c1c2C(=NCCNCCN=C(O)CCC(N=C(O)C(N=C(O)C(N)CCCC(N)C(=O)OC)C)C(O)=N)c3c(Nc2ccc1)cccc3,training,1.0
N(C)(C)c1ccc(C=CC=C2c3[n+](n(C)c(-c4ccccc4)c3)-c3c2cccc3)cc1,training,1.0
[O+](C)=C1C(=Cc2c3c(n4N(C)C(c5ccccc5)=Cc24)cccc3)C=CC(N(C)C)=C1,training,1.0
P(CC1C(CP(c2ccccc2)c2ccccc2)OC(C)(C)O1)(c1ccccc1)c1ccccc1,training,1.0
O=C(C=C(C)C)C[C@H]1C(=O)O[C@H]2[C@]34[C@@H]1[C@@H](C)[C@@H](O)[C@](O)(OC3)[C@@H]4[C@@]1(C)[C@H](O)C(=O)C=C(C)[C@@H]1C2,training,1.0
O=C1c2c(NCCCN3CCN(CCCN)CC3)ccc3ncn(c23)-c2c1cccc2,training,1.0
[O+]=C(OCC)C1=C(C)[N-]C(C)=C(C(=O)OCC)C1c1c[n+](CCCCCCCCC)ccc1,training,1.0
ClCC1c2c3c(c(N)cc2N(C(=O)c2nn(C)c(NC(=O)c4nn(C)c(N=C(O)C)c4)c2)C1)cccc3,training,1.0
[N+]#CC=1C(=NCCCn2cncc2)c2c(N3c4c(N(C)C=13)cccc4)cccc2,training,1.0
[N+]#CC=1C(=NCCCN2CCOCC2)c2c(N3c4c(N(C)C=13)cccc4)cccc2,training,1.0
S(=O)(=O)(c1ccc(NC2=NC(c3c(O)cccc3)(c3ccc(O)cc3)c3c2cccc3)cc1)c1ccc(NC2=NC(c3c(O)cccc3)(c3ccc(O)cc3)c3c2cccc3)cc1,training,1.0
N(C)(C)c1ccc(C=Cc2n([n+](C)c(-c3ccccc3)c2)-c2ccccc2)cc1,training,1.0
C(\c1ccccc1)=C/1\c2[n+](n(C)c(-c3ccccc3)c2)-c2c\1cccc2,training,1.0
O=[N+]([O-])c1ccc(/C=C/2\c3[n+](n(C)c(-c4ccccc4)c3)-c3c\2cccc3)cc1,training,1.0
O(C)c1cc2c(C=C3C=CC(=[N+](C)C)C=C3)c3n(N(C)C(c4ccccc4)=C3)c2cc1,training,1.0
[N+](C)(C)=C1C=CC(=Cc2c3c(n4N(C)C(c5ccccc5)=Cc24)cccc3)C=C1,training,1.0
ClCC1c2c3c(C)c[nH]c3c(OC(=O)C)cc2N(C(=O)/C=C/c2n(C)cc(N=C(O)CCC)c2)C1,training,1.0
Fc1ccc(C[N+](CCCCCCCCCCCCCCCC)(C)C)cc1,training,1.0
O=C1N(CCN(C)C)C(=O)c2c3N1c1c(C(=O)c3c(NCCNCCO)cc2)cc(O)cc1,training,1.0
OC(=NCCN(CCN=C(O)c1c(O)c(O)ccc1)CCN=C(O)c1c(O)c(O)ccc1)c1c(O)c(O)ccc1,training,1.0
O(C)c1c2nc3c(C(O)=NCCN(C)C)cccc3c(N)c2ccc1,training,1.0
O=C(N1C=2[C@@]3([C@H](C1)C3)c1c(C)c[nH]c1C(=O)C=2)c1n(COC)cc(N=C(O)CCC)c1,training,1.0
O=C(/C=C/c1n(C)cc(N=C(O)CCC)c1)N1C=2[C@@]3([C@H](C1)C3)c1c(C)c[nH]c1C(=O)C=2,training,1.0
P(Cc1cc(C)ccc1)(Cc1cc(C)ccc1)CC1(CP2C3C(C4C2CCCC4)CCCC3)COC1,training,1.0
Clc1cc2Nc3c(C(=NCCN=C(O)CN4C(=O)N(C)C(=O)c5[n+]([O-])c6C(=O)N(C)C(=O)N(C)c6nc45)c2cc1)cc(OC)cc3,training,1.0
O[C@@H]1[C@]2(C)[C@@H]([C@@H](CCC3=NCCN3)C)CC[C@H]2[C@H]2[C@@H]([C@]3(C)[C@@H](C[C@H](O)CC3)CC2)C1,training,1.0
O=C(OCOC(=O)C)CN(CC(=O)OCOC(=O)C)Cc1c(OC(=O)C)cc2Oc3c(C4(OC(=O)c5c4cccc5)c2c1)cc(CN(CC(=O)OCOC(=O)C)CC(=O)OCOC(=O)C)c(OC(=O)C)c3,training,1.0
N(CCCNc1nncc2c(C)c3[nH]c4c(c3cc12)cccc4)(CC)CC,training,1.0
N#CC(C#N)=C1C(C#N)=C2NC(N)=C(C#N)C=3Oc4c(C(C)(N1)C2=3)cccc4,training,1.0
Clc1ccc(/C=C\2/C(O)=NC(N/N=C\C(O)C(O)C(O)C(O)CO)=N/2)cc1,training,1.0
S(CCC(N=C(OC(C)(C)C)O)C(O)=NCCNc1c2C(=O)c3c(C(=O)c2c(NCCN=C(O)C(N=C(OC(C)(C)C)O)CCSC)cc1)cccc3)C,training,1.0
O=C(O[C@@H]1[C@H](C)/C=C(\C)/[C@@H](OC(O)=N)[C@H](OC)/C=C\C=C(/C)\C(O)=NC=2C(=O)C(=C(NCC=C)C(=O)C=2)C[C@@H](C)C[C@H]1OC)CN,training,1.0
Brc1ccc(-c2c3[N+]4(C)C(C(N5CCCC5)c3sc2)=CC=C4)cc1,training,1.0
CN1C=C2C(C)=C3Oc4c([O+]=C3C(C)=C2C=C1)cccc4,training,1.0
O(C[C@@H]1N(O)C(=O)[C@@H]2N(C(=O)[C@@H](N=C(O)[C@](O)(C)[C@@]3(O)O[C@@H](C)[C@H](CC(C)C)CC3)[C@H](C(C)C)OC(=O)[C@@H](C)N(O)C(=O)[C@H]3N(C(=O)CN=C1O)N=CCC3)NCCC2)C,training,1.0
[N+]=C1c2c(N(CCCCCCCCCCN=C3c4c(NC(C)=C3)cccc4)C(C)=C1)cccc2,training,1.0
[N+](C)(C)=C1c2c(N(CCCCCCCCCCN3C(C)=CC(=[N+](C)C)c4c3cccc4)C(C)=C1)cccc2,training,1.0
[N+](Cc1ccccc1)=C1c2c(N(CCCCCCCCCCN3C(C)=CC(=[N+]Cc4ccccc4)c4c3cccc4)C(C)=C1)cccc2,training,1.0
O(CCO[P+]1(OCCOCCO)n2[cH0]3=C(c4ccccc4)C4=NC(=C(c5ccccc5)c5n1c(C(c1ccccc1)=C1N=C(C(c6ccccc6)=[cH0]2cc3)C=C1)cc5)C=C4)CCO,training,1.0
O(CCO)[P+]1(OCCO)n2[cH0]3=C(c4ccccc4)C4=NC(=C(c5ccccc5)c5n1c(C(c1ccccc1)=C1N=C(C(c6ccccc6)=[cH0]2cc3)C=C1)cc5)C=C4,training,1.0
OC(=N[C@@H](Cc1ccccc1)B(O)O)[C@@H](N=C(O)N1CCOCC1)Cc1c2c(ccc1)cccc2,training,1.0
S(=O)(=O)(N[C@H](C(O)=N[C@@H](CC(C)C)B(O)O)Cc1c2c(ccc1)cccc2)c1c2ncccc2ccc1,training,1.0
OC(=N[C@@H](CC(C)C)B(O)O)[C@@H](N=C(O)N1CCOCC1)Cc1c2c(ccc1)cccc2,training,1.0
OC(=NCCN(C)C)c1c2nc3c(c(C(O)=NCCN(C)C)ccc3)nc2ccc1,training,1.0
[P+](C#Cc1ccccc1)(CC)(c1ccccc1)c1ccccc1,training,1.0
O=C(NC(C(O)=NCCCCCCCCCC)CCC(O)=NCCCCCCCCCC)c1ccc(N(CC2=NC3=C(N)NC(=N)N=C3N=C2)C)cc1,training,1.0
BrC1(c2ccccc2)c2c(-c3[n+](c(-c4ccccc4)cc(-c4ccccc4)c3)C1)cccc2,training,1.0
O=C(O)[C@@](O)(C[C@H]1OC2(C(O)CC1)OC([C@@H](/C=C/C1OC3(OC4[C@H](O)C(=C)C(C(O)C[C@H](C)C5C(C)CC[C@]6(O5)OCCCC6)O[C@@H]4CC3)CC1)C)CC(C)=C2)C,training,1.0
ClCCN(C)c1ccc(-c2[nH]c3c(n2)cc(-c2[nH]c4c(n2)ccc(N2CCN(C)CC2)c4)cc3)cc1,training,1.0
ClCCN(CC)c1cc(NC(=O)c2ccc(C(=O)Nc3cc(CN(C)C)ccc3)cc2)ccc1,training,1.0
ClCCN(NN)c1cc(NC(=O)c2ccc(C(=O)Nc3cc(N(CCCl)CC)cc(CN(C)C)c3)cc2)ccc1,training,1.0
ClCCN(CC)c1cc(N=C(O)c2nn(C)c(C(=O)Nc3cc(N(CCCl)CC)cc(CN(C)C)c3)c2)cc(CN(C)C)c1,training,1.0
ClCCN(CC)c1cc(N=C(O)C23CCC(C(O)=Nc4cc(N(CCCl)CC)cc(CN(C)C)c4)(CC2)CC3)cc(CN(C)C)c1,training,1.0
O=[N+]([O-])c1c2C(=NCCCNCCN(C)C)c3c(Nc2ccc1)cccc3,training,1.0
O=C1C2=C[C-]([n+]3c(-c4ccccc4)cc(-c4ccccc4)cc3-c3ccccc3)C=C1CO[C@H]([C@H](c1ccccc1)OCc1[n+]c(ccc1)CO[C@H]([C@H](c1ccccc1)OC2)c1ccccc1)c1ccccc1,training,1.0
OC(=NCCCNCCCCNCCCN=C(O)c1c2c(nc(-c3ccccc3)c1)cccc2)c1c2c(nc(-c3ccccc3)c1)cccc2,training,1.0
O=[N+]([O-])c1c2C(=NCCNCCO)c3c(Nc2ccc1)cccc3,training,1.0
O=[N+]([O-])c1c2C(=NCCCNCCCCCC)c3c(Nc2ccc1)cccc3,training,1.0
O=[N+]([O-])c1c2C(=NCCCNC(C)C)c3c(Nc2ccc1)cccc3,training,1.0
O=C1c2c(NCC(O)CNCCC)ccc(NCC(O)CNCCC)c2C(=O)c2c1cccc2,training,1.0
O=C(O[C@@H]1C(C)=C2[C@@H](OC(=O)C)C(=O)[C@]3(C)[C@@H](O)C[C@@H]4[C@](OC(=O)C)([C@H]3[C@H](OC(=O)c3ccccc3)[C@@](O)(C2(C)C)C1)CO4)[C@H](O)[C@@H](NC(=O)c1ccc(N(C)C)cc1)c1ccccc1,training,1.0
Fc1ccc(C(=O)O[C@@H]2[C@@]3(O)C(C)(C)C([C@@H](OC(=O)C)C(=O)[C@]4(C)[C@@H](O)C[C@@H]5[C@](OC(=O)C)([C@@H]24)CO5)=C(C)[C@@H](OC(=O)[C@H](O)[C@@H](N=C(O)c2ccccc2)c2ccccc2)C3)cc1,training,1.0
O=C(O[C@@H]1C(C)=C2[C@@H](OC(=O)C)C(=O)[C@]3(C)[C@@H](O)C[C@@H]4[C@](OC(=O)C)([C@H]3[C@H](OC(=O)c3occc3)[C@@](O)(C2(C)C)C1)CO4)[C@H](O)[C@@H](N=C(O)c1ccccc1)c1ccccc1,training,1.0
O=C(O[C@@H]1C(C)=C2[C@@H](OC(=O)C)C(=O)[C@]3(C)[C@@H](O)C[C@@H]4[C@](OC(=O)C)([C@H]3[C@H](OC(=O)c3cocc3)[C@@](O)(C2(C)C)C1)CO4)[C@H](O)[C@@H](N=C(O)c1ccccc1)c1ccccc1,training,1.0
ClC[N+](CCCCCCCCCCCCCCCC)(C)C,training,1.0
[P+](Cc1ccc(OCc2ccccc2)cc1)(c1ccccc1)(c1ccccc1)c1ccccc1,training,1.0
[P+](Cc1c(OC)ccc(OC)c1)(c1ccccc1)(c1ccccc1)c1ccccc1,training,1.0
O=[N+]([O-])c1cc(C(=O)O[C@@H]2[C@@]3(O)C(C)(C)C([C@@H](OC(=O)C)C(=O)[C@]4(C)[C@@H](O)C[C@@H]5[C@](OC(=O)C)([C@@H]24)CO5)=C(C)[C@@H](OC(=O)[C@H](O)[C@@H](N=C(O)c2ccccc2)c2ccccc2)C3)ccc1,training,1.0
O=C(O[C@@H]1C(C)=C2[C@@H](OC(=O)C)C(=O)[C@]3(C)[C@@H](O)C[C@@H]4[C@](OC(=O)C)([C@H]3[C@H](OC(=O)c3ccccc3)[C@@](O)(C2(C)C)C1)CO4)[C@H](O)[C@@H](N=C(O)c1cc(N=[N+]=[N-])ccc1)c1ccccc1,training,1.0
O=C(O[C@@H]1C(C)=C2[C@@H](OC(=O)C)C(=O)[C@]3(C)[C@@H](O)C[C@@H]4[C@](OC(=O)C)([C@H]3[C@H](OC(=O)c3ccccc3)[C@@](O)(C2(C)C)C1)CO4)[C@H](O)[C@@H](N=C(O)c1ccccc1)c1c(C)cccc1,training,1.0
O=C(O[C@@H]1C(C)=C2[C@@H](OC(=O)C)C(=O)[C@]3(C)[C@@H](O)C[C@@H]4[C@](OC(=O)C)([C@H]3[C@H](OC(=O)C3CCCCC3)[C@@](O)(C2(C)C)C1)CO4)[C@H](O)[C@@H](N=C(OC(C)(C)C)O)c1ccccc1,training,1.0
O=C(O[C@@H]1C(C)=C2[C@@H](OC(=O)C)C(=O)[C@]3(C)[C@@H](O)C[C@@H]4[C@](OC(=O)C)([C@H]3[C@H](OC(=O)c3ccccc3)[C@@](O)(C2(C)C)C1)CO4)[C@H](O)[C@@H](N=C(O)c1ccccc1)c1cc(N(C)C)ccc1,training,1.0
Clc1cc2NC(=N)n3c4c(nc3Sc2cc1)cccc4,training,1.0
O=[N+]([O-])c1c2C(=NCCC[N+]([O-])(C(C)C)C(C)C)c3c(Nc2ccc1)cccc3,training,1.0
[P+](CCCCCCCC[P+](c1ccccc1)(c1ccccc1)c1ccccc1)(c1ccccc1)(c1ccccc1)c1ccccc1,training,1.0
O=C(OC)C1C(O)(CC)CC(OC2OC(C)C(OC3OC(C)C(OC4C(N)=CC(=O)C(C)O4)C(O)C3)C(N(C)C)C2)c2c(O)c3C(=O)c4c(O)cccc4C(=O)c3cc12,training,1.0
[Si](OCC1C(O[Si](C(C)(C)C)(C)C)C(O[Si](C(C)(C)C)(C)C)C(n2c3NC(=N)N=C(O)c3nc2)O1)(C(C)(C)C)(C)C,training,1.0
O=C(O[C@@H]1C(C)=C2[C@@H](OC(=O)C)C(=O)[C@]3(C)[C@@H](O)C[C@@H]4[C@](OC(=O)C)([C@H]3[C@H](OC(=O)c3ccccc3)[C@@](O)(C2(C)C)C1)CO4)[C@H](O)[C@@H](N=C(O)c1cocc1)c1ccccc1,training,1.0
O=[N+]([O-])c1ccc(NC2[C@@H]3N([C@H](c4cc(OC)c(O)c(OC)c4)c4[nH]c5c(c24)cccc5)C(=O)OC3)cc1,training,1.0
O=[N+]([O-])c1c2C(=NCCC[N+]3([O-])CCCCC3)c3c(Nc2ccc1)cccc3,training,1.0
O=C(OC1C(C)=C2[C@@H](OC(=O)C)C(=O)[C@]3(C)[C@@H](O)C[C@@H]4[C@](OC(=O)C)([C@H]3[C@H](OC(=O)c3ccccc3)[C@@](O)(C2(C)C)C1)CO4)[C@H](O)[C@@H](N=C(O)C(O)(C(O)C)C)c1ccccc1,training,1.0
P=12(c3c(N=C4C=1C=CC=C4)cccc3)c1c(Nc3c2cccc3)cccc1,training,1.0
[P+]12(c3c(Nc4c1cccc4)cccc3)c1c(Nc3c2cccc3)cccc1,training,1.0
O(C)c1c(O)c(OC)cc([C@H]2[C@H]3C(=O)OC[C@@H]3[C@H](NCCNCCO)c3c2cc2OCOc2c3)c1,training,1.0
O(C)c1c(O)c(OC)cc([C@H]2[C@H]3C(=O)OC[C@@H]3[C@H](NCCNC)c3c2cc2OCOc2c3)c1,training,1.0
Brc1c2N=C(C)N(c3c(NC4C(O)C(O)C(O)CO4)cccc3)C(=O)c2cc(Br)c1,training,1.0
O=C(O[C@@H]1C(C)=C2[C@@H](OC(=O)C)C(=O)[C@]3(C)[C@@H](O)C[C@@H]4[C@@](OC(=O)C)([C@H]3[C@H](OC(=O)c3ccccc3)[C@@](O)(C2(C)C)C1)CO4)[C@H](O)[C@@H](N=C(O)CC(C)C)c1ccccc1,training,1.0
O=C(O[C@@H]1C(C)=C2[C@@H](OC(=O)C)C(=O)[C@]3(C)[C@@H](O)C[C@@H]4[C@](OC(=O)C)([C@H]3C(OC(=O)c3ccccc3)[C@@](O)(C2(C)C)C1)CO4)C(O)[C@@H](N=C(O)CC(C)(C)C)c1ccccc1,training,1.0
O=C(OC1C(C)=C2[C@@H](OC(=O)C)C(=O)[C@]3(C)[C@@H](O)C[C@@H]4[C@](OC(=O)C)([C@H]3C(OC(=O)c3ccccc3)[C@@](O)(C2(C)C)C1)CO4)C(O)[C@@H](N=C(O)C(C)(C)C)c1ccccc1,training,1.0
O=C(O[C@@H]1C(C)=C2[C@@H](OC(=O)C)C(=O)[C@]3(C)[C@@H](O)C[C@@H]4[C@](OC(=O)C)(C3C(OC(=O)c3ccccc3)[C@@](O)(C2(C)C)C1)CO4)[C@H](O)[C@@H](N=C(O)c1ccccc1)c1ccc(OC)cc1,training,1.0
S(C)C=1C(=O)C=C2C(N=C(O)C)CCc3c(c(OC)c(OC)c(OC(=O)OCC)c3)C2=CC=1,training,1.0
O=C1C=2N=C(O)/C(/C)=C/C=C\C(OC)C(OC(O)=N)/C(/C)=C/[C@@H](C)[C@H](O)C(OC)CC(C)CC1=C(NCCC)C(=O)C=2,training,1.0
C(CCCCC[N+]1(Cc2ccccc2)CC2C(C1)CCN(Cc1ccccc1)C2)CCCCC,training,1.0
Fc1cc(F)cc(C(=O)OC2[C@@]3(C(=C)C)C([C@@H](OC(=O)C)C(=O)[C@]4(C)[C@@H](O)C[C@@H]5[C@](OC(=O)C)(C24)CO5)=C(C)C(OC(=O)C(O)[C@@H](N=C(O)c2ccccc2)c2ccccc2)C3)c1,training,1.0
O(/C(=C\OCC[N+](C)(C)C)/CCCCCCCCCCCCCC)C(=O)C,training,1.0
S(c1c(CC(N)C(=O)O)n(C)cn1)C=1[C@@]23C=4C5=NCCc6c5c(C(=O)C=4NC(SC2=CC(=O)C=1)C3)[nH]c6,training,1.0
O=C(O[C@]12[C@H](OC1)CC(O)[C@@]1(C)C(=O)[C@H](O)C=3C(C)(C)[C@](O)(C(OC(=O)c4ccccc4)C21)CC(O)C=3C)C,training,1.0
O=C(OC1C(C)=C2[C@@H](O)C(=O)[C@]3(C)C(O)C[C@@H]4[C@](OC(=O)C)(C3C(OC(=O)c3ccccc3)[C@@](O)(C2(C)C)C1)CO4)[C@H](O)[C@@H](N=C(O)c1ccccc1)c1ccccc1,training,1.0
S(=O)(=O)(NCC(COC(O)=NCCCCCCCCCCCCCCCCCC)COC)CCC[n+]1c2c(ccc1)cccc2,training,1.0
Clc1c2n(C3C(O)C(O)C(OC)C(CO)O3)c3c4[nH]c5c(Cl)cccc5c4c4C(=O)N(CCN(CC)CC)C(=O)c4c3c2ccc1,training,1.0
O=C(CO)[C@@]1(O)CC(OC2OC(C)C(OC3OCCCC3)C(N)C2)c2c(O)c3C(=O)c4c(OC)cccc4C(=O)c3c(O)c2C1,training,1.0
O=[N+]([O-])c1c2C(=NCCC[N+]([O-])(C)C)c3c(Nc2c(C)cc1)cccc3,training,1.0
O=C(OC(c1occ(C(O)CC(O)C(O)C(O)C)n1)c1ocnc1)CCCCCCCCCCCC,training,1.0
Clc1ccc(C(=O)N[C@H](C(O)C(=O)O[C@@H]2C(C)=C3[C@@H](OC(=O)C)C(=O)[C@]4(C)[C@@H](O)C[C@@H]5[C@](OC(=O)C)(C4C(OC(=O)c4ccccc4)[C@@](O)(C3(C)C)C2)CO5)c2ccccc2)cc1,training,1.0
c1(-c2ccccc2)c2c(ncc1)c1nccc(-c3ccccc3)c1cc2,training,1.0
O=[N+]([O-])c1c2C(=NCCC[N+]([O-])(C)C)c3c(Nc2ccc1)cccc3,training,1.0
O=[N+]([O-])c1c2C(=NCCN(CCO)CCO)c3c(Nc2ccc1)cccc3,training,1.0
O(C)c1c(OC)cc2c(c3[n+](C)cc4c(c3cc2)cc(OC)cc4)c1,training,1.0
Oc1cc2c(c3c([nH]c4C(C)=CNC(=NCCCN(C)C)c34)cc2)cc1,training,1.0
O=C1Oc2c-3c(c(C)cc2)C(=O)Oc2c4c(OC5C(OC6C(O)C(O)C(O)C(C)O6)C6O[C@H](c7ccccc7)OC6C(C)O5)cccc4c(O)c1c-32,training,1.0
O=C(CO)C1(O)CC(OC2OC(C)C(O)C(NC(C#N)COC)C2)c2c(O)c3C(=O)c4c(OC)cccc4C(=O)c3c(O)c2C1,training,1.0
CN1C=C2C(C)=C3c4c([N+]=C3C(C)=C2C=C1)ccc(C)c4,training,1.0
CN1C=C2C(C)=C3c4c([O+]=C3C(C)=C2C=C1)cccc4,training,1.0
O(C)c1cc2c3c(C)c4c(c(C)c3[nH]c2cc1)C=CN(C)C4,training,1.0
O=C1C(=Cc2ccc(N(CC)CC)cc2)C[N+](C)(C)CC1=Cc1ccc(N(CC)CC)cc1,training,1.0
O=C1[C@H](C(C)C)N=C(O)/C(=C/C)/N=C(O)[C@@H]2N=C(O)[C@@H](C(C)C)N=C(O)C[C@H](O1)/C=C/CCSSC2,training,1.0
O=C(O[C@@H]1C(C)=C2[C@@H](O)C(=O)[C@]3(C)[C@@H](O)C[C@@H]4[C@](OC(=O)C)([C@H]3[C@H](OC(=O)c3ccccc3)[C@@](O)(C2(C)C)C1)CO4)[C@H](O)[C@@H](N=C(OC(C)(C)C)O)c1ccccc1,training,1.0
O=C(O)CCCCC[N+]1(CCOCCOCC(Oc2ncccn2)COCCCCCCCCCCCCCCCCCC)CCCC1,training,1.0
Oc1cc2c([N+]=C3C(C)=C4C(C(C)=C23)=CN(CCN(CC)CC)C=C4)cc1,training,1.0
Oc1cc2c([N+]=C3C(C)=C4C(C(C)=C23)=CN(C)C=C4)cc1,training,1.0
O(C)c1ccc(-c2cc([n+](c(-c3ccccc3)c2)-c2ccc(C)cc2)-c2ccccc2)cc1,training,1.0
[As+](c1ccccc1)(c1ccccc1)(c1ccccc1)c1ccccc1,training,1.0
O=C(Oc1c(OC)c2c(cc1OC(=O)C)CCC(N=C(O)C)C=1C2=CC=C(OC)C(=O)C=1)C,training,1.0
O=C(OCC)Oc1c(OC)c(OC)c2c(c1)CCC(N=C(O)C)C=1C2=CC=C(OC)C(=O)C=1,training,1.0
O=C(O[C@H]1[C@](O)(C(=O)OC)[C@@H]2N(C)c3c(cc(c(OC)c3)[C@]3(C(=O)OC)c4[nH]c5c(c4CN4CC(CC)=C[C@@H](C3)C4)cccc5)[C@@]32[C@@H]2[C@@]1(CC)C=CCN2CC3)C,training,1.0
O(C(CC(C(O)/C=C/C=C/CN=C(O)C(C(O)C(=CC=C/C=C/Cc1oc(C)nc1)C)(C)C)C)C1(O)C2(C(=O)OC2COC)C(NC)C(=O)C1C)C,training,1.0
[nH]1c2c(c3c1C1N(C=C4C(=C1)CCCC4)C=C3)cccc2,training,1.0
O=C1C(N)=CC=C2c3c(cccc3)CCC(N=C(O)C)C2=C1,training,1.0
O=C(OC1(C)C(O)COC(C(O)C)/C=C/C=C/C(=O)OC2C3(C)C4(OC4)C(OC4C3(COC(=O)C1)CCC(C)=C4)C2)C,training,1.0
S(C)C=1C(=O)C=C2C(N=C(O)C)CCc3c(c(OC)c(OC(=O)C)c(OC(=O)C)c3)C2=CC=1,training,1.0
O=C1N(C)C(=O)C2=C(NCCCN(C)C)c3c(N(C)C2=N1)cccc3,training,1.0
O=[N+]([O-])c1c(N2CCNCC2)ccc(C=2C(=N)NC(=N)NC=2CC)c1,training,1.0
O=[N+]([O-])c1c(NCCN)ccc(C=2C(=N)NC(=N)NC=2CC)c1,training,1.0
S(Cc1cc(N2C(=N)NC(=N)NC2(C)C)ccc1)c1ccccc1,training,1.0
O=C(OC1C(=O)OC2C34C(C(O)(C(O)C(=C)C13)OC4)C1(C)C(O)C(=O)C=C(C)C1C2)C/C=C(/CCCCC)\C,training,1.0
O=C1c2c(NCCCNCCO)cccc2C(=O)c2c(NCCCNCCO)cccc12,training,1.0
O=C1c2c(NCCNCCO)cccc2C(=O)c2c(NCCNCCO)cccc12,training,1.0
N(CCN1C=C2C(C)=C3c4c([N+]=C3C(C)=C2C=C1)cccc4)(CC)CC,training,1.0
O=C1c2c(NCCNCCO)ccc3n(CCNCCO)nc(c23)-c2c1c(O)ccc2,training,1.0
Oc1c(N=Nc2ccc(C(=N)N)cc2)c2[nH]c3c(c2cc1)cccc3,training,1.0
O(C)c1c(OC)c2c(cc1OC)CCC(N=C(O)c1cc(OC)c(OC)c(OC)c1)C=1C2=CC=C(OC)C(=O)C=1,training,1.0
O(CC)c1c(OC)cc2c3[n+](C)cc4c(c3cc(OCc3ccccc3)c2c1)cc(OC)c(OC)c4,training,1.0
CN1C=C2C(C)=C3c4c([N+]=C3C(C)=C2C=C1)cccc4,training,1.0
O=C1c2c(NCCCN)ccc3n(CCNCCO)nc(c23)-c2c(O)ccc(O)c12,training,1.0
O(C)c1c(OC)c2c(cc1OC)CCC(N=C(O)CCC)C=1C2=CC=C(OC)C(=O)C=1,training,1.0
N(NC1=NCCN1)=Cc1c2c(c(C=NNC3=NCCN3)c3c1cccc3)cccc2,training,1.0
CN1C(C)=C2C(=C(C)C3=[N+]c4c(cccc4)C3=C2)C=C1,training,1.0
O(CC)c1ccc(-c2[nH]c3c(n2)cc(-c2[nH]c4c(n2)ccc(N2CCN(C)CC2)c4)cc3)cc1,training,1.0
O(C(O)=N)[C@@H]\1[C@@H](OC)/C=C\C=C(/C)\C(O)=NC=2C(=O)C(=C(NCC=C)C(=O)C=2)C[C@@H](C)C[C@H](OC)[C@H](O)[C@@H](C)/C=C/1\C,training,1.0
O(C(O)=N)C1/C(/C)=C\C(C)C(OC)C(OC)CC(C)C(OC)c2c(O)c(N=C(O)/C(/C)=C/C=C\C1C)cc(O)c2,training,1.0
O=C(OC1C(C)COC2(C3(OC3)C3C(O2)CC(C(=O)OC2C(OC4C(O)C(OC(=O)C)C(O)C(C)O4)C(OC(=O)C)C(O)C(C)O2)CC3)C1)C=Cc1ccccc1,training,1.0
O=C1C(O)C(C)CCOC(=O)/C=C/C=C/C(=O)OC2C3(C)C4(OC4)C(OC4C3(CC(O)C3(C)OC43)CO1)C2,training,1.0
O=C1C(O)C(C)CCOC(C(O)C)/C=C/C=C/C(=O)OC2C3(C)C4(OC4)C(OC4C3(CC(O)C3(C)OC43)CO1)C2,training,1.0
ClC(Cl)[C@]1(C)[C@H](N=C(O)[C@@H](N)C)[C@@H]2[C@@H](O)[C@H](O)CC(O)=C2C(=O)O1,training,1.0
Oc1cc2c([N+]=C3C(C)=C4C(C(C)=C23)=CN(CCN2CCCCC2)C=C4)cc1,training,1.0
O=C(N(C)c1ccc(N=C2c3c4[nH]cnc4ccc3NC(C)=C2)cc1)C,training,1.0
O=C(OC1C(C)=C2C(C(OC(=O)C)(C)CC(OC(=O)CCCC)C3(O)C(O)(C)C(=O)OC23)C1OC(=O)CCCC)/C(=C/C)/C,training,1.0
O=C1c2c(O)c(C3OC(C)C(O)C(N(C)C)(C)C3)cc(C3OC(C)C(O)C(N(C)C)C3)c2C(=O)c2c1c1OC(/C(=C/C)/C)=CC(=O)c1c(C)c2,training,1.0
O=C(OC1C2C(C)(C(O)C(=O)C=C2C)C2C3(O)C(O)C(C)C4C2(C1OC(=O)C4)CO3)C=C(C)C,training,1.0
[P+](/C=C/C)(c1ccccc1)(c1ccccc1)c1ccccc1,training,1.0
O=C1c2c(NCCNCCO)ccc(NCCNCCO)c2C(=O)c2c1cccc2,training,1.0
[P+](CCN1Cc2c(cccc2)C1)(c1ccccc1)(c1ccccc1)c1ccccc1,training,1.0
[N+](C)(C)=C1C=CC(=C(c2ccc(N(C)C)cc2)c2ccc(N(C)C)cc2)C=C1,training,1.0
O=C1OCC23[C@]4(C)[C@@]5(OC5)[C@H](O[C@@H]2[C@H]2[C@](C)(O2)CC3)C[C@H]4OC(=O)/C=C\C=C\[C@H]([C@@H](O)C)OC[C@H](O)[C@@]2(C)O[C@H]12,training,1.0
O=C1OC[C@@]23[C@]4(C)C5(OC5)[C@H](O[C@@H]2C=C(C)[C@H](O)C3)C[C@H]4OC(=O)/C=C\C=C\[C@H]([C@H](O)C)OC[C@H](O)[C@@]2(C)O[C@H]12,training,1.0
O=C\1OC2C3(C)C4(OC4)C(OC4C3(CC(O)C(C)=C4)COC(=O)CC(C)C(O)COC(C(O)C)/C=C/C=C/1)C2,training,1.0
[N+]C1=CC2=C(N(CC)C=3C(=C2C=C1)C=CC(=N)C=3)c1ccccc1,training,1.0
OCC[N+](CCCCCCCCCCCCCCCC)(Cc1[nH]cnc1)C,training,1.0
O(C)C1(C)C(OC)C(OC2c3c(O)c4C(=O)c5c(O)cc6C7(C)C(O)C(N(C)C)C(O)C(O7)Oc6c5C(=O)c4cc3CC(O)(C)C2)OC(C)C1OC,training,1.0
O(C)c1cc2Nc3c(C(=NCCCCCCCCN=C4c5c(Nc6c4cccc6)cc(OC)cc5)c2cc1)cccc3,training,1.0
O(C)c1cc2Nc3c(C(=NCCCCCCN=C4c5c(Nc6c4cccc6)cc(OC)cc5)c2cc1)cccc3,training,1.0
O=C1C=2N=C(O)/C(/C)=C/C=C\C(OC)C(OC(O)=N)/C(/C)=C/C(C)C(O)C(OC)CC(C)CC1=C(N)C(=O)C=2,training,1.0
O=C(OC12C3C(C)(C(=O)C(O)C=4C(C)(C)C(O)(C3OC(=O)c3ccccc3)CC(O)C=4C)C(O)CC1OC2)C,training,1.0
CC1c2c([P+](c3ccccc3)(c3ccccc3)CC1)c1c(cc2)cccc1,training,1.0
O(C)c1ccc(CC2N(C)C(=O)C(C)N=C(O)C(C)N=C(O)C3N(C)C(=O)C(N(C)C(=O)C(C)N=C2O)C(O)c2ccc(Oc4c(O)ccc(c4)C3)cc2)cc1,training,1.0
O=[N+]([O-])c1cc(C(O)=NN=C(C)[C@@]2(O)C[C@H](OC3OC(C)C(O)C(N)C3)c3c(O)c4C(=O)c5c(OC)cccc5C(=O)c4c(O)c3C2)ccc1,training,1.0
N(CCCCCCN=C1c2c(Nc3c1cccc3)cccc2)=C1c2c(Nc3c1cccc3)cccc2,training,1.0
C(CCCCCC)CCCCC[N+]1(CCCCCCCCCCCC)CC(C)CCC1,training,1.0
C(=CC=C1N(C)c2c(S1)cccc2)C=[N+]1CCCCC1,training,1.0
[N+]=C1c2c(N(CCCCCCCCCCN3C(C)=CC(=[N+])c4c3cccc4)C(C)=C1)cccc2,training,1.0
O=C(O[C@H]1C(=O)O[C@H]2[C@@]34[C@@H]1[C@](C(=O)OC)([C@@H](O)[C@H](O)[C@@H]3[C@]1(C)[C@H](C(C)=C(O)C(=O)C1)C2)OC4)/C=C(/C(C)C)\C,training,1.0
O(C)c1c2C(=O)c3c(O)c4[C@@H](OC5OC(C)C(O)C(N)C5)C[C@](O)(C(=NN=C(O)c5ccccc5)C)Cc4c(O)c3C(=O)c2ccc1,training,1.0
O(C)c1c(OC)ccc2c1c[n+]1c(-c3c(cc4OCOc4c3)CC1)c2,training,1.0
S(c1c2c(c(C)c3c4c([S+](c5ccccc5)Cc24)ccc3)ccc1)c1ccccc1,training,1.0
O(C)c1cc2c([N+](C)=C3C(C)=C4C(C(C)=C23)=CN(C)C=C4)cc1,training,1.0
O(C)c1cc2c([N+]=C3C(C)=C4C(C(C)=C23)=CN(C)C=C4)cc1,training,1.0
O(C)c1c(OC)cc2c(c3c([n+](C)c2)c2c(cc4OCOc4c2)cc3)c1,training,1.0
O(C)c1c(OC)cc-2c(C(OC)N(C)c3c4c(cc5OCOc5c4)ccc-23)c1,training,1.0
O(C)c1c2C(=O)c3c(O)c4[C@@H](OC5OC(C)C(O)C(N)C5)C[C@](O)(C(=NO)C)Cc4c(O)c3C(=O)c2ccc1,training,1.0
Clc1c(OCc2cc(C(=O)N(C)C)ccc2)ccc(N2C(=N)NC(=N)NC2(C)C)c1,training,1.0
O=C1C(C(C)C)N=C(O)C(C)N=C(O)C(CC(C)C)N=C(O)C(C(C)C)N=C(O)CN=C(O)CC(CCCCCCCCC)O1,training,1.0
OC(=Nc1cc(C)ccc1)CCc1ccc(N2C(=N)NC(=N)NC2(C)C)cc1,training,1.0
S(F)(=O)(=O)c1ccc(CCCCCCc2ccc(N3C(=N)NC(=N)NC3(C)C)cc2)cc1,training,1.0
N=C1N(c2cc(CCCCc3ccccc3)ccc2)C(C)(C)NC(=N)N1,training,1.0
Clc1c(OCC(O)=Nc2ccccc2)ccc(N2C(=N)NC(=N)NC2(C)C)c1,training,1.0
O(C)c1c(OC)cc2c([C@H]3N(C[C@H](CC)[C@@H](C[C@H]4NCCc5c6c([nH]c45)ccc(O)c6)C3)CC2)c1,training,1.0
S(F)(=O)(=O)c1c(C)cc(NC(O)=NCc2ccc(N3C(=N)NC(=N)NC3(C)C)cc2)cc1,training,1.0
O=C(CO)[C@@]1(O)C[C@H](OC2OC(C)C(O)C(N)C2)c2c(O)c3C(=O)c4c(OC)cccc4C(=O)c3c(O)c2C1,training,1.0
[As](=O)(O)(O)c1c(O)cc(N=NC=2C(=N)NC(=N)NC=2N)cc1,training,1.0
[S+](c1c(C)ccc(C)c1)(c1ccc(C)cc1)c1ccccc1,training,1.0
O=C(OC)C1C(O)(C)CC(OC2C(OC)C(OC)(C)C(OC)C(C)O2)c2c1cc1C(=O)c3c(c(O)cc4C5(C)C(O)C([N+]([O-])(C)C)C(O)C(O5)Oc34)C(=O)c1c2,training,1.0
S(F)(=O)(=O)c1c(C)cc(NC(=O)CCc2ccc(N3C(=N)NC(=N)NC3(C)C)cc2)cc1,training,1.0
Cc1c2[n+](c3c(c4c(cc3)cccc4)c1)cccc2,training,1.0
O=C(C)c1c(Cc2nccc3c2cc(OC)c(OC)c3)cc(OC)c(OC)c1,training,1.0
C(c1[n+](CC)c2c(cc1)cccc2)=C1N(CC)c2c(cccc2)C=C1,training,1.0
Clc1c2c(c3c(c(C)c4[n+](c3)cccc4)c1)cccc2,training,1.0
O=C(O[C@H]1[C@](O)(C(=O)OC)[C@@H]2N(C)c3c(cc(c(OC)c3)[C@]3(C(=O)OC)c4[nH]c5c(c4CCN4C[C@]6(CC)O[C@@H]6[C@@H](C3)C4)cccc5)[C@@]32[C@@H]2[C@@]1(CC)C=CCN2CC3)C,training,1.0
N=C1N(CCCCc2ccccc2)C(C)(C)NC(=N)N1,training,1.0
O(CC)c1cc2c(N(C)C(=CC=C3C(=O)c4[n+]cccc4C(C)=C3)C=C2)cc1,training,1.0
BrCCC[P+](c1ccccc1)(c1ccccc1)c1ccccc1,training,1.0
O=C1c2[n+](C)c(C=Cc3ccccc3)n(C(C)C)c2C(=O)c2c1cccc2,training,1.0
O=C1c2[n+](C)c(C)n(CC(C)C)c2C(=O)c2c1cccc2,training,1.0
O=C1c2[n+](C)c(C)n(Cc3ccccc3)c2C(=O)c2c1cccc2,training,1.0
[P+](Cc1ccc(C)cc1)(c1ccccc1)(c1ccccc1)c1ccccc1,training,1.0
O=C(OC)[C@H]1[C@](O)(C)C[C@H](OC2C(OC)C(OC)(C)C(OC)C(C)O2)c2c(O)c3C(=O)c4c(O)cc5[C@@]6(C)[C@H](O)[C@@H](N(C)C)[C@H](O)[C@H](O6)Oc5c4C(=O)c3cc12,training,1.0
[N+]=C1c2c(N(CCCCCCCCCCCC)C(C)=C1)cccc2,training,1.0
N(CCCC)P=1(NCCCC)N=P(NCCCC)(NCCCC)N=P(NCCCC)(NCCCC)N=P(NCCCC)(NCCCC)N=1,training,1.0
Clc1cc(C=NN=C(O)C(SC(C(O)=NN=Cc2cc(Cl)ccc2)C)C)ccc1,training,1.0
O(C)c1cc(NCCCCCNC(NC(=N)NC(C)C)=N)c2ncccc2c1,training,1.0
O(C)c1cc(NCCCCNC(NC(=N)NC(C)C)=N)c2ncccc2c1,training,1.0
O=C(O[C@H]1[C@](O)(C(=O)OC)[C@@H]2N(C)c3c(cc(c(OC)c3)[C@]3(C(=O)OC)c4[nH]c5c(c4CCN4C[C@](O)(CC)C[C@H](C3)C4)cccc5)[C@@]32[C@@H]2[C@@]1(CC)C=CCN2CC3)C,training,1.0
N(CCCCCC)=C1N=C2NC(=NCCCCCC)NC(NCCCCCC)=C2N1,training,1.0
O(C)c1c(OC)cc2c([C@@H](C[C@@H]3[C@@H](CC)CN4[C@H](c5c(cc(OC)c(OC)c5)CC4)C3)NCC2)c1,training,1.0
O(CC)c1cc2C(=N)c3c(Nc2cc1)cc(N)cc3,training,1.0
Nc1cc2c([n+](C)c3c(c2cc1)cccc3)-c1ccccc1,training,1.0
O=[N+]([O-])c1cc2Nc3c(C(=NCC(CCN(CC)CC)c4ccccc4)c2cc1)cc(OC)c(OC)c3,training,1.0
C(=Cc1c2c([n+](CC)cc1)cccc2)C=C1c2c(N(CC)C=C1)cccc2,training,1.0
N(C)(C)c1c(C)cc2c(nc3c(cc(C)c(N(C)C)c3)c2)c1,training,1.0
Clc1c(C=CC(O)=Nc2cc3c(N)cc(C)nc3cc2)cccc1,training,1.0
[N+](CCCCCCCCCCCCCCCC)(Cc1ccccc1)(C)C,training,1.0
N(CC)(CC)c1ccc(C=CC2=[N+](C)c3c(C2(C)C)cccc3)cc1,training,1.0
C(=Cc1c(C)n(CCCCC)c(C)c1)c1[n+](C)c2c(cc(C)cc2)cc1,training,1.0
Clc1ccc(C=Cc2[n+](C)c3c(cc2)cccc3)cc1,training,1.0
N(C)(C)c1ccc(C=Cc2[n+](C)cccc2)cc1,training,1.0
C(CCCCCC)CCCCC[n+]1ccccc1,training,1.0
[N+](C)(C)=C1C=CC(=CC=C2c3c(N(C)C=C2)cccc3)C=C1,training,1.0
Clc1cc(N2C(=N)NC(=N)NC2CCCCCC)ccc1,training,1.0
Clc1ccc(N2C(=N)NC(=N)NC2CCCCCC)cc1,training,1.0
O=C(C)c1c(OC[C@H](O)CNC(C)C)ccc(N=C(O)CCC)c1,training,1.0
[P+](c1ccccc1)(c1ccccc1)(c1ccccc1)c1ccccc1,training,1.0
ClC1(Cl)[C@]2(Cl)C(Cl)=C(Cl)[C@@]1(Cl)[C@@H]1[C@H]2CO[SH0](=O)OC1,training,1.0
CN1CC=CCC1,training,1.0
O=C1C(C)=COc2c1cccc2,training,1.0
S(=O)(=O)(NC(=N)CCSCc1nc(NC(=N)N)sc1)N,training,1.0
O=[N+]([O-])c1c(C2C(C(=O)OC)=C(C)NC(C)=C2C(=O)OC)cccc1,training,1.0
S(C[C@H](N)C(=O)OC)C/C=C(/CC/C=C(/CCC=C(C)C)\C)\C,training,1.0
O=C(C(C[C@@H](N(C)C)C)(c1ccccc1)c1ccccc1)CC,training,1.0
O=C1OCC([C@@H]2[C@]3(C)[C@@](O)([C@@H]4[C@@H]([C@]5(C)[C@@H](C[C@@H](O)CC5)CC4)CC3)CC2)=C1,training,1.0
FC(F)(F)c1cc2N(CCCN3CCN(CCO)CC3)c3c(Sc2cc1)cccc3,training,1.0
O=C1N=C(O)C(CC)(c2ccccc2)C(O)=N1,training,1.0
Fc1cc2onc(C3CCN(CCC=4C(=O)N5C(=NC=4C)CCCC5)CC3)c2cc1,training,1.0
O=C(O)[C@H]1C(C)(C)S[C@@H]2[C@@H](N=C(O)[C@H](N)c3ccc(O)cc3)C(=O)N12,training,1.0
N(\NC1=NCCN1)=C/c1c2c(c(/C=N/NC3=NCCN3)c3c1cccc3)cccc2,training,1.0
O1c2c(Nc3c1cccc3)cccc2,training,1.0
Clc1cc(C(O)=NCCc2ccc(S(=O)(=O)NC(O)=NC3CCCCC3)cc2)c(OC)cc1,training,1.0
O=C(O)C(C)(C)c1ccc(C(=O)CCCN2CCC(OC(c3ccccc3)c3ccccc3)CC2)cc1,training,1.0
O=C(O)[C@H](NC(=O)c1ccc(N(CC2=NC3=C(N)NC(=N)N=C3N=C2)C)cc1)CCC(=O)O,training,1.0
S(=O)(=O)(CCc1cc2c(C[C@@H]3N(C)CCC3)c[nH]c2cc1)c1ccccc1,training,1.0
O=C(CO)[C@]1(O)C[C@H](O)c2c(O)c3C(=O)c4c(OC)cccc4C(=O)c3c(O)c2C1,training,1.0
O=C(O)[C@@H](N)Cc1cc(O)c(O)cc1,training,1.0
Clc1cc2nccc(N[C@@H](CCCN(CC)CC)C)c2cc1,training,1.0
O=C[C@@H](N=C(O)[C@@H](N=C(O)[C@@H](N=C(O)C)CC(C)C)CC(C)C)CCCNC(=N)N,training,1.0
Ic1c(OCCN(CC)CC)c(I)cc(C(=O)c2c(CCCC)oc3c2cccc3)c1,training,1.0
O(C)c1c(OC)cc(CC=2C(=N)NC(=N)NC=2)cc1OC,training,1.0
O=C([C@@H]1Cc2[nH]cnc2CC1)c1c2c(n(C)c1)cccc2,training,1.0
Clc1cc2C(c3ccccc3)=NCC(=O)N(C)c2cc1,training,1.0
O=C1[C@H](C(C)C)N=C(O)/C(=C/C)/N=C(O)[C@@H]2N=C(O)[C@@H](C(C)C)N=C(O)C[C@H](O1)/C=C\CCSSC2,training,1.0
O[C@@H]1[C@@H]2Oc3c(O)ccc4c3[C@@]32[C@H]([C@H](N(C)CC3)C4)C=C1,training,1.0
O([C@H]1[C@H](O)[C@@H](O)[C@@H]2O[C@@H](c3sccc3)OC[C@H]2O1)[C@H]1[C@@H]2[C@@H]([C@H](c3cc(OC)c(O)c(OC)c3)c3c1cc1OCOc1c3)C(=O)OC2,training,1.0
OC(=Nc1c(C)cccc1C)CN(CC)CC,training,1.0
S(CCNC(=NC)NC#N)Cc1c(C)nc[nH]1,training,1.0
S(CC1=C(C(=O)O)N2C(=O)[C@H](N=C(O)[C@H](N=C(O)N3C(=O)C(=O)N(CC)CC3)c3ccc(O)cc3)[C@H]2SC1)c1n(C)nnn1,training,1.0
O=C1N(C)/C(=C/c2ccccc2)/C(O)=NCC(=O)N(C)[C@@H](C)C(O)=N[C@H]1CC(C)C,training,1.0
O[C@@H]([C@@H]1N2C[C@@H](C=C)[C@@H](C1)CC2)c1c2c(ncc1)cccc2,training,1.0
O(C[C@@H](CN(Cc1ccccc1)c1ccccc1)N1CCCC1)CC(C)C,training,1.0
FC(F)(F)c1c([C@H]2C(C(=O)OCCNC(=O)c3ccc(N=[N+]=[N-])cc3)=C(C)NC(C)=C2C(=O)OCC)cccc1,training,1.0
O=C(OC)[C@@]12[C@H]3C(CC)=C[C@@H](C1)CN3CCc1c3c([nH]c21)cccc3,training,1.0
N=C(N)N1Cc2c(cccc2)CC1,training,1.0
Clc1ccc(NC=2/C(=N/C(C)C)/C=C3N(c4ccc(Cl)cc4)c4c(N=C3C=2)cccc4)cc1,training,1.0
Clc1cc2nc(O)n(C3CCN(CCCn4c(O)nc5c4cccc5)CC3)c2cc1,training,1.0
O=C(N(C)[C@H]1[C@](OC)(C)[C@@]2(C)O[C@H]1n1c3c4n2c2c(c4c4c(C(O)=NC4)c3c3c1cccc3)cccc2)c1ccccc1,training,1.0
Clc1c(Cl)cccc1[C@@H]1C(C(=O)OCC)=C(C)NC(C)=C1C(=O)OC,training,1.0
Clc1c(Cl)ccc([C@@]2(CCN3CC(N4CCN(S(=O)(=O)C)CC4)C3)CN(CC3CC3)C(=O)CC2)c1,training,1.0
S(=O)(=O)(N(C[C@@H](O)[C@@H](N=C(O[C@@H]1COCC1)O)Cc1ccccc1)CC(C)C)c1ccc(N)cc1,training,1.0
O(C(O)=N)C[C@H]1[C@@]2(OC)N(C=3C(=O)C(C)=C(N)C(=O)C1=3)C[C@@H]1N[C@@H]21,training,1.0
O=C(N([C@H](CN1C[C@@H](O)CC1)c1ccccc1)C)C(c1ccccc1)c1ccccc1,training,1.0
Clc1c([C@]2(Cn3ncnc3)O[C@@H](COc3ccc(N4CCN(c5ccc(N6C(=O)N([C@H](CC)C)N=C6)cc5)CC4)cc3)CO2)ccc(Cl)c1,training,1.0
O(C[C@H](O)CNC(C)C)c1c2c(ccc1)cccc2,training,1.0
O(C)c1c(OC)ccc(CCN=C2N=C(N3Cc4c(cc(OC)c(OC)c4)CC3)c3c(N2)cc(OC)c(OC)c3)c1,training,1.0
O=C1[C@H](C)[C@@H](O)[C@@H](C)CCC[C@H]2O[C@H]2C[C@@H](/C(=C/c2nc(C)sc2)/C)OC(=O)C[C@H](O)C1(C)C,training,1.0
O=C1C(C(O)=N)=C(O)[C@@H](N(C)C)[C@H]2[C@@]1(O)C(O)=C1C(=O)c3c(O)cccc3[C@](O)(C)[C@H]1C2,training,1.0
Fc1cc2c([C@H](C(C)C)[C@@](OC(=O)COC)(CCN(CCCc3[nH]c4c(n3)cccc4)C)CC2)cc1,training,1.0
Clc1cc2c(C(=C3CCN(C(=O)OCC)CC3)c3ncccc3CC2)cc1,training,1.0
S(C[C@H](N=C(O)c1c(C)c(O)ccc1)[C@H](O)CN1[C@H](C(O)=NC(C)(C)C)C[C@H]2[C@@H](C1)CCCC2)c1ccccc1,training,1.0
S(=O)(=O)(/C=C/[C@@H](N=C(O)[C@H](N=C(O)N1CCOCC1)Cc1ccccc1)CCc1ccccc1)c1ccccc1,training,1.0
O=C(O[C@@H]1[C@H](C)CO[C@]2([C@@]3(OC3)[C@@H]3[C@H](O2)C[C@H](C(=O)O[C@H]2[C@@H](O[C@@H]4[C@H](O)[C@H](OC(=O)C)[C@H](O)[C@H](C)O4)[C@@H](OC(=O)C)[C@@H](O)[C@H](C)O2)CC3)C1)/C=C/c1ccccc1,training,1.0
Fc1ccc(-c2n(CC[C@@H](O)C[C@@H](O)CC(=O)O)c(C(C)C)c(C(O)=Nc3ccccc3)c2-c2ccccc2)cc1,training,1.0
O=C(Nc1cc(Nc2nc(-c3cnccc3)ccn2)c(C)cc1)c1ccc(CN2CCN(C)CC2)cc1,training,1.0
O(C)[C@H]1[C@H](O)CC[C@H](/C=C(\C)/[C@@H]2[C@H](C)[C@H](O)CC(=O)[C@H](CC=C)/C=C(/C)\C[C@H](C)C[C@H](OC)[C@@H]3[C@@H](OC)C[C@@H](C)[C@](O)(C(=O)C(=O)N4[C@H](C(=O)O2)CCCC4)O3)C1,training,1.0
O=C(O)[C@H]1C(C)(C)SSC(C)(C)[C@@H](N=C(O)[C@@H](N)Cc2ccc(O)cc2)C(O)=NCC(O)=N[C@@H](Cc2ccccc2)C(O)=N1,training,1.0
Fc1ccc(C(=O)NCCN2CCN(c3c4OC[C@H](CO)Oc4ccc3)CC2)cc1,training,1.0
S(=O)(=O)(N1CCN(CC)CC1)c1cc(c(OCCC)cc1)C1=Nc2c(CC)n(Cc3ncccc3)nc2C(=O)N1,training,1.0
O(C)c1ccc(C[C@@H]2N(C)C(=O)[C@H](C)N=C(O)[C@H](C)N=C(O)[C@@H]3N(C)C(=O)[C@H](N(C)C(=O)[C@@H](C)N=C2O)[C@H](O)c2ccc(Oc4c(O)ccc(c4)C3)cc2)cc1,training,1.0
O=C(OC)[C@H]1[C@@H](O)CC[C@@H]2[C@H]1C[C@@H]1N(C2)CCc2c3c([nH]c12)cccc3,training,1.0
Clc1ccc(C2(O)CCN(CCC(C(=O)N(C)C)(c3ccccc3)c3ccccc3)CC2)cc1,training,1.0
O(C[C@@H](O)CNC(C)(C)C)c1ccc(NC(O)=NC2CCCCC2)cc1,training,1.0
O=C(CO)[C@@]1(O)C[C@H](O[C@@H]2O[C@@H](C)[C@@H](O)[C@@H](N)C2)c2c(O)c3C(=O)c4c(OC)cccc4C(=O)c3c(O)c2C1,training,1.0
OC=1C(c2ccccc2)(c2ccccc2)N=C(O)N=1,training,1.0
O=C(Oc1cc2c(CC)c3c(nc2cc1)C=1N(C(=O)C2=C([C@@](O)(CC)C(=O)OC2)C=1)C3)N1CCC(N2CCCCC2)CC1,training,1.0
FC1(F)[C@H]2[C@@H]1c1c(C(N3CCN(C[C@H](O)COc4c5c(nccc5)ccc4)CC3)c3c2cccc3)cccc1,training,1.0
O(C(O)=N[C@H]([C@@H](O)C[C@@H](N=C(O)[C@@H](N=C(O)N(Cc1nc(C(C)C)sc1)C)C(C)C)Cc1ccccc1)Cc1ccccc1)Cc1scnc1,training,1.0
Fc1ccc(CN2C(=NC3CCN(CCc4ccc(OC)cc4)CC3)Nc3c2cccc3)cc1,training,1.0
O(CC(O)=N[C@H]([C@@H](O)C[C@@H](N=C(O)[C@H](C(C)C)N1C(O)=NCCC1)Cc1ccccc1)Cc1ccccc1)c1c(C)cccc1C,training,1.0
O=C(O[C@H]1[C@](O)(C(=O)OC)[C@@H]2N(C)c3c(ccc(OC)c3)[C@@]32[C@@H]2[C@]1(CC)C=CCN2CC3)C,training,1.0
O=C(O)[C@@H]([C@@H](OC)[C@@H](C)[C@@H]1[C@H](C)[C@@H](O)C[C@]2(O1)O[C@@](C)([C@@H]1O[C@](CC)([C@@H]3[C@H](C)C[C@@H]([C@@H]4[C@@H](C)C[C@@H](C)[C@](O)(CO)O4)O3)CC1)CC2)C,training,1.0
O(C)c1c(OC)cc2c([C@H]3N(C[C@H](CC)[C@H](C[C@H]4NCCc5c4cc(OC)c(O)c5)C3)CC2)c1,training,1.0
O=C(OC)[C@H]1[C@](O)(C)C[C@H](O[C@@H]2[C@H](OC)[C@@](OC)(C)[C@@H](OC)[C@H](C)O2)c2c(O)c3C(=O)c4c(O)cc5[C@@]6(C)[C@H](O)[C@@H](N(C)C)[C@H](O)[C@@H](O6)Oc5c4C(=O)c3cc12,training,1.0
O(C[C@@H]1[C@@H](O)[C@H](O)[C@@H](O)[C@H](Oc2cc(O)c3C(=O)C=C(c4cc(O)c(OC)cc4)Oc3c2)O1)[C@H]1[C@H](O)[C@H](O)[C@@H](O)[C@H](C)O1,training,1.0
Fc1c(N2CCN(C)CC2)c2OC[C@H](C)N3c2c(C(=O)C(C(=O)O)=C3)c1,training,1.0
O=[N+]([O-])c1cc([C@H]2C(C(=O)OC(C)C)=C(C)NC(C)=C2C(=O)OCCOC)ccc1,training,1.0
O(C)c1c(OC)cc([C@](C#N)(C(C)C)CCCN(CCc2cc(OC)c(OC)cc2)C)cc1OC,training,1.0
O=C1[C@](O)(CC)C2=C(C(=O)N3C(c4nc5c(c(CN(C)C)c(O)cc5)cc4C3)=C2)CO1,training,1.0
O(C[C@H](O)CNC(C)(C)C)c1c2c(ccc1)C[C@@H](O)[C@@H](O)C2,training,1.0
O=C1[C@H](c2ccccc2)N=C(O)[C@H]2N(C(=O)[C@H](Cc3ccc(N(C)C)cc3)N(C)C(=O)[C@@H]3N(C(=O)[C@@H](CC)N=C(O)[C@H](N=C(O)c4c(O)cccn4)[C@@H](C)O1)CCC3)CCC(=O)C2,training,1.0
O=C(CO)[C@@H]1[C@@]2(C=O)[C@H]([C@H]3[C@@H]([C@@H](O)C2)[C@]2(C)C(=CC(=O)CC2)CC3)CC1,training,1.0
S(CC1=C(C(=O)O)N2C(=O)[C@@](OC)(N=C(O)C3SC(=C(C(=O)O)C(=O)N)S3)[C@H]2SC1)c1n(C)nnn1,training,1.0
Fc1c(N2CCNCC2)nc2N(CC)C=C(C(=O)O)C(=O)c2c1,training,1.0
O([C@@H]1[C@@H](C)O[C@@H](O[C@@H]2C[C@@H]3[C@@](C)([C@@H]4[C@H]([C@@]5(O)[C@](C)([C@H](O)C4)[C@@H](C4=CC(=O)OC4)CC5)CC3)CC2)C[C@@H]1O)[C@@H]1O[C@H](C)[C@@H](O[C@@H]2O[C@H](C)[C@@H](O)[C@@H](O)C2)[C@@H](O)C1,training,1.0
O=[N+]([O-])c1cc([C@@H]2C(C(=O)OCCN(Cc3ccccc3)C)=C(C)NC(C)=C2C(=O)OC)ccc1,training,1.0
O=C(O[C@H]1[C@](O)(C(=O)OC)[C@@H]2N(C)c3c(cc(c(OC)c3)[C@]3(C(=O)OC)c4[nH]c5c(c4CCN4C[C@](O)(CC)C[C@@H](C3)C4)cccc5)[C@@]32[C@@H]2[C@]1(CC)C=CCN2CC3)C,training,1.0
O=C(O[C@H]1[C@](O)(C(=O)OC)[C@@H]2N(C=O)c3c(cc(c(OC)c3)[C@]3(C(=O)OC)c4[nH]c5c(c4CCN4C[C@](O)(CC)C[C@H](C3)C4)cccc5)[C@@]32[C@@H]2[C@]1(CC)C=CCN2CC3)C,training,1.0
O=C(O)[C@@H]1[C@@H](O)[C@H](O)[C@@H](O)[C@H](O[C@@H]2[C@@H]3Oc4c(O)ccc5c4[C@@]43[C@H]([C@H](N(C)CC4)C5)C=C2)O1,training,1.0
Clc1cc2N(CCCN3CCN(CCO)CC3)c3c(Sc2cc1)cccc3,training,1.0
O=C(CO)[C@]1(O)C[C@H](O[C@@H]2O[C@@H](C)[C@@H](O)[C@@H](O)C2)c2c(O)c3C(=O)c4c(OC)cccc4C(=O)c3c(O)c2C1,training,1.0
FC(F)(F)c1cc2/C(=C\CCN3CCN(CCO)CC3)/c3c(Sc2cc1)cccc3,training,1.0
Clc1c(C(n2cncc2)(c2ccccc2)c2ccccc2)cccc1,training,1.0
C(=C/c1cc2OCOc2cc1)\C,training,1.0
O=C(OC)c1c(C=2c3c(OC=4C=2C=CC(=N)C=4)cc(N)cc3)cccc1,training,1.0
O=C(O[C@@H]1[C@H](c2ccc(OC)cc2)Sc2c(N(CCN(C)C)C1=O)cccc2)C,training,1.0
O(CCCC)c1nc2c(c(C(O)=NCCN(CC)CC)c1)cccc2,training,1.0
O=C1c2c(O)ccc(O)c2C(=O)c2c(NCCNCCO)ccc(NCCNCCO)c12,training,1.0
Fc1ccc(C(CNC2CCN(C3=NC(=NCC=C)NC(=NCC=C)N3)CC2)c2ccc(F)cc2)cc1,training,1.0
O(C)c1ccc(C[C@@H](N)C(O)=N[C@@H]2[C@@H](O)[C@H](n3c4ncnc(N(C)C)c4nc3)O[C@@H]2CO)cc1,training,1.0
OCCN(CCO)c1nc(N2CCCCC2)c2nc(N(CCO)CCO)nc(N3CCCCC3)c2n1,training,1.0
O=C(CCc1ccccc1)c1c(OC[C@H](O)CNCCC)cccc1,training,1.0
P(c1ccccc1)(c1ccccc1)c1ccccc1,training,1.0
O=[N+]([O-])c1cc([C@H]2C(C(=O)OCCCN3CCC(c4ccccc4)(c4ccccc4)CC3)=C(C)NC(C)=C2C(=O)OC)ccc1,training,1.0
O(C)c1c2Oc3c4OCOc4cc4c3[C@@H](N(C)CC4)Cc3ccc(Oc4c(OC)ccc(c4)C[C@H]4N(C)CCc(c4c2)c1)cc3,training,1.0
S(CC[C@H](NC)C(O)=NC(=O)[C@@H](N=C(O)CN=C(O)[C@H](N=C(O)[C@@H](N)Cc1ccc(O)cc1)C)Cc1ccccc1)C,training,1.0
O[C@@H](CCCN1CCC(C(O)(c2ccccc2)c2ccccc2)CC1)c1ccc(C(C)(C)C)cc1,training,1.0
Ic1c(O)ccc(CCC(O)=NCCOC(=O)C=2[C@H](c3c(C(F)(F)F)cccc3)C(C(=O)OCC)=C(C)NC=2C)c1,training,1.0
N(CCC=C1c2c(cccc2)CCc2c1cccc2)(C)C,training,1.0
O=C(Nc1ccc(CCN2Cc3c(cc(OC)c(OC)c3)CC2)cc1)c1c2Nc3c(OC)cccc3C(=O)c2ccc1,training,1.0
O(C[C@H](O)CNC(C)(C)C)c1c(C#N)cccc1,training,1.0
S(CC1=C(C(=O)O)N2C(=O)[C@@H](N=C(O)Cn3nnnc3)[C@H]2SC1)c1sc(C)nn1,training,1.0
Clc1c([C@]2(Cn3cncc3)O[C@H](COc3ccc(N4CCN(C(=O)C)CC4)cc3)CO2)ccc(Cl)c1,training,1.0
O=C(N1CCN(C2=Nc3c(C(=N)N2)cc(OC)c(OC)c3)CC1)c1occc1,training,1.0
O=C1Oc2c(C(C)=C1)ccc(O)c2,training,1.0
O=C(N[C@H](C(O)=N[C@H]([C@H](O)CN1[C@H](C(O)=NC(C)(C)C)C[C@H]2[C@H](C1)CCCC2)Cc1ccccc1)CC(O)=N)c1nc2c(cc1)cccc2,training,1.0
O=C(O[C@H]1[C@H](C)[C@H](O)[C@H](C)[C@@H](O)[C@@H](C)/C=C/C=C(/C)\C(O)=Nc2c(/C=N/N3CCN(C)CC3)c(O)c3c(c(O)c(C)c4O[C@@](C)(C(=O)c34)O/C=C/[C@H](OC)[C@H]1C)c2O)C,training,1.0
Clc1cc2N(CCCN(C)C)c3c(Sc2cc1)cccc3,training,1.0
FC(F)(F)c1cc2N(CCCN3CCN(C)CC3)c3c(Sc2cc1)cccc3,training,1.0
O=C(OC)[C@@]1(c2c(OC)cc3N(C)[C@H]4[C@@](O)(C(O)=N)[C@H](O)[C@]5(CC)[C@@H]6N(CC=C5)CC[C@]46c3c2)c2[nH]c3c(c2CCN2C[C@](O)(CC)C[C@H](C1)C2)cccc3,training,1.0
O=C1[C@H](c2ccccc2)N=C(O)[C@@H]2N(C(=O)[C@@H](Cc3ccc(N(C)C)cc3)N(C)C(=O)[C@@H]3N(C(=O)[C@@H](C)N=C(O)[C@@H](N=C(O)c4c(O)cccn4)[C@@H](C)O1)CCC3)CCC(=O)C2,training,1.0
O([C@@H]1[C@@H](C)O[C@@H](O[C@@H]2C[C@@H]3[C@@](C)([C@@H]4[C@H]([C@]5(O)[C@@](C)([C@@H](C6=CC(=O)OC6)CC5)CC4)CC3)CC2)C[C@@H]1O)[C@@H]1O[C@H](C)[C@@H](O[C@@H]2O[C@H](C)[C@@H](O)[C@@H](O)C2)[C@@H](O)C1,training,1.0
O=C1OCC([C@@H]2[C@]3(C)[C@H](O)C[C@@H]4[C@@]5(C)[C@@H](C[C@@H](O)CC5)CC[C@@H]4[C@]3(O)CC2)=C1,training,1.0
O=C(O[C@H]1[C@](O)(C(=O)OC)[C@@H]2N(C)c3c(cc(c(OC)c3)[C@]3(C(=O)OC)c4[nH]c5c(c4CN4CC(CC)=C[C@@H](C3)C4)cccc5)[C@@]32[C@@H]2[C@]1(CC)C=CCN2CC3)C,training,1.0
O=C(O)[C@](O)(C[C@H]1O[C@@]2([C@H](O)CC1)O[C@H]([C@@H](/C=C/[C@@H]1O[C@@]3(O[C@H]4[C@H](O)C(=C)[C@@H]([C@@H](O)C[C@H](C)[C@@H]5[C@H](C)CC[C@]6(O5)OCCCC6)O[C@@H]4CC3)CC1)C)CC(C)=C2)C,training,1.0
O=C(CO)[C@@H]1[C@@]2(C)[C@H]([C@H]3[C@H]([C@@H](O)C2)[C@]2(C)C(=CC(=O)CC2)CC3)CC1,training,1.0
O=C(C)[C@@]1(O)C[C@H](O[C@@H]2O[C@@H](C)[C@@H](O)[C@@H](N)C2)c2c(O)c3C(=O)c4c(OC)cccc4C(=O)c3c(O)c2C1,training,1.0
O=C(CO)[C@@]1(O)C[C@H](O[C@@H]2O[C@@H](C)[C@H](O)[C@@H](N)C2)c2c(O)c3C(=O)c4c(OC)cccc4C(=O)c3c(O)c2C1,training,1.0
O=C(C)[C@@]1(O)C[C@H](O[C@@H]2O[C@@H](C)[C@@H](O)[C@@H](N)C2)c2c(O)c3C(=O)c4c(C(=O)c3c(O)c2C1)cccc4,training,1.0
O(C)[C@H]1[C@@H](O)[C@H](C)O[C@@H](O[C@H]2[C@@H](C)O[C@@H](O[C@H]3[C@@H](C)O[C@@H](O[C@H]4C[C@H]5[C@@](C)([C@@H]6[C@H]([C@@]7(O)[C@@](C)([C@H](O)C6)[C@H](C6=CC(=O)OC6)CC7)CC5)CC4)C[C@@H]3O)C[C@@H]2O)C1,training,1.0
O=C(O[C@@H]1C(C)=C2[C@@H](OC(=O)C)C(=O)[C@]3(C)[C@@H](O)C[C@H]4[C@](OC(=O)C)([C@H]3[C@H](OC(=O)c3ccccc3)[C@](O)(C2(C)C)C1)CO4)[C@H](O)[C@H](N=C(O)c1ccccc1)c1ccccc1,training,1.0
O([C@@H]1[C@@H](C)[C@H](O[C@@H]2O[C@@H](C)[C@H](O)[C@@](OC)(C)C2)[C@@H](C)C(=O)O[C@H](CC)[C@](O)(C)[C@H](O)[C@@H](C)C(=O)[C@H](C)C[C@]1(O)C)[C@@H]1[C@@H](O)[C@H](N(C)C)C[C@H](C)O1,training,1.0
O[C@H]1[C@]2(C)[C@H]([C@H]3[C@@H](c4c(cc(O)cc4)CC3)CC2)CC1,training,1.0
O([C@H]1[C@H](O)[C@@H](O)[C@@H]2O[C@H](C)OC[C@H]2O1)[C@H]1[C@@H]2[C@@H]([C@@H](c3cc(OC)c(O)c(OC)c3)c3c1cc1OCOc1c3)C(=O)OC2,training,1.0
O=C(O)C(C)(C)c1ccc([C@@H](O)CCCN2CCC(C(O)(c3ccccc3)c3ccccc3)CC2)cc1,training,1.0
Fc1c(N2CCNCC2)cc2N(CC)C=C(C(=O)O)C(=O)c2c1,training,1.0
O=C(CO)[C@]1(O)[C@]2(C)[C@H]([C@H]3[C@H]([C@@H](O)C2)[C@]2(C)C([C@@H](C)C3)=CC(=O)C=C2)CC1,training,1.0
O[C@@H](C[C@H](C(O)=N[C@@H]1[C@H](O)Cc2c1cccc2)Cc1ccccc1)CN1[C@H](C(O)=NC(C)(C)C)CN(Cc2cnccc2)CC1,training,1.0
O=C(O[C@@H]1[C@@H]2[C@@H](CC[C@@H](O)C[C@@H](O)CC(=O)O)[C@@H](C)C=CC2=C[C@H](O)C1)[C@H](CC)C,training,1.0
O=[N+]([O-])c1cc([C@H]2C(C(=O)OCC)=C(C)NC(C)=C2C(=O)OC)ccc1,training,1.0
O(C)c1cc2c([C@H](O)[C@@H]3N4C[C@H](C=C)[C@@H](C3)CC4)ccnc2cc1,training,1.0
O(C)c1c(OC)ccc([C@](C#N)(C(C)C)CCCN(CCc2cc(OC)c(OC)cc2)C)c1,training,1.0
S(CC1=C(C(=O)O)N2C(=O)[C@H](N=C(O)C3SC(=C(C(=O)O)C(=O)N)S3)[C@H]2SC1)c1n(C)nnn1,training,1.0
O=C(CCCN1CCC(OC(c2ccccc2)c2ccccc2)CC1)c1ccc(C(C)(C)C)cc1,training,1.0
C[n+]1ccc(-c2cc[n+](C)cc2)cc1,test,0.0
Clc1c(CN2C(=O)C=C3C(=N2)C=CC=C3)cccc1,test,0.0
O=C([C@@H](/C(=N\N=C(O)c1c(O)ccc2c1cccc2)/CCC(O)=Nc1c(C)ccc(C)c1)C)c1ccc(O)cc1,test,0.0
S(C[C@H](N)C(=O)O)C/C=C(/CC/C=C(/CCC=C(C)C)\C)\C,test,0.0
Oc1c(O)cc(/C=C/c2cc(O)c(CC=C(C)C)c(O)c2)cc1C/C=C(/CCC=C(C)C)\C,test,0.0
ClC(Cl)(Cl)[C@@H](N=CO)N1CCN([C@H](N=CO)C(Cl)(Cl)Cl)CC1,test,0.0
Clc1c(NC2=NCCN2)c(Cl)ccc1,test,0.0
O=C(C(C(=O)c1ccc(OC)cc1)c1n(C(=O)c2ccc(OC)cc2)c2c(c1C(=O)c1ccc(OC)cc1)cccc2)c1ccc(OC)cc1,test,0.0
O=C(O)[C@@H]1[C@@H](OC)[C@H](O)[C@H]2[C@@H]1C[C@H]1N(C2)CCc2c3c([nH]c12)cc(OC)cc3,test,0.0
ClC[C@H](SP(=S)(OCC)OCC)N1C(=O)c2c(C1=O)cccc2,test,0.0
O(C)c1c(OC)cc([C@H]2[C@H]3C(=O)OC[C@@H]3[C@H](NC)c3c2cc2OCOc2c3)cc1OC,test,0.0
O(C(c1ccccc1)c1ccccc1)CCN(C)C,test,0.0
S=C1N([C@@H]2[C@H](O)[C@H](O)[C@H](O)[C@H](CO)O2)C2=C(C=C1C#N)CCCCCC2,test,0.0
Clc1c(Cl)ccc(C=2C(=N)NC(=N)NC=2C)c1,test,0.0
Fc1c(F)c(F)c2C(=O)N(C3(C)C(=O)N(CC)C(=O)N=C3O)C(=O)c2c1F,test,0.0
Clc1c(-c2nc(n(-c3ccccc3)c2)-c2ccccc2)ccc(Cl)c1,test,0.0
FC(F)(F)c1[n+]([O-])c2c([n+]([O-])c1C(=O)c1ccccc1)cc(F)cc2,test,0.0
O(C)c1c(-c2c(/C=C\3/C(=O)N(C)c4c/3cc(OC)cc4)n3c(SC(C)=C3)n2)cc(OC)cc1,test,0.0
Fc1c(Cn2c(-c3c(F)cccc3F)nc3c2cc(OC)c(Cc2c(F)cccc2F)c3)c(F)ccc1,test,0.0
O=[N+]([O-])c1c(N=C2c3c(Nc4c2cccc4)cccc3)c([N+](=O)[O-])cc2nc(O)[nH]c12,test,0.0
c1(-c2c(-c3ccccc3)c3c([nH]2)cccc3)c(-c2ccccc2)c2c([nH]1)cccc2,test,0.0
N=C1NC(=N)c2c(N1)ccc(-c1[nH]c3c(c1)cccc3)c2,test,0.0
SC(=N)N1C(c2ccccc2)CC(c2ccc(OC)cc2)=N1,test,0.0
Brc1cc2C(=S)SC(S)=Nc2cc1,test,0.0
Brc1ccc(/C(/Nc2c(O)cccc2)=C/C(=O)C(Cl)(Cl)Cl)cc1,test,0.0
S(C(c1ccc(OC)cc1)(c1ccc(OC)cc1)c1ccc(OC)cc1)CCO,test,0.0
Clc1ccc(C=2C(CN3CCCC3)=Cc3n(c(SCC=C)nn3)N=2)cc1,test,0.0
C(Cc1sc2c(n1)cccc2)n1c(C)nc2c1cccc2,test,0.0
C(CCCCc1n2NC(c3ccccc3)=C(c3ccccc3)Sc2nn1)CCCc1n2NC(c3ccccc3)=C(c3ccccc3)Sc2nn1,test,0.0
O=C(Oc1cc(O)ccc1)C=Cc1ccccc1,test,0.0
O=C(O[C@H]1[C@@H](OC2C(c3ccccc3)(c3ccccc3)CCC2)O[N+]([O-])=C[C@]1(CC)c1cc2OCOc2cc1)C,test,0.0
[Si](OC=1C2(C(=O)N(C)c3c2cccc3)CCCCC=1)(C(C)C)(C(C)C)C(C)C,test,0.0
O=[N+]([O-])c1cc2C(=O)c3c(NCCN(C)C)ccc4C(=O)N(CCN(C)C)C(=O)N(c34)c2cc1,test,0.0
S(=O)(=O)(c1ccc(C)cc1)C1c2c(cccc2)C2=C1C(CC=C)NCC2,test,0.0
Clc1c(Oc2ccc(Cl)cc2)ccc(N2C(=O)CSC2c2cc(OCC)c(O)cc2)c1,test,0.0
O=C(O[C@@H]1[C@]2(C)[C@H]([C@H]3[C@@H]([C@]4(C)C(=C/C(=N/OCCN(C)C)/CC4)CC3)CC2)CC1)C,test,0.0
Clc1ccc(N2C=NN3C(=O)c4c(sc5c4CCCC5)N=C3C2)cc1,test,0.0
O(C)c1ccc(/C=C\2/C(=O)/C(=C/c3cc(CN4CCCCC4)c(O)cc3)/CCC/2)cc1,test,0.0
S(=O)(=O)(N=C1C(Nc2cc(C)ccc2)=Nc2c(N1)cccc2)c1ccc(N)cc1,test,0.0
S(/N=N/c1c(C(=O)N)nc[nH]1)CC(N)C(=O)O,test,0.0
OCC(N=C1N=C2N(C(C)C)C=NC2=C(NCc2ccccc2)N1)CC,test,0.0
Sc1ncnc2[nH]cnc12,test,0.0
OC(=N[C@@H](CC(C)C)B(O)O)CCc1ccccc1,test,0.0
O(CC)c1c(O)cc2/C(=N\O)/C[C@H]3[C@H]4[C@@](C)([C@@H](O)CC4)CC[C@@H]3c2c1,test,0.0
IC(=C(c1ccccc1)c1ccccc1)C=O,test,0.0
O=C1OC(O)C([C@H]2O[C@@]3(CO)C([C@]4(C)C(C(C)(C)CCC4)CC3)C2)=C1,test,0.0
Oc1c(N=Nc2cc3[nH]c(C)nc3cc2)c2c(cc1)cccc2,test,0.0
O=C(C(C(=O)C)=Cc1ccc(C=C(C(=O)C)C(=O)C)cc1)C,test,0.0
O=C1OCC23[C@]4(C)[C@@]5(OC5)[C@H](OC2C=C(C)CC3)CC4OC(=O)/C=C\C=C\C23C(O)C(O)OC2C2(OC12)CCO3,test,0.0
O=C(C(CN(C)C)=C)c1c(C)ccc(C)c1,test,0.0
Clc1cc2ncc3c([nH]c4c3cc(OC)c(CN(CC)CC)c4)c2cc1,test,0.0
ClCCN(CCCl)CCN1C(=O)C2(N=C1O)CCCCC2,test,0.0
Cl[C@@H]1CN[C@@H]([C@H]2C(O)=N[C@@H]([C@@H]3NC[C@@H](Cl)CC3)C(O)=N2)CC1,test,0.0
SC(N/N=C/c1ncc(O)cc1)=N,test,0.0
NCCCc1cc2c(oc3c2cccc3)cc1,test,0.0
Oc1cc2c(cc1)ccc(C)c2,test,0.0
O(CC(O)CO)CCCCCCCCCCCCCCCC,test,0.0
O/N=C\1/C(C(C)(C)CC(C)=C/1)C1C(O)C(C)(C)CC(C)=C1,test,0.0
Clc1ccc(-c2nc3c(c(C(O)C4NCCCC4)c2)cccc3)cc1,test,0.0
Brc1cc(C(=O)c2c(O)ccc(Br)c2)c(O)cc1,test,0.0
O=C(/C=C/c1cc(OC)c(OCCCCOc2c(OC)cc3C(=O)N4[C@H](C=Nc3c2)CCC4)cc1)c1c(C)nc2c(c1C)cccc2,test,1.0
O(CCCCOc1c(OC)cc(C2=NOC(c3cc(OC)c(OC)c(OC)c3)C2)cc1)c1c(OC)cc2C(=O)N3[C@H](C=Nc2c1)CCC3,test,1.0
FC1(F)CN2C(=O)c3c(N=C[C@@H]2C1)cc(OCCCOc1c(OC)cc2C(=O)N4[C@H](C=Nc2c1)CC(F)(F)C4)c(OC)c3,test,1.0
O(CCCN1CCN(CCCOc2c(OC)cc3C(=O)C4[C@H](C=Nc3c2)CCC4)CC1)c1c(OC)cc2C(=O)C3[C@H](C=Nc2c1)CCC3,test,1.0
O(Cc1ccccc1)c1c(OC)cc2C(=O)N3[C@H](C=Nc2c1)C/C(=C/C(O)=NCCCN1C(=O)c2c4c(ccc2)cccc4C1=O)/C3,test,1.0
O=C1c2c(NCCN(C)C)ccc(C(O)=NCCCN(CCCN=C(O)c3c4Nc5c(C(=O)c4c(NCCN(C)C)cc3)cccc5)C)c2Nc2c1cccc2,test,1.0
[O+](C)=C1C=C2C(=C3N(C)c4c(N3C(CCCC)C2)ccc(OC)c4)C=C1,test,1.0
O(C)c1c2c(-n3[n+](C)c(-c4ccccc4)cc3C2)ccc1,test,1.0
O(C)c1c2c(C=C3C=CC(=[N+](C)C)C=C3)c3n(N(C)C(c4ccccc4)=C3)c2ccc1,test,1.0
c1(-c2ccc(C3=NC4C(N3)CCCC4)cc2)oc(-c2ccc(C3=NC4C(N3)CCCC4)cc2)cc1,test,1.0
O(CCO)C=1C=2C(=C(C)c3n(C)c4c(c3C=1)cccc4)C=CC=2,test,1.0
ClCC1c2c3c(c(O)cc2N(C(OC(C)(C)C)=O)C1)cc(N=C(O)CCCCC(=O)N1c2c(C(CCl)C1)c1c(c(O)c2)cc(N=C(O)C)cc1)cc3,test,1.0
N(CCCNc1nnc(C)c2[nH]c3c(c12)cccc3)(CC)CC,test,1.0
O(C)c1cc2-c3nn(CCN(C)C)c4c3c(c(C(O)=NCCCN(CCCN=C(O)c3c5Nc6c(-c7nn(CCN(C)C)c(c57)cc3)cc(OC)cc6)C)cc4)Nc2cc1,test,1.0
O(C(O)=N)[C@H]\1[C@H](OC)/C=C\C=C(/C)\C(O)=NC=2C(=O)C(=C(NCCN(C)C)C(=O)C=2)C[C@@H](C)C[C@@H](OC)[C@@H](O)[C@H](C)/C=C/1\C,test,1.0
N=C1NN=C2c3c(N4c5c(N(C)C4=C12)cccc5)cccc3,test,1.0
OC(=NCCCCCCNCCN)c1c2nc3c(cc2ccc1)cccc3,test,1.0
[Se]=P(c1ccc(C(=P(c2ccccc2)(c2ccccc2)c2ccccc2)c2ccccc2)cc1)(c1ccccc1)c1ccccc1,test,1.0
[P+](c1ccccc1)(c1ccccc1)(c1ccccc1)C1C(c2ccccc2)C(=P(c2ccccc2)(c2ccccc2)c2ccccc2)P=P1,test,1.0
ClCCN(CC)c1cc(NC(=O)c2ccc(C(=O)Nc3cc(N(CCCl)CC)cc(CN(C)C)c3)cc2)cc(CN(C)C)c1,test,1.0
O=P1(Cc2ccccc2)c2c(-c3c1cccc3)cccc2,test,1.0
O=C(OC)C1=C(CCCO)NC(=N)NC1CCCCCCCCCCC,test,1.0
O=C(OC1[C@@](O)(C(=O)OC)C2N(C)c3c(cc(c(OC)c3)[C@]3(C(=O)OC)c4[nH]c5c(c4CCN4CC(C6C(C4)CCCC6)C3)cccc5)C32[C@@H]2[C@@]1(CC)C=CCN2CC3)C,test,1.0
ClCCN(CCCl)c1ccc(C=CC=2N(CC)C3C(=CC=2)CC(=[N+]C(=O)C=Cc2ccccc2)C=C3)cc1,test,1.0
O=C/1/C(=C/C=C/c2ccccc2)/C[N+](C)(C)C\C\1=C/C=C/c1ccccc1,test,1.0
O([C@@H](C(=O)OC1C(C)=C2[C@@H](OC(=O)C)C(=O)[C@]3(C)[C@@H](O)CC4C(OC(=O)C)(C3C(OC(=O)c3ccccc3)[C@@](O)(C2(C)C)C1)CO4)C(N=C(O)c1ccccc1)c1ccccc1)C(=O)CCC(=O)O,test,1.0
S(C[N+](Cc1c(OC)cc2c(-c3c(cccc3)CC2)c1)(C)C)c1ccccc1,test,1.0
O(Cc1ccccc1)c1c(OC)cc2c3[n+](C)cc4c(c3cc(OCc3ccccc3)c2c1)cc(OC)c(OC)c4,test,1.0
O=C/1O[C@H]2[C@@]3(C)[C@]4(OC4)[C@H](O[C@H]4[C@@]3(C[C@H](O)C(C)=C4)COC(=O)CC(C)C(O)COC(C(O)C)/C=C/C=C\1)C2,test,1.0
[P+](c1ccccc1)(c1ccccc1)(c1ccccc1)C1=NNC(C)(C)C1,test,1.0
[S+](c1ccc(C)cc1)(c1ccc(C)cc1)c1ccc(C)cc1,test,1.0
O=C(OCC(=O)[C@@]1(O)C[C@H](OC2OC(C)C(O)C(N)C2)c2c(O)c3C(=O)c4c(OC)cccc4C(=O)c3c(O)c2C1)CCCCCCC,test,1.0
Clc1c(S(F)(=O)=O)cc(CCCCc2cc(N3C(=N)NC(=N)NC3(C)C)ccc2)cc1,test,1.0
Cc1c2c3c(cc(C)cc3)ccc2c[n+]2c1cccc2,test,1.0
O=C(C)[C@@]1(O)C[C@H](OC2OC(C)C(O)C(N)C2)c2c(O)c3C(=O)c4c(OC)cccc4C(=O)c3c(O)c2C1,test,1.0
O=C1[C@H](C)[C@@H]2O[C@H](C[C@H](C)OC(=O)[C@@H](C)[C@H]3O[C@@H](C[C@@H](C)OC(=O)[C@H](C)[C@@H]4O[C@H](C[C@H](C)OC(=O)[C@@H](C)[C@H]5O[C@@H](C[C@@H](C)O1)CC5)CC4)CC3)CC2,test,1.0
Nc1c(C)cc2nc3c([n+](-c4ccccc4)c2c1)cc(N)c(C)c3,test,1.0
N(C)(C)c1ccc(C=CC2=[N+](C)c3c(C2(C)C)cccc3)cc1,test,1.0
N=C1C=CC(=C(c2cc(C)c(N)cc2)c2ccc(N)cc2)C=C1,test,1.0
N=C1C=CC(=C(c2ccc(N)cc2)c2ccc(N)cc2)C=C1,test,1.0
O(C)c1cc2C(=NCCCCCCCCCN=C3c4c(NC(C)=C3)ccc(OC)c4)C=C(C)Nc2cc1,test,1.0
Clc1c(N)nc(N)c(C(O)=NC(=N)N)n1,test,1.0
O([C@@H]1[C@@H](C)[C@H](O[C@H]2O[C@@H](C)[C@H](O)[C@](OC)(C)C2)[C@@H](C)C(=O)O[C@H](CC)[C@](O)(C)[C@H](O)[C@@H](C)C(=O)[C@H](C)C[C@]1(OC)C)[C@@H]1[C@H](O)[C@H](N(C)C)C[C@H](C)O1,test,1.0
O(C)c1c(OC)c2c(cc1OC)CC[C@H](N=C(O)C)C=1C2=CC=C(OC)C(=O)C=1,test,1.0
ClCC/C(=C(\c1ccc(OCCN(C)C)cc1)/c1ccccc1)/c1ccccc1,test,1.0
O=C(N([C@@H]([C@H](OC)CC(=O)N1[C@H]([C@@H](OC)[C@H](C(O)=N[C@H](Cc2ccccc2)c2sccn2)C)CCC1)[C@@H](CC)C)C)[C@H](N=C(O)[C@@H](N(C)C)C(C)C)C(C)C,test,1.0
Clc1ccc([C@H](N2CCN(CCOCC(=O)O)CC2)c2ccccc2)cc1,test,1.0
O(C)[C@@H]1[C@H](NC)C[C@H]2O[C@@]1(C)n1c3c4n2c2c(c4c4C(O)=NCc4c3c3c1cccc3)cccc2,test,1.0
O=C(CO)[C@]1(O)[C@]2(C)[C@H]([C@H]3[C@H]([C@@H](O)C2)[C@]2(C)C(=CC(=O)CC2)CC3)CC1,test,1.0
O=C(OC)[C@@H]1[C@@H](OC)[C@H](O)C[C@H]2[C@H]1C[C@H]1N(C2)CCc2c3c([nH]c12)cc(OC)cc3,test,1.0
O[C@H]([C@H](N)CO)CCCCCCCCCCCCCCC,test,1.0
Clc1c(CO)n(Cc2ccc(-c3c(-c4n[nH]nn4)cccc3)cc2)c(CCCC)n1,test,1.0
O=C(OCOC(=O)C)CN(CC(=O)OCOC(=O)C)Cc1c(OC(=O)C)ccc2C3(OC(=O)c4c3cccc4)c3c(c(CN(CC(=O)OCOC(=O)C)CC(=O)OCOC(=O)C)c(OC(=O)C)cc3)Oc12,test,1.0
FC(F)(F)c1cc2N(CCCN(C)C)c3c(Sc2cc1)cccc3,test,1.0
FCCN1c2c(F)c(N3CCN(C)CC3)c(F)cc2C(=O)C(C(=O)O)=C1,test,1.0
Fc1c(N2CCNCC2)cc2N(C3CC3)C=C(C(=O)O)C(=O)c2c1,test,1.0
O(C)c1cc2c([C@@H](O)[C@H]3N4C[C@H](C=C)[C@@H](C3)CC4)ccnc2cc1,test,1.0
FC(F)(F)c1cc2/C(=C/CCN3CCN(CCO)CC3)/c3c(Sc2cc1)cccc3,test,1.0
O=C(CO)[C@@]1(O)[C@]2(C)[C@@H]([C@@H]3[C@@H]([C@]4(C)C(=CC(=O)CC4)CC3)CC2)CC1,val,0.0
S(=O)(=O)(O)c1c(N=Nc2c(C)cc(-c3cc(C)c(N=Nc4c(O)c5c(N)cc(S(=O)(=O)O)cc5cc4S(=O)(=O)O)cc3)cc2)c(O)c2c(N)cc(S(=O)(=O)O)cc2c1,val,0.0
ClC(Cl)(Cl)C(c1ccc(OC)cc1)c1ccc(OC)cc1,val,0.0
ClCCN(CCCl)c1ccc(CCCC(=O)O)cc1,val,0.0
O([C@@H]([C@H](OC(=O)C[C@@H](C(=O)O)CC(=O)O)C[C@@H](C[C@@H](O)CCCC[C@@H](O)C[C@H](O)[C@@H](N)C)C)[C@H](CCCC)C)C(=O)C[C@@H](C(=O)O)CC(=O)O,val,0.0
O=C(OCC)C1(c2ccccc2)CCN(C)CC1,val,0.0
Fc1ccc([C@H]2[C@H](COc3cc4OCOc4cc3)CNCC2)cc1,val,0.0
O=C(C)[C@@H]1[C@@]2(C)[C@H]([C@H]3[C@@H]([C@]4(C)C(=CC(=O)CC4)CC3)CC2)CC1,val,0.0
OC(=N[C@@H]1[C@@H](O)[C@@H](O)[C@@H](Nc2ncnc3[nH]cnc23)O[C@@H]1C)CN=C(O)CCCCCCCCCCCCC(C)C,val,0.0
S=C1N([C@H]2[C@@H](O)[C@@H](O)[C@@H](O)[C@H](CO)O2)C(C)=CC(c2occc2)=C1C#N,val,0.0
Clc1c(C(=O)OC(C)C)cc(N=C(O)C2=C(C)OCCS2)cc1,val,0.0
S(=O)(=O)(C(/C=N/OC(O)=NC)(C)C)C,val,0.0
O=C(O)[C@@H]1[C@@H](OC)[C@H](O)C[C@H]2[C@@H]1C[C@H]1N(C2)CCc2c3c([nH]c12)cc(OC)cc3,val,0.0
S=C1N([C@H]2[C@@H](OC(=O)C)[C@@H](OC(=O)C)[C@@H](OC(=O)C)[C@H](COC(=O)C)O2)C2=C(C=C1C#N)CCCC2,val,0.0
FC1(F)[C@H](O)[C@@H](CO)O[C@H]1N1C(O)=NC(=N)C=C1,val,0.0
O=C1N([C@@H]2O[C@H](CO)[C@@H](N=[N+]=[N-])C2)C=C(C)C(O)=N1,val,0.0
SC=1N([C@@H]2[C@H](OC(=O)C)[C@H](OC(=O)C)[C@H](OC(=O)C)[C@H](COC(=O)C)O2)C(c2ccccc2)=C(C(=O)C)[C@H](c2ccc(OC)cc2)C=1C#N,val,0.0
S=C1N([C@@H]2[C@H](OC(=O)C)[C@H](OC(=O)C)[C@H](OC(=O)C)[C@H](COC(=O)C)O2)C2=C(C(c3ccc(OC)cc3)=C1C#N)C(=O)CC(C)(C)C2,val,0.0
O=C(OCC)c1c(C)nc(N=C(O)COc2cc(/C=C\3/C(=O)c4c(cc(OC)cc4)CC/3)ccc2)s1,val,0.0
Clc1ccc(Nc2nc(Nc3ccc(Cl)cc3)nc(Nc3ccc(-c4noc(-c5ccc(N(C)C)cc5)c4)cc3)n2)cc1,val,0.0
Ic1cc(CN(CCCN2CCN(C)CC2)C)c(O)c(C)c1,val,0.0
O(C)c1cc2C(=O)C=3c4c(C(=O)N(CCCn5cncc5)C=3c2cc1)cccc4,val,0.0
S(C)c1ccc(C2=NN(C(=O)c3ccc(N)cc3)C(c3ccc(F)cc3)C2)cc1,val,0.0
O=C(OC)C=1C(C(C(=O)OC)=CNC=1)C=1C(=O)C=C(C)C(=O)C=1,val,0.0
Fc1cc2nc(-c3cc(C#N)c(N)cc3)sc2cc1,val,0.0
N(=C/c1sccc1)\c1ccc(-c2sc3c(n2)cccc3)cc1,val,0.0
Clc1ccc(C2(CC(SCCC(=O)O)c3ccccc3)SCCC(O)=N2)cc1,val,0.0
O=C(OCC1(CO)OC(=O)/C(=C\CC(C(C)C)C(C)C)/C1)CC(C(C)C)C(C)C,val,0.0
S(C/C=C/C)C=1N(CC=C)C(=O)/C(=C/c2sccc2)/N=1,val,0.0
O=C1C=CC(O)(CC)C=C1,val,0.0
O(C)c1c(O)c2c(C(c3c4c(ccc3)cccc4)N3C(=O)CCC3C2)cc1OC,val,0.0
O=C(OCC)/C=C(/C=C\COC1OCCCC1)\c1ccccc1,val,0.0
P(=O)(OCC1C(O)C(O)C(N2C(O)=NC(=NCCCCCCCCCCCCCCCCCC)C=C2)O1)(OCC1C(N=[N+]=[N-])CC(N2C(=O)N=C(O)C(C)=C2)O1)O,val,0.0
S(CCC(=O)OC)C=1c2nccc3c2c(C(=O)C=1)nc1c3cccc1,val,0.0
N#CC(C#N)=C1C(C#N)=C(/C=C/c2ccncc2)C(C)(C)O1,val,0.0
O(C)c1cc2c(OC(=N)C(C(O)=NCc3ccccc3)=C2)cc1,val,0.0
SC(=N)C=1C(=N)Oc2c(cc(OC)cc2)C=1,val,0.0
N#CC1=C(N)N(c2ccccc2)C(c2occc2)C1(C#N)C#N,val,0.0
O=C(OC(C)C)c1ccc(NCC=2C(=O)C=CC(=O)C=2)cc1,val,0.0
O=[N+]([O-])c1c2c(c(C=NNC(O)=Nc3ccccc3)ccc2)ccc1,val,0.0
O(C)c1ccc(C=2N=C(C)c3n(c4c(n3)cccc4)C=2)cc1,val,0.0
Clc1c(C(=O)Nc2ccc(Cl)cc2)cc(S(=O)(=O)NC2=NC(=Nc3cc4c(cc3)cccc4)NN2)c(SSc2c(S(=O)(=O)NC3=NC(=Nc4cc5c(cc4)cccc5)NN3)cc(C(=O)Nc3ccc(Cl)cc3)c(Cl)c2)c1,val,0.0
S(C#N)C#CCCC#CSC#N,val,0.0
Clc1c(Cl)ccc(/C=C/C(=N/N=C(O)N/N=C(\C(CN2CCCCC2)(C)C)/C=C/c2cc(Cl)c(Cl)cc2)/C(CN2CCCCC2)(C)C)c1,val,0.0
O=[N+]([O-])c1cc2C(=O)c3c(NCCCN(C)C)ccc4nnn(c34)-c2cc1,val,0.0
ClC=1C(=O)N(C(=O)C(=O)N)N=CC=1Cl,val,0.0
ClC1=C(c2ccc(F)cc2)C(Cl)c2c1cc(OC)c(OC)c2,val,0.0
ClC1=C(C(C(O)=Nc2c(CC)cccc2)C#N)C(=O)c2c(C1=O)cccc2,val,0.0
O=[N+]([O-])c1cc(C=2N(O)C(=O)c3c(N=2)cccc3)ccc1,val,0.0
OCC(CCc1c2c([nH]c1)cccc2)c1c2c([nH]c1)cccc2,val,0.0
O=C1C(C)=CC(=O)c2c(O)cccc12,val,0.0
SC(=Nc1cnccc1)NN=Cc1ncc(O)cc1,val,0.0
S(C(=N)N)CCN1CCCCC1,val,0.0
Clc1c2NC(=O)C(=NNc3c([N+](=O)[O-])cccc3)c2ccc1,val,0.0
O=[N+]([O-])c1cc2c3c(C(=O)N(O)C(=O)c3ccc2)c1,val,0.0
C(C)C,val,0.0
ClCC(=O)c1oc([N+](=O)[O-])cc1,val,0.0
FC(F)(F)C=1C(O)=NC(=O)N(C2OC(CO)C(O)C2)C=1,val,0.0
O=C1C(C(O)=N)=C(c2ccccc2)c2c1cccc2,val,0.0
O=C(/C=C/c1ccccc1)c1c(OC)cc(OC)cc1O,val,0.0
SC1=NC(=N)Nc2[nH]cnc12,val,0.0
O=C(/C=C/c1cc(OC)c(OCCCOc2c(OC)cc3C(=O)N4[C@H](C=Nc3c2)CCC4)cc1)c1c(O)cccc1,val,1.0
O(CCCN1CCN(c2ncnc3c2cccc3)CC1)c1c(OC)cc2C(=O)N3C(C=Nc2c1)CCC3,val,1.0
Oc1c(O)cc(NC(CCCN)C)c2nc(C)ccc12,val,1.0
O=C(c1c2c(n3c1NCC3)c1c(c(O)c2)cccc1)c1ccccc1,val,1.0
O(CCCCCN1CCN(C=2c3c(OC(=O)C=2)cccc3)CC1)c1c(OC)cc2C(=O)N3[C@H](C=Nc2c1)CCC3,val,1.0
N(Cc1c(C)cccn1)C1CC(NCc2c(C)cccn2)CC(NCc2c(C)cccn2)C1,val,1.0
ClC=1Sc2n(c(C(NC(=N)N)=N)c(-c3c(OC)cc([N+](=O)[O-])c(OC)c3)n2)C=1,val,1.0
N(=C(N)c1ccc(N2CCN(c3ccc(C(=NCCCC)N)cc3)CC2)cc1)CCCC,val,1.0
O(CCCOc1c(OC)cc2C(=O)N3[C@H](CNc2c1)CCC3)c1c(OC)cc2C(=O)N3[C@H](C=Nc2c1)CCC3,val,1.0
O(CCCCN1CCN(CCCCOc2c(OC)cc3C(=O)N4[C@H](C=Nc3c2)CCC4)CC1)c1c(OC)cc2C(=O)N3[C@H](C=Nc2c1)CCC3,val,1.0
O=[N+]([O-])c1cc2c(C=C3C=CC(=[N+](C)C)C=C3)c3n(N(C)C(c4ccccc4)=C3)c2cc1,val,1.0
O=[N+]([O-])c1c(/C=N/NC(=N)N)nc2SCCn12,val,1.0
[N+](C)(C)=C1C=CC(=Cc2c3c(n4N(C)C(C)=Cc24)cccc3)C=C1,val,1.0
S(C)c1c(P(CCP(c2c(SC)cccc2)c2c(SC)cccc2)c2c(SC)cccc2)cccc1,val,1.0
O=[N+]([O-])c1c2Nc3c(cc(O)cc3)C3=NC(=O)N(CCN(C)C)c(c23)cc1,val,1.0
Clc1ccc(C=2N(C)n3c4c(c(C=C5C=CC(=[N+](C)C)C=C5)c3C=2)cccc4)cc1,val,1.0
O=C(O[C@H]1C(=O)O[C@H]2[C@]34[C@@H]1[C@@H](C)[C@@H](O)[C@](O)(OC3)[C@@H]4[C@@]1(C)[C@H](O)C(=O)C=C(C)[C@@H]1C2)C(CO)(C)C,val,1.0
[O+]=C1C2=C[C-]([n+]3c(-c4ccccc4)cc(-c4ccccc4)cc3-c3ccccc3)C=C1CO[C@H]([C@H](c1ccccc1)OCCOCCO[C@H]([C@H](c1ccccc1)OC2)c1ccccc1)c1ccccc1,val,1.0
OC(=NCCNCCNCCN=C(O)c1c2c(nc(-c3ccccc3)c1)cccc2)c1c2c(nc(-c3ccccc3)c1)cccc2,val,1.0
FC(F)(F)c1cc(C(=O)O[C@@H]2[C@@]3(O)C(C)(C)C([C@@H](OC(=O)C)C(=O)[C@]4(C)[C@@H](O)C[C@@H]5[C@](OC(=O)C)([C@@H]24)CO5)=C(C)[C@@H](OC(=O)[C@H](O)[C@@H](N=C(O)c2ccccc2)c2ccccc2)C3)ccc1,val,1.0
O=C(O[C@@H]1C(C)=C2[C@@H](OC(=O)C)C(=O)[C@]3(C)[C@@H](O)C[C@@H]4[C@](OC(=O)C)([C@H]3[C@H](OC(=O)c3ccccc3)[C@@](O)(C2(C)C)C1)CO4)[C@H](O)[C@@H](N=C(O)CCCCCCCCC)c1occc1,val,1.0
FC(F)(F)c1cc2NC(=N)n3c4c(nc3Sc2cc1)cccc4,val,1.0
O=[N+]([O-])c1c2C(=NCCC[N+]3([O-])CCOCC3)c3c(Nc2ccc1)cccc3,val,1.0
O=C(OC1C(C)=C2[C@@H](OC(=O)C)C(=O)[C@]3(C)[C@@H](O)C[C@@H]4[C@](OC(=O)C)([C@H]3[C@H](OC(=O)c3ccccc3)[C@@](O)(C2(C)C)C1)CO4)[C@H](O)[C@@H](N=C(O)c1ccccc1)c1cc2c(cc1)cccc2,val,1.0
S(C)C=1C(=O)C=C2C(N=C(O)C)CCc3c(c(OC)c(OC)c(OC(=O)CCC)c3)C2=CC=1,val,1.0
CN1C=C2C(C)=C3c4c([S+]=C3C(C)=C2C=C1)cccc4,val,1.0
O(C)c1cc2C(=NCCCN3CCN(CCCN=C4c5c(NC=C4)ccc(OC)c5)CC3)C=CNc2cc1,val,1.0
O(C)C1=C(C)C(=O)C2=C(C1=O)C(CN=C(O)C(O)C)N1C(C#N)C3N(C)C(C=4C(=O)C(OC)=C(C)C(=O)C=4C3)C1C2,val,1.0
S=C=N/C(/C(=O)OC1C(OC2OC(C)C(O)([C@H](OC(=O)[C@H](CC)C)C)C(OC)C2)C(O)C([C@@]2(O)C(=O)C(C(=O)O)=C(N)C(=O)C2)OC1COC(=O)C)=C\C,val,1.0
O(CC)c1cc2C(=N)c3c(Nc2cc1)cc(N=NC1=C(N)NC(=N)C=C1)cc3,val,1.0
N(NC(=N)NC)=C(C)c1cc2c(-c3c(cc(C(=NNC(=N)NC)C)cc3)C2)cc1,val,1.0
O=C(OC1C(=O)OC2C34C1C(C(=O)OC)(C(O)C(O)C3C1(C)C(O)C(=O)C=C(C)C1C2)OC4)CC(C)C,val,1.0
O=C(OC1C(=O)O[C@H]2[C@@]34[C@H]([C@@H](O)[C@H](O)[C@](C(=O)OC)(OC3)[C@H]14)[C@@]1(C)[C@H](O)C(=O)C=C(C)[C@@H]1C2)C,val,1.0
C(C=Cc1[n+](CC)c2c(s1)cccc2)=CC=C1N(CC)c2c(S1)cccc2,val,1.0
O=C(O[C@H]1C(=O)O[C@H]2[C@]34[C@@H]1[C@@H](C)[C@@H](O)[C@@](O)(OC3)[C@@H]4[C@@]1(C)[C@H](O)C(=O)C=C(C)[C@@H]1C2)C,val,1.0
N=C(NCCc1ccccc1)Nc1nc(C)cc(C)n1,val,1.0
[N+](C(CCCCCCCCCCC)c1ccccc1)(C)(C)C,val,1.0
C(=CC1=[N+](C)c2c(C1(C)C)cccc2)C=C1N(C)c2c(C1(C)C)cccc2,val,1.0
S(SC(=S)N(CC)CC)C(=S)N(CC)CC,val,1.0
O(CCO)c1ccc(C(CC(C)(C)C)(C)C)cc1,val,1.0
O=C(O[C@H]1C(C)=C2[C@@H](O)C(=O)[C@]3(C)[C@@H](O)C[C@@H]4[C@@](OC(=O)C)([C@H]3[C@H](OC(=O)c3ccccc3)[C@@](O)(C2(C)C)C1)CO4)[C@H](O)[C@@H](N=C(OC(C)(C)C)O)c1ccccc1,val,1.0
Fc1c(N2C[C@@H](C)N[C@@H](C)C2)c(F)c2N(C3CC3)C=C(C(=O)O)C(=O)c2c1N,val,1.0
O([C@H](CC1=C(OC)C(=O)c2c(O)cc(OC)c3c4c(OC)cc(O)c5C(=O)C(OC)=C(C[C@@H](OC(=O)c6ccccc6)C)c(c45)c1c23)C)C(=O)Oc1ccc(O)cc1,val,1.0
S(C)c1cc2N(CC[C@@H]3N(C)CCCC3)c3c(Sc2cc1)cccc3,val,1.0
O[C@@H]1[C@H](O)C[C@@H]2[C@]1(C)CC[C@H]1[C@H]2CCc2c1ccc(O)c2,val,1.0
O(C)c1c(OC)cc([C@H]2[C@H]3C(=O)OC[C@@H]3[C@@H](N=C(O)C)c3c2cc2OCOc2c3)cc1OC,val,1.0
F[C@]12[C@@H](O)C[C@]3(C)[C@@](O)(C(=O)CO)[C@H](C)C[C@H]3[C@@H]1CCC=1[C@]2(C)C=CC(=O)C=1,val,1.0
O[C@@H](CN[C@H](CCc1ccccc1)C)c1cc(C(O)=N)c(O)cc1,val,1.0
O=C([C@@H](N=C(O)[C@@H](N=C(O)[C@@H](N=C(O)[C@@H](N)CC(C)C)CCCN)C(C)C)CCCN)N1[C@H](C(O)=N[C@@H](C=O)Cc2ccccc2)CCC1,val,1.0
Fc1c(C)c2C(=O)C(C(=O)O)=CN(C3CC3)c2cc1N1C[C@@H](C)NCC1,val,1.0
O=C(O[C@@H]1[C@@H](C)O[C@H](O[C@H]2[C@H](C)O[C@H](O[C@@H]3[C@H](C)O[C@@H](O[C@@H]4C[C@@H]5[C@@](C)([C@H]6[C@H]([C@]7(O)[C@@](C)([C@@H](O)C6)[C@H](C6=CC(=O)OC6)CC7)CC5)CC4)C[C@@H]3O)C[C@@H]2O)C[C@H]1O)C,val,1.0
O=C(O[C@@H]1[C@@H]2[C@@H](CC[C@H]3OC(=O)C[C@H](O)C3)[C@@H](C)C=CC2=C[C@H](C)C1)[C@H](CC)C,val,1.0
O=C1[C@@H](Cn2c(C)ncc2)CCc2n(C)c3c(c12)cccc3,val,1.0
Fc1ccc(C(=O)CCCN2CCC3(N(c4ccccc4)CN=C3O)CC2)cc1,val,1.0
O=C(C)c1c(OC[C@H](O)CNC(C)(C)C)ccc(N=C(O)N(CC)CC)c1,val,1.0
O=C(OC)[C@@H]1[C@@H](OC)[C@H](OC(=O)c2cc(OC)c(OC)c(OC)c2)C[C@H]2[C@H]1C[C@H]1N(C2)CCc2c3c([nH]c12)cc(OC)cc3,val,1.0
O(C[C@@H](O)CNC(C)C)c1ccc(CCN=C(O)NC(C)C)cc1,val,1.0
