,value,smiles,cano_smiles
0,-3.7058823529411766,CC1=CC=C(O1)C(C(=O)NCC2=CC=CO2)N(C3=CC=C(C=C3)OC)C(=O)CN4C5=CC=CC=C5N=N4,COc1ccc(N(C(=O)Cn2nnc3ccccc32)C(C(=O)NCc2ccco2)c2ccc(C)o2)cc1
1,-5.0,CC1=CC=C(C=C1)S(=O)(=O)N2CCN(CC2)S(=O)(=O)C3=CC4=C(C=C3)OCCO4,Cc1ccc(S(=O)(=O)N2CCN(S(=O)(=O)c3ccc4c(c3)OCCO4)CC2)cc1
2,1.5882352941176467,CC1=CC2=C(C=C1)NC(=O)C(=C2)CN(CCC3=CC=CC=C3)CC4=NN=NN4CC5CCCO5,Cc1ccc2[nH]c(=O)c(CN(CCc3ccccc3)Cc3nnnn3CC3CCCO3)cc2c1
3,-3.1176470588235294,CC1=CC=C(C=C1)CN(C(C2=CC=CS2)C(=O)NCC3=CC=CO3)C(=O)CN4C5=CC=CC=C5N=N4,Cc1ccc(CN(C(=O)Cn2nnc3ccccc32)C(C(=O)NCc2ccco2)c2cccs2)cc1
4,-4.411764705882353,CCN1C2=NC(=O)N(C(=O)C2=NC(=N1)C3=CC=CC=C3)C,CCn1nc(-c2ccccc2)nc2c(=O)n(C)c(=O)nc1-2
5,-5.0,C1=CC=C(C(=C1)C2=NN(N=N2)CC(=O)NCC3=CC=CO3)NC(=O)C4=CC=CC=C4F,O=C(Cn1nnc(-c2ccccc2NC(=O)c2ccccc2F)n1)NCc1ccco1
6,-3.8235294117647056,CC1=CC=C(O1)C(C(=O)NCC2=CC=CO2)N(C3=CC=CC=C3OC)C(=O)CN4C5=CC=CC=C5N=N4 ,COc1ccccc1N(C(=O)Cn1nnc2ccccc21)C(C(=O)NCc1ccco1)c1ccc(C)o1
7,-2.176470588235294,COCCNC(=O)C(C1=CC(=CC=C1)OC)N(CC2=CC=CS2)C(=O)CN3C4=CC=CC=C4N=N3  ,COCCNC(=O)C(c1cccc(OC)c1)N(Cc1cccs1)C(=O)Cn1nnc2ccccc21
8,-1.3529411764705883,CC(=O)NC1=C(C2=NON=C2C(=C1)OC(=O)C)OC(=O)C,CC(=O)Nc1cc(OC(C)=O)c2nonc2c1OC(C)=O
9,-4.647058823529412,C1CC2=C(C1)C=C(C=C2)N(C(C3=CC=CO3)C(=O)NCC4=CC=CO4)C(=O)CN5C6=CC=CC=C6N=N5,O=C(NCc1ccco1)C(c1ccco1)N(C(=O)Cn1nnc2ccccc21)c1ccc2c(c1)CCC2
10,-5.0,C1COCCN1C(=O)OC2=CC3=C(C=CC=C3OC(=O)N4CCOCC4)C=C2,O=C(Oc1ccc2cccc(OC(=O)N3CCOCC3)c2c1)N1CCOCC1
11,-5.0,CC(C)NC(=O)CN1CCN(CC1)C2=NC=CC=N2.C(=O)(C(=O)O)O,CC(C)NC(=O)CN1CCN(c2ncccn2)CC1.O=C(O)C(=O)O
12,-3.4705882352941178,COCCNC(=O)C(C1=CC=CC=C1)N(CC2=CC=CS2)C(=O)CN3C4=CC=CC=C4N=N3,COCCNC(=O)C(c1ccccc1)N(Cc1cccs1)C(=O)Cn1nnc2ccccc21
13,-5.0,CC1=CC=C(C=C1)C(=O)CSC2=NN=C(N2CC3=CC=CO3)CNC4=C(C=C(C=C4)C)C,Cc1ccc(C(=O)CSc2nnc(CNc3ccc(C)cc3C)n2Cc2ccco2)cc1
14,-3.8235294117647056,C1=CC=C(C=C1)CN(C(C2=CC=CS2)C(=O)NCC3=CC=CO3)C(=O)CN4C5=CC=CC=C5N=N4,O=C(NCc1ccco1)C(c1cccs1)N(Cc1ccccc1)C(=O)Cn1nnc2ccccc21
15,-3.0,C1=CC=C(C=C1)CCN(C(C2=CC=CO2)C(=O)NCC3=CC=CO3)C(=O)CN4C5=CC=CC=C5N=N4 ,O=C(NCc1ccco1)C(c1ccco1)N(CCc1ccccc1)C(=O)Cn1nnc2ccccc21
16,-3.5882352941176467,C1CN(CC2=C1NC3=C2C=C(C=C3)Br)C(=O)CN4CCSCC4,O=C(CN1CCSCC1)N1CCc2[nH]c3ccc(Br)cc3c2C1
17,-3.235294117647059,C1=CC(=CN=C1)OC(=O)C2=CC=C(C=C2)Cl.Cl,Cl.O=C(Oc1cccnc1)c1ccc(Cl)cc1
18,-4.764705882352941,CC1=CC(=CC=C1)N2C(C(C(=C2N)C#N)(C#N)C#N)C3=CC=CC=C3,Cc1cccc(N2C(N)=C(C#N)C(C#N)(C#N)C2c2ccccc2)c1
19,-5.0,CCC1=C(C(=CC=C1)CC)N(COC)C(=O)CN2C3=CC=CC=C3N=N2,CCc1cccc(CC)c1N(COC)C(=O)Cn1nnc2ccccc21
20,-4.764705882352941,CC1=C(C(=NN1)C2=C(C=C(C=C2)OCC(=C)C)O)C3=CC=CC=C3,C=C(C)COc1ccc(-c2n[nH]c(C)c2-c2ccccc2)c(O)c1
21,-4.647058823529412,CCN1C(=NN=C1SCC(=O)C(C)(C)C)COC2=CC=CC=C2,CCn1c(COc2ccccc2)nnc1SCC(=O)C(C)(C)C
22,-4.882352941176471,C1=CC=C(C(=C1)C2C3=C(C(=O)N2CC4=CC=CO4)NN=C3C5=CC=CC=C5O)F,O=C1c2[nH]nc(-c3ccccc3O)c2C(c2ccccc2F)N1Cc1ccco1
23,-4.764705882352941,CC1=CC(=NO1)NC(=O)COC(=O)C(C(C)C)NC2=C(C=C(C=C2)C(F)(F)F)Cl,Cc1cc(NC(=O)COC(=O)C(Nc2ccc(C(F)(F)F)cc2Cl)C(C)C)no1
24,-0.2941176470588234,C1CN(CCN1C2=CC(=CC=C2)Cl)C(=O)C3=C(N=C4N3C=CS4)Cl,O=C(c1c(Cl)nc2sccn12)N1CCN(c2cccc(Cl)c2)CC1
25,-4.882352941176471,COC1=CC(=C(C=C1)C(=O)NN2C=NC3=C(C2=O)C(=CS3)C4=CC=CS4)O,COc1ccc(C(=O)Nn2cnc3scc(-c4cccs4)c3c2=O)c(O)c1
26,-4.529411764705882,CC1(C(=O)N(C(=O)N1)CC(=O)NCC2=CC=CO2)C3=CC4=C(C=C3)C=C(C=C4)OC,COc1ccc2cc(C3(C)NC(=O)N(CC(=O)NCc4ccco4)C3=O)ccc2c1
27,-4.882352941176471,COC1=CC=C(C=C1)NS(=O)(=O)C2=CC3=C(C=C2)OC(=N3)NC4=CC5=C(C=C4)OCCO5,COc1ccc(NS(=O)(=O)c2ccc3oc(Nc4ccc5c(c4)OCCO5)nc3c2)cc1
28,-4.647058823529412,CN1C=NC2=C1C=CC(=C2)OC(=O)C3=CC=CC=C3,Cn1cnc2cc(OC(=O)c3ccccc3)ccc21
29,-4.764705882352941,COC1=CC(=C(C=C1)C2=NNC(=C2C3=CC4=CC=CC=C4O3)C(F)(F)F)O,COc1ccc(-c2n[nH]c(C(F)(F)F)c2-c2cc3ccccc3o2)c(O)c1
30,-3.5882352941176467,CC1=CC=C(C=C1)C(=O)OC2=CC3=C(C=C2)N(C=N3)C,Cc1ccc(C(=O)Oc2ccc3c(c2)ncn3C)cc1
31,-3.9411764705882355,C1COCCN1S(=O)(=O)C2=CC=C(S2)CC(=O)NC3=C(C=C(S3)C4=CC=CC=C4)C(=O)N,NC(=O)c1cc(-c2ccccc2)sc1NC(=O)Cc1ccc(S(=O)(=O)N2CCOCC2)s1
32,-4.0588235294117645,CC1=CC=C(C=C1)CN2C(=O)CSC3=C2C=C(C=C3)C(=O)NCCN4CCOCC4 ,Cc1ccc(CN2C(=O)CSc3ccc(C(=O)NCCN4CCOCC4)cc32)cc1
33,-4.882352941176471,COC1=C(C=C(C=C1)C2=NN(C(=C2)N)S(=O)(=O)C3=C(C(=C(C(=C3F)F)F)F)F)OC,COc1ccc(-c2cc(N)n(S(=O)(=O)c3c(F)c(F)c(F)c(F)c3F)n2)cc1OC
34,-0.17647058823529438,CC(=O)C1=C(NC(=C1)C2=CC=CC=C2)N3CCOCC3,CC(=O)c1cc(-c2ccccc2)[nH]c1N1CCOCC1
35,-4.764705882352941,CC1=CC=C(C=C1)N2C(=NN=C2SCC(=O)NC3=CC4=C(C=C3)OCO4)CC5=CC=CN5C,Cc1ccc(-n2c(Cc3cccn3C)nnc2SCC(=O)Nc2ccc3c(c2)OCO3)cc1
36,-5.0,CC1CC2=CC=CC=C2N1C(=O)C3CCCN(C3)S(=O)(=O)C4=CC=CC5=NSN=C54,CC1Cc2ccccc2N1C(=O)C1CCCN(S(=O)(=O)c2cccc3nsnc23)C1
37,-5.0,CCCCCN1C(=NC2=C1C(=O)NC(=O)N2C)CN3CCN(CC3)CC4=CC=CC=C4,CCCCCn1c(CN2CCN(Cc3ccccc3)CC2)nc2c1c(=O)[nH]c(=O)n2C
38,-4.882352941176471,CC(C)(C)C1CCC2=C(C1)C(=NO2)C(=O)NC3=CN=CC=C3,CC(C)(C)C1CCc2onc(C(=O)Nc3cccnc3)c2C1
39,-4.764705882352941,COC1=C(C(=C(C=C1)NC(=O)CN2C3=C(C=C2C(=O)OC)SC=C3)OC)OC,COC(=O)c1cc2sccc2n1CC(=O)Nc1ccc(OC)c(OC)c1OC
40,-4.647058823529412,C1CC(=O)N(C1=O)C2=C(C=CC(=C2)Cl)OC(=O)C3=CC=CO3,O=C(Oc1ccc(Cl)cc1N1C(=O)CCC1=O)c1ccco1
41,-4.764705882352941,CCCN1N=C(N=N1)NC(=O)COC2=CC=C(C=C2)C3CCCCC3,CCCn1nnc(NC(=O)COc2ccc(C3CCCCC3)cc2)n1
42,-4.529411764705882,CC1=C(ON=C1C)NS(=O)(=O)C2=CC=C(C=C2)NC(=O)NC3=CC(=C(C=C3)Cl)Cl,Cc1noc(NS(=O)(=O)c2ccc(NC(=O)Nc3ccc(Cl)c(Cl)c3)cc2)c1C
43,-4.411764705882353,C1CN(CCN1C/C=C/C2=CC=CC=C2)C3CC(=O)N(C3=O)CC4=CC=CS4,O=C1CC(N2CCN(C/C=C/c3ccccc3)CC2)C(=O)N1Cc1cccs1
44,1.5882352941176467,CC(=O)C1=C(NC(=C1)C2=CC=CC=C2)N3CCCC3,CC(=O)c1cc(-c2ccccc2)[nH]c1N1CCCC1
45,1.7058823529411766,CCOC(=O)C1=C(SC(=C1)C2=CC=CC=C2)N,CCOC(=O)c1cc(-c2ccccc2)sc1N
46,-4.882352941176471,CN(C)C1=NC(=NC(=N1)N)C2=NC3=CC=CC=C3S2,CN(C)c1nc(N)nc(-c2nc3ccccc3s2)n1
47,-2.0588235294117645,CN1C=NC2=C1C=CC(=C2)NC(=O)C3=CC=C(C=C3)Cl,Cn1cnc2cc(NC(=O)c3ccc(Cl)cc3)ccc21
48,-4.411764705882353,C1=CC=C(C(=C1)C(=O)CC2(C3=CC=CC=C3N(C2=O)CC(=O)N)O)O,NC(=O)CN1C(=O)C(O)(CC(=O)c2ccccc2O)c2ccccc21
49,-5.0,CC(=O)C1=C(C2=CC=CC=C2N1C)OC(=O)C3=CC=CO3,CC(=O)c1c(OC(=O)c2ccco2)c2ccccc2n1C
50,-3.3529411764705883,CC1=NN=C(S1)SC(=O)N2C3=CC=CC=C3SC4=CC=CC=C42,Cc1nnc(SC(=O)N2c3ccccc3Sc3ccccc32)s1
51,-4.882352941176471,C1=CC(=C(C=C1Cl)CC2=C(C=CC(=C2)Cl)O)O,Oc1ccc(Cl)cc1Cc1cc(Cl)ccc1O
52,-5.0,CC1=CC=C(C=C1)OCC2=NC(=C(O2)NC3=CC=C(C=C3)OC)C#N,COc1ccc(Nc2oc(COc3ccc(C)cc3)nc2C#N)cc1
53,-4.764705882352941,C1=CC=C2C(=C1)C(=CC(=C2N)C(C(F)(F)F)(C(F)(F)F)O)C(C(F)(F)F)(C(F)(F)F)O,Nc1c(C(O)(C(F)(F)F)C(F)(F)F)cc(C(O)(C(F)(F)F)C(F)(F)F)c2ccccc12
54,-4.176470588235294,CN1C2=NC(=O)N(C(=O)C2=NC(=N1)C3=CC=C(C=C3)Cl)C,Cn1nc(-c2ccc(Cl)cc2)nc2c(=O)n(C)c(=O)nc1-2
55,-2.764705882352941,COC1=CC=CC(=C1)C(C(=O)NCC2=CC=CO2)N(CC3=CC=CO3)C(=O)CN4C5=CC=CC=C5N=N4,COc1cccc(C(C(=O)NCc2ccco2)N(Cc2ccco2)C(=O)Cn2nnc3ccccc32)c1
56,-4.764705882352941,C1=CC=C2C(=C1)N=NN2CC(=O)N(CC3=CC=CS3)C(C4=CC=CO4)C(=O)NCC5=CC=CO5,O=C(NCc1ccco1)C(c1ccco1)N(Cc1cccs1)C(=O)Cn1nnc2ccccc21
57,0.6470588235294121,COC(=O)C1=C(SC(=C1)C2=CC=CC=C2)N,COC(=O)c1cc(-c2ccccc2)sc1N
58,-4.647058823529412,CCOC1=C(C(=CC(=C1)C(=O)N)Br)OC,CCOc1cc(C(N)=O)cc(Br)c1OC
59,-4.647058823529412,C[C@H]1C(=O)N[C@H](C(=O)N[C@@H](CCCCNC2=C(C=C(C=C2I)[N+](=O)[O-])C(=O)N1)C(=O)N)CC(=O)N,C[C@@H]1NC(=O)c2cc([N+](=O)[O-])cc(I)c2NCCCC[C@@H](C(N)=O)NC(=O)[C@H](CC(N)=O)NC1=O
60,-4.529411764705882,CC1=C(C(=NS1)S(=O)(=O)/C(=N/NC2=CC=CC(=C2)C(F)(F)F)/C#N)C#N,Cc1snc(S(=O)(=O)/C(C#N)=N/Nc2cccc(C(F)(F)F)c2)c1C#N
61,-4.176470588235294,CC(C1=NN=C(N1C)SCCOC2=CC=C(C=C2)OC)NC(=O)CC3=CC=C(C=C3)OC,COc1ccc(CC(=O)NC(C)c2nnc(SCCOc3ccc(OC)cc3)n2C)cc1
62,-5.0,COC1=C(C=C(C=C1)/C(=N/OC(=O)CSC2=CC=CC=C2)/N)OC,COc1ccc(/C(N)=N/OC(=O)CSc2ccccc2)cc1OC
63,-4.882352941176471,CC1=C(C(=CC=C1)NC(=S)NN2CCOCC2)C,Cc1cccc(NC(=S)NN2CCOCC2)c1C
64,-5.0,CC1=CC=C(C=C1)NC2=C(C(=O)N(N=C2)C34CC5CC(C3)CC(C5)(C4)CC(=O)O)Cl,Cc1ccc(Nc2cnn(C34CC5CC(CC(CC(=O)O)(C5)C3)C4)c(=O)c2Cl)cc1
65,-4.764705882352941,CC(C)CN(CCC(=O)O)CC(C)C,CC(C)CN(CCC(=O)O)CC(C)C
66,-3.1176470588235294,COC1=CC=C(C=C1)C(=O)OC2=CN=CC=C2,COc1ccc(C(=O)Oc2cccnc2)cc1
67,-0.2941176470588234,CC1CCC2=C(N1CC(=O)N3CCC4=C(C3)C5=C(N4)C=CC(=C5)C)C=CC(=C2)F,Cc1ccc2[nH]c3c(c2c1)CN(C(=O)CN1c2ccc(F)cc2CCC1C)CC3
68,-5.0,C1=CSC(=C1)C2=CSC(=N2)NC(=O)C3=CC=C(C=C3)Cl,O=C(Nc1nc(-c2cccs2)cs1)c1ccc(Cl)cc1
69,-5.0,CCOC(=O)C1=C(SC(=C1C2=CC=CC=C2)C(C(F)(F)F)(C(F)(F)F)O)N,CCOC(=O)c1c(N)sc(C(O)(C(F)(F)F)C(F)(F)F)c1-c1ccccc1
70,1.2352941176470589,CC1=CC(=C(C(=C1C)S(=O)(=O)N2CCN(CC2)C(=O)C3=CC(=O)NC4=CC=CC=C43)C)C,Cc1cc(C)c(C)c(S(=O)(=O)N2CCN(C(=O)c3cc(=O)[nH]c4ccccc34)CC2)c1C
71,-5.0,CCOC(=O)C1=C(OC2=C1C3=C(C4=CC=CC=C42)OCN(C3)CC5=CC=CC=N5)C,CCOC(=O)c1c(C)oc2c1c1c(c3ccccc32)OCN(Cc2ccccn2)C1
72,-4.647058823529412,CC1=CC=C(C=C1)C2C3=C(NC4=C2C(=O)CC(C4)(C)C)ON=C3C,Cc1ccc(C2C3=C(CC(C)(C)CC3=O)Nc3onc(C)c32)cc1
73,-3.9411764705882355,CC(C1=CC(=C(C=C1)Cl)Cl)NC(=O)CCl,CC(NC(=O)CCl)c1ccc(Cl)c(Cl)c1
74,-5.0,CC1=C(C=CC(=C1)Cl)OC(C)C(=O)NC2=CC=C(C=C2)S(=O)(=O)NC3=NC4=CC=CC=C4N=C3,Cc1cc(Cl)ccc1OC(C)C(=O)Nc1ccc(S(=O)(=O)Nc2cnc3ccccc3n2)cc1
75,-5.0,CC(C)CNS(=O)(=O)C1=CC=C(C=C1)CCC(=O)NC2=C(C=CC(=C2)Cl)OC3=CC=CC=C3,CC(C)CNS(=O)(=O)c1ccc(CCC(=O)Nc2cc(Cl)ccc2Oc2ccccc2)cc1
76,-3.4705882352941178,CC(C)C(=O)NC1=CC=CC(=C1)/C(=N/NC(=O)C2=CC(=C(C=C2)Cl)Cl)/C,C/C(=N\NC(=O)c1ccc(Cl)c(Cl)c1)c1cccc(NC(=O)C(C)C)c1
77,-5.0,COC1=CC=C(C=C1)C(=O)N2C3=CC4=C(C=C3N=C2SC)OCCO4,COc1ccc(C(=O)n2c(SC)nc3cc4c(cc32)OCCO4)cc1
78,-4.764705882352941,CC1=CC(=CC=C1)N2C(=O)CC(C2=O)N(CC3=C(N(N=C3C)C)C)C(=S)NC4=CC=C(C=C4)Cl,Cc1cccc(N2C(=O)CC(N(Cc3c(C)nn(C)c3C)C(=S)Nc3ccc(Cl)cc3)C2=O)c1
79,-4.882352941176471,C1=CC=C(C=C1)CNC(=S)NNC(=S)NC2=CC=CC(=C2)C(F)(F)F,FC(F)(F)c1cccc(NC(=S)NNC(=S)NCc2ccccc2)c1
80,-5.0,C1=CC=C(C=C1)CN2C=C(C3=CC=CC=C32)/C=C/[N+](=O)[O-],O=[N+]([O-])/C=C/c1cn(Cc2ccccc2)c2ccccc12
81,-5.0,C1=COC(=C1)C(=O)N(CC2=CC=C(C=C2)[N+](=O)[O-])C3=CC=C(C=C3)Br,O=C(c1ccco1)N(Cc1ccc([N+](=O)[O-])cc1)c1ccc(Br)cc1
82,-5.0,CNC1=C(N=C(O1)C2=CC=C(C=C2)Cl)P(=O)(C3=CC=CC=C3)C4=CC=CC=C4,CNc1oc(-c2ccc(Cl)cc2)nc1P(=O)(c1ccccc1)c1ccccc1
83,-4.882352941176471,CC1=CC(=CC=C1)C(=O)NC2=NN=C(S2)CC3=CNC4=CC=CC=C43,Cc1cccc(C(=O)Nc2nnc(Cc3c[nH]c4ccccc34)s2)c1
84,-4.882352941176471,C1=CC=C(C=C1)COC(=O)NC(C(Cl)(Cl)Cl)NC(=S)NC2=CC(=CC=C2)Cl,O=C(NC(NC(=S)Nc1cccc(Cl)c1)C(Cl)(Cl)Cl)OCc1ccccc1
85,-5.0,CC1=CC=C(C=C1)OCC(=O)N/N=C/C2=CC=C(O2)[N+](=O)[O-],Cc1ccc(OCC(=O)N/N=C/c2ccc([N+](=O)[O-])o2)cc1
86,-4.647058823529412,CC1=C(SC(=C1C(=O)C2=CC=CC=C2)NC(=O)CCl)C,Cc1sc(NC(=O)CCl)c(C(=O)c2ccccc2)c1C
87,-2.411764705882353,COC1=CC=C(C=C1)N(C(=O)CN2C3=CC=CC=C3N=N2)C4(CCCCC4)C(=O)NC5CCCC5,COc1ccc(N(C(=O)Cn2nnc3ccccc32)C2(C(=O)NC3CCCC3)CCCCC2)cc1
88,-4.882352941176471,CNC1=CC=C(C=C(C1=O)C(=O)/C=C/C2=CC3=C(C=C2)OCO3)Br,CNc1ccc(Br)cc(C(=O)/C=C/c2ccc3c(c2)OCO3)c1=O
89,-0.5294117647058822,CC1=CC(=C(C(=C1)C)N(C(C2=CSC=C2)C(=O)NC(C)(C)C)C(=O)CN3C4=CC=CC=C4N=N3)C,Cc1cc(C)c(N(C(=O)Cn2nnc3ccccc32)C(C(=O)NC(C)(C)C)c2ccsc2)c(C)c1
90,-2.0588235294117645,COC1=CC=CC(=C1)C(C(=O)NC2=CC=C(C=C2)F)N(C3CC3)C(=O)CN4C5=CC=CC=C5N=N4,COc1cccc(C(C(=O)Nc2ccc(F)cc2)N(C(=O)Cn2nnc3ccccc32)C2CC2)c1
91,-4.411764705882353,C1=CC(=CC(=C1)NC(=O)NCCNC(=O)C2=C(C=CC(=C2)OCC(F)(F)F)OCC(F)(F)F)C(F)(F)F,O=C(NCCNC(=O)c1cc(OCC(F)(F)F)ccc1OCC(F)(F)F)Nc1cccc(C(F)(F)F)c1
92,-4.764705882352941,CC1=CC(=C(C=C1)NC(=O)CCC(=O)NNC(=O)C(C2=CC=CC=C2)C3=CC=CC=C3)C,Cc1ccc(NC(=O)CCC(=O)NNC(=O)C(c2ccccc2)c2ccccc2)c(C)c1
93,-4.411764705882353,CC(C)OC1=C(C=C(C(=C1)NC(=O)CSCC(=O)NC2=CC=CC(=C2)C(F)(F)F)Cl)Cl,CC(C)Oc1cc(NC(=O)CSCC(=O)Nc2cccc(C(F)(F)F)c2)c(Cl)cc1Cl
94,-5.0,C/C(=N\N=C(/N)\SC1CC(=O)N(C1=O)C2=CC=C(C=C2)Cl)/C3=CC=CS3,C/C(=N\N=C(/N)SC1CC(=O)N(c2ccc(Cl)cc2)C1=O)c1cccs1
95,-4.764705882352941,C/C(=N\NC(=O)C1=CC(=C(C=C1)Cl)Cl)/CN2N=C(N=N2)[N+](=O)[O-],C/C(Cn1nnc([N+](=O)[O-])n1)=N\NC(=O)c1ccc(Cl)c(Cl)c1
96,-4.882352941176471,C/C(=N\N=C(/N)\SC1CC(=O)N(C1=O)C2=CC(=CC=C2)Cl)/C3=CC=CS3,C/C(=N\N=C(/N)SC1CC(=O)N(c2cccc(Cl)c2)C1=O)c1cccs1
97,-3.4705882352941178,CC1=CC=C(C=C1)/C=C/C(=O)C2=C(C=CC(=C2)Br)OC(=O)C3=CC=CO3,Cc1ccc(/C=C/C(=O)c2cc(Br)ccc2OC(=O)c2ccco2)cc1
98,-4.882352941176471,C1=CC=C(C(=C1)C(=O)NC2=CC(=C(C=C2)OCC(C(F)F)(F)F)C(F)(F)F)O,O=C(Nc1ccc(OCC(F)(F)C(F)F)c(C(F)(F)F)c1)c1ccccc1O
99,-4.647058823529412,COC1=CC=CC=C1/C=C/C(=O)C2=C(C=CC(=C2)Br)OC(=O)C3=CC=CO3,COc1ccccc1/C=C/C(=O)c1cc(Br)ccc1OC(=O)c1ccco1
100,-4.176470588235294,C1=CC(=CN=C1)CNC(=O)/C=C/C2=CC(=C(C=C2)Cl)[N+](=O)[O-],O=C(/C=C/c1ccc(Cl)c([N+](=O)[O-])c1)NCc1cccnc1
101,-5.0,CC1=CC(=C(C=C1)NC(=S)NC(C(Cl)(Cl)Cl)NC(=O)C2=CC=CC=C2C)C,Cc1ccc(NC(=S)NC(NC(=O)c2ccccc2C)C(Cl)(Cl)Cl)c(C)c1
102,-3.5882352941176467,C1=CC=C(C(=C1)/C=C/C(=O)C2=C(C=CC(=C2)Br)OC(=O)C3=CC=CO3)F,O=C(Oc1ccc(Br)cc1C(=O)/C=C/c1ccccc1F)c1ccco1
103,-1.2352941176470589,C1=CC(=C(C(=C1)Cl)CC(=O)NCCCN2C=CN=C2)F,O=C(Cc1c(F)cccc1Cl)NCCCn1ccnc1
104,-4.294117647058823,CN(C1=C(C=CC(=C1)S(=O)(=O)NC2=CC=C(C=C2)F)OC)S(=O)(=O)C3=CC=C(C=C3)Cl,COc1ccc(S(=O)(=O)Nc2ccc(F)cc2)cc1N(C)S(=O)(=O)c1ccc(Cl)cc1
105,-1.3529411764705883,COC1=CC(=CC(=C1OC)OC)/C=N\NC(=O)CN2C3=CC=CC=C3N=N2,COc1cc(/C=N\NC(=O)Cn2nnc3ccccc32)cc(OC)c1OC
106,-4.882352941176471,CC1=CC=C(C=C1)NC(CNS(=O)(=O)C2=CC=C(C=C2)Cl)C3=CC=CC=C3,Cc1ccc(NC(CNS(=O)(=O)c2ccc(Cl)cc2)c2ccccc2)cc1
107,-4.764705882352941,C1=CC=C(C=C1)C(C2=CC=CC=C2)C(=O)NC(=S)NC3=CC=CC(=C3)C(=O)O,O=C(O)c1cccc(NC(=S)NC(=O)C(c2ccccc2)c2ccccc2)c1
108,-4.882352941176471,COC1=CC=CC=C1N(CC(=O)NC2=CC(=C(C=C2)Cl)C(=O)OC)S(=O)(=O)C3=CC=CC=C3,COC(=O)c1cc(NC(=O)CN(c2ccccc2OC)S(=O)(=O)c2ccccc2)ccc1Cl
109,-5.0,CS(=O)(=O)N(CC1=CC=C(C=C1)C(=O)NC2=CC=CC=C2SC3=CC=CC=C3)C4=CC=CC=C4,CS(=O)(=O)N(Cc1ccc(C(=O)Nc2ccccc2Sc2ccccc2)cc1)c1ccccc1
110,-4.882352941176471,CCC(C1=CC=CC=C1)C(=O)NC2=CC=CC(=C2)C(F)(F)F,CCC(C(=O)Nc1cccc(C(F)(F)F)c1)c1ccccc1
111,-4.764705882352941,CC1=CC=C(C=C1)S(=O)(=O)NC2=CC=CC=C2C3=CC=CC=C3NS(=O)(=O)C4=CC=C(C=C4)C,Cc1ccc(S(=O)(=O)Nc2ccccc2-c2ccccc2NS(=O)(=O)c2ccc(C)cc2)cc1
112,-4.529411764705882,C1=CC=C(C(=C1)C(=O)NC(=S)NC2=CC=C(C=C2)NC(=O)C3=CC(=CC=C3)Cl)Cl,O=C(Nc1ccc(NC(=S)NC(=O)c2ccccc2Cl)cc1)c1cccc(Cl)c1
113,-4.764705882352941,COC(=O)C1=C(C=CC(=C1)NC(=O)CC2=CC=CC=C2[N+](=O)[O-])Cl,COC(=O)c1cc(NC(=O)Cc2ccccc2[N+](=O)[O-])ccc1Cl
114,-4.882352941176471,C1=CC=C2C(=C1)C(=C(N2CC(=O)O)C(=O)O)C=O,O=Cc1c(C(=O)O)n(CC(=O)O)c2ccccc12
115,-3.9411764705882355,CCCCOC1=C(C=C(C=C1)CONS(=O)(=O)C2=CC=C(C=C2)NC(=O)C)Cl,CCCCOc1ccc(CONS(=O)(=O)c2ccc(NC(C)=O)cc2)cc1Cl
116,4.294117647058824,CC1=CC(=C(S1)NC(=O)CCl)C(=O)C2=CC=CC=C2,Cc1cc(C(=O)c2ccccc2)c(NC(=O)CCl)s1
117,-3.7058823529411766,C1CC2=C(C1)SC(=C2C#N)NC(=S)NC(=O)C3=CC=CC=C3,N#Cc1c(NC(=S)NC(=O)c2ccccc2)sc2c1CCC2
118,-4.647058823529412,C1=CC=C(C=C1)C\2=NOC(=O)/C2=C\C3=CC=C(O3)C4=CC=CC=C4[N+](=O)[O-],O=C1ON=C(c2ccccc2)/C1=C/c1ccc(-c2ccccc2[N+](=O)[O-])o1
119,-4.882352941176471,COC1=C(C=CC(=C1)/C=N/NC(=O)/C(=C\C2=CC3=C(C=C2)OCO3)/NC(=O)C4=CC=CC=C4)O,COc1cc(/C=N/NC(=O)/C(=C\c2ccc3c(c2)OCO3)NC(=O)c2ccccc2)ccc1O
120,-4.882352941176471,CC(C)CC(=O)NC(C1=CC=CC=C1Cl)C2=C(C=CC3=CC=CC=C32)O,CC(C)CC(=O)NC(c1ccccc1Cl)c1c(O)ccc2ccccc12
121,-3.9411764705882355,CCC1=CC(=C(S1)NC(=O)CCl)C(=O)C2=CC=C(C=C2)C,CCc1cc(C(=O)c2ccc(C)cc2)c(NC(=O)CCl)s1
122,-3.7058823529411766,COC1=CC=C(C=C1)N(C(C2=CN=CC=C2)C(=O)NC3CCCCC3)C(=O)CCl,COc1ccc(N(C(=O)CCl)C(C(=O)NC2CCCCC2)c2cccnc2)cc1
123,-3.7058823529411766,CC1=CC=C(C=C1)C(=O)NC(=C(Cl)Cl)S(=O)(=O)C2=CC=CC=C2,Cc1ccc(C(=O)NC(=C(Cl)Cl)S(=O)(=O)c2ccccc2)cc1
124,-4.764705882352941,CC1=CC(=CC(=C1)NS(=O)(=O)C2=CC3=C(C=C2)NC=C(C3=O)C(=O)N4CCC5=CC=CC=C54)C,Cc1cc(C)cc(NS(=O)(=O)c2ccc3[nH]cc(C(=O)N4CCc5ccccc54)c(=O)c3c2)c1
125,-1.823529411764706,COC1=CC=C(C=C1)C(CCN(CC2=CC(=C(C=C2)OC)OC)C(=O)CCl)C3=CC=CC=C3,COc1ccc(C(CCN(Cc2ccc(OC)c(OC)c2)C(=O)CCl)c2ccccc2)cc1
126,-2.8823529411764706,C1CCN(CC1)C(=S)C2=CC=C(O2)C3=CC=CC=C3Cl,S=C(c1ccc(-c2ccccc2Cl)o1)N1CCCCC1
127,-5.0,CC1=C(C=C(C=C1)NC2=NC(=C(C(=N2)N3CCOCC3)[N+](=O)[O-])N)C,Cc1ccc(Nc2nc(N)c([N+](=O)[O-])c(N3CCOCC3)n2)cc1C
128,-4.411764705882353,CC1=CC=C(C=C1)S(=O)(=O)/C(=C/Cl)/NC(=O)C2=CC=CC=C2,Cc1ccc(S(=O)(=O)/C(=C/Cl)NC(=O)c2ccccc2)cc1
129,-4.882352941176471,C1CN(CCN1C2=CC=CC=C2)C(=S)NC3=CC(=CC=C3)S(=O)(=O)C(F)F,O=S(=O)(c1cccc(NC(=S)N2CCN(c3ccccc3)CC2)c1)C(F)F
130,-5.0,COC1=C(C=C(C=C1)/C=N/NC(=O)CN2C3=CC=CC=C3N=N2)OC,COc1ccc(/C=N/NC(=O)Cn2nnc3ccccc32)cc1OC
131,-5.0,CCC1C(=O)N(C(=O)C(S1)CC)CC(=O)NC2=CC=C(C=C2)C(=O)OCC,CCOC(=O)c1ccc(NC(=O)CN2C(=O)C(CC)SC(CC)C2=O)cc1
132,-4.764705882352941,C1=CC=C2C(=C1)N=NN2CC(=O)N/N=C\C3=CC=CS3,O=C(Cn1nnc2ccccc21)N/N=C\c1cccs1
133,-4.882352941176471,C1=CC=C(C=C1)C(C2=CC=CC=C2)NC(=O)COC(=O)CCC3=CNC4=CC=CC=C43,O=C(COC(=O)CCc1c[nH]c2ccccc12)NC(c1ccccc1)c1ccccc1
134,-4.764705882352941,CC1=NN(C(=C1C(C2=CC=CC=C2)C3=C(N(N=C3C)C4=CC=CC=C4)N)N)C5=CC=CC=C5,Cc1nn(-c2ccccc2)c(N)c1C(c1ccccc1)c1c(C)nn(-c2ccccc2)c1N
135,-4.764705882352941,CC1=CC=C(O1)C2=NN(C(C2)C3=CC=CS3)C(=O)CCl,Cc1ccc(C2=NN(C(=O)CCl)C(c3cccs3)C2)o1
136,-4.529411764705882,CC1=CC(=CC=C1)CN2CCN(CC2)C(=O)CCl,Cc1cccc(CN2CCN(C(=O)CCl)CC2)c1
137,-4.529411764705882,C1=CC=C(C=C1)C2=CSC(=N2)NC(=O)C3=C(C(=CC=C3)[N+](=O)[O-])C(=O)O,O=C(Nc1nc(-c2ccccc2)cs1)c1cccc([N+](=O)[O-])c1C(=O)O
138,-4.294117647058823,C1=CC(=CC(=C1)NS(=O)(=O)C2=CC=C(C=C2)C(=O)NCC3=CC=C(C=C3)F)C(F)(F)F,O=C(NCc1ccc(F)cc1)c1ccc(S(=O)(=O)Nc2cccc(C(F)(F)F)c2)cc1
139,-3.9411764705882355,C1=CSC(=C1)C(=O)OC2=CC3=C(C=C2)C=CC(=O)O3,O=C(Oc1ccc2ccc(=O)oc2c1)c1cccs1
140,-3.9411764705882355,C1=CC=C(C(=C1)C(=O)OC2=CN=CC=C2)[N+](=O)[O-],O=C(Oc1cccnc1)c1ccccc1[N+](=O)[O-]
141,-4.882352941176471,CC1=C(C(=CC=C1)NC2=NN=C(S2)SCC(=O)NC3=C(C=C(C=N3)C(F)(F)F)Cl)C,Cc1cccc(Nc2nnc(SCC(=O)Nc3ncc(C(F)(F)F)cc3Cl)s2)c1C
142,-3.9411764705882355,CC1=CC=CC=C1NC2=NN=C(S2)SCC(=O)NC3=C(C=C(C=N3)C(F)(F)F)Cl,Cc1ccccc1Nc1nnc(SCC(=O)Nc2ncc(C(F)(F)F)cc2Cl)s1
143,-3.9411764705882355,C1=CC=C(C=C1)C2C=CC(C3C2C(=O)N(C3=O)C4=CN=CC=C4)C5=CC=CC=C5,O=C1C2C(c3ccccc3)C=CC(c3ccccc3)C2C(=O)N1c1cccnc1
144,-1.9411764705882355,CC(C)(C)C(=O)NC(=S)NC1=C(C2=C(S1)CCCCC2)C#N,CC(C)(C)C(=O)NC(=S)Nc1sc2c(c1C#N)CCCCC2
145,-5.0,CC(C)C1=CC=C(C=C1)S(=O)(=O)NC2=CC=C(C=C2)SC(F)F,CC(C)c1ccc(S(=O)(=O)Nc2ccc(SC(F)F)cc2)cc1
146,-5.0,CCCOC(=O)C1=C(SC=C1C2=C(C=C(C=C2)C)C)NC(=O)C3C4CCC(C3C(=O)O)O4,CCCOC(=O)c1c(-c2ccc(C)cc2C)csc1NC(=O)C1C2CCC(O2)C1C(=O)O
147,-5.0,CC1=NC2=CC=CC3=C2C(=CC=C3)N1C,CC1=Nc2cccc3cccc(c23)N1C
148,-4.294117647058823,CCCC(=O)OC1=CC2=C(C=C1)C(=CC(=O)O2)C,CCCC(=O)Oc1ccc2c(C)cc(=O)oc2c1
149,-5.0,C1C2C=CC1C3C2C(=O)N(C3=O)/N=C/C4=CC=C(O4)C5=CC=CC=C5[N+](=O)[O-],O=C1C2C3C=CC(C3)C2C(=O)N1/N=C/c1ccc(-c2ccccc2[N+](=O)[O-])o1
150,5.0,C1=CC=C(C=C1)N2C(=O)C3C(C2=O)C(=NC3C4=CC=CC=N4)C5=C(C6=CC=CC=C6C5=O)O,O=C1C(C2=NC(c3ccccn3)C3C(=O)N(c4ccccc4)C(=O)C23)=C(O)c2ccccc21
151,-4.294117647058823,C1=CC=C(C=C1)CNC(=O)C2=CC=C(C=C2)S(=O)(=O)NC3=CC=CC(=C3)C(F)(F)F,O=C(NCc1ccccc1)c1ccc(S(=O)(=O)Nc2cccc(C(F)(F)F)c2)cc1
152,2.2941176470588234,C1=CC(=CC(=C1)S(=O)(=O)NC2=CC=C(C=C2)Cl)C(=O)N/N=C/C3=CC=NC=C3,O=C(N/N=C/c1ccncc1)c1cccc(S(=O)(=O)Nc2ccc(Cl)cc2)c1
153,-4.882352941176471,CC1=NC2=C(C=C(C=C2)Br)C(N1CC(=O)NN)C3=CC=CC=C3,CC1=Nc2ccc(Br)cc2C(c2ccccc2)N1CC(=O)NN
154,-1.2352941176470589,C1C(N(N=C1C2=CC=CS2)C(=O)CCl)C3=CC=CO3,O=C(CCl)N1N=C(c2cccs2)CC1c1ccco1
155,-4.294117647058823,C1CC(OC1)CNC(=O)CCNC(=O)CN2C=NC3=CC=CC=C3C2=O,O=C(CCNC(=O)Cn1cnc2ccccc2c1=O)NCC1CCCO1
156,-4.529411764705882,C1=CC=C(C(=C1)/C=C/C=N/N2C(=NNC2=S)C3=CC=CO3)[N+](=O)[O-],O=[N+]([O-])c1ccccc1/C=C/C=N/n1c(-c2ccco2)n[nH]c1=S
157,-5.0,C1=CC=C(C=C1)N2N=C3C=C(C(=CC3=N2)Cl)N,Nc1cc2nn(-c3ccccc3)nc2cc1Cl
158,-4.882352941176471,CCC1=NN=C(S1)NS(=O)(=O)C2=CC=C(C=C2)NC(=O)/C=C/C3=CC=CC=C3Cl,CCc1nnc(NS(=O)(=O)c2ccc(NC(=O)/C=C/c3ccccc3Cl)cc2)s1
159,-4.411764705882353,CN1C2=NC(=O)N(C(=O)C2=NC(=N1)C3=CC=CC=N3)C,Cn1nc(-c2ccccn2)nc2c(=O)n(C)c(=O)nc1-2
160,-4.882352941176471,C1=CC(=CC=C1CSC2=NN=C(S2)NC(=O)C3=CC4=C(C=C3)N=CS4)C#N,N#Cc1ccc(CSc2nnc(NC(=O)c3ccc4ncsc4c3)s2)cc1
161,-4.882352941176471,CC(=O)N(C)C1=CC=C(C=C1)NS(=O)(=O)C2=C(C=CC(=C2)Cl)Cl,CC(=O)N(C)c1ccc(NS(=O)(=O)c2cc(Cl)ccc2Cl)cc1
162,-4.882352941176471,CSC1=CC=CC(=C1)NC(=O)CC2=CC=CC=C2[N+](=O)[O-],CSc1cccc(NC(=O)Cc2ccccc2[N+](=O)[O-])c1
163,-4.529411764705882,CN1CCN(CC1)CC(=O)NC2=CC(=CC=C2)[N+](=O)[O-],CN1CCN(CC(=O)Nc2cccc([N+](=O)[O-])c2)CC1
164,-5.0,C1CCC(CC1)C2=CC=C(C=C2)S(=O)(=O)NC3=CC=CC(=C3)C(=O)O,O=C(O)c1cccc(NS(=O)(=O)c2ccc(C3CCCCC3)cc2)c1
165,-1.7058823529411766,C1=CC=C2C(=C1)N=NN2CC(=O)C3=CC=C(C=C3)Cl,O=C(Cn1nnc2ccccc21)c1ccc(Cl)cc1
166,-3.9411764705882355,CC(=O)NC1=CC=C(C=C1)N(C(C2=CC(=C(C=C2)O)O)C(=O)NC3CCCC3)C(=O)CN4C5=CC=CC=C5N=N4,CC(=O)Nc1ccc(N(C(=O)Cn2nnc3ccccc32)C(C(=O)NC2CCCC2)c2ccc(O)c(O)c2)cc1
167,-4.294117647058823,C1=CC(=CC(=C1)[N+](=O)[O-])C2=CSC(=N2)NC(=O)C3=C(C(=CC=C3)[N+](=O)[O-])C(=O)O,O=C(Nc1nc(-c2cccc([N+](=O)[O-])c2)cs1)c1cccc([N+](=O)[O-])c1C(=O)O
168,-2.764705882352941,CCC(C)(C)NC(=O)C(C1=CC=C(C=C1)O)N(C2=CC=C(C=C2)NC(=O)C)C(=O)CN3C4=CC=CC=C4N=N3,CCC(C)(C)NC(=O)C(c1ccc(O)cc1)N(C(=O)Cn1nnc2ccccc21)c1ccc(NC(C)=O)cc1
169,-4.882352941176471,C1=CC=C(C=C1)C2C3=C(C=CC(=C3)Br)N=C(N2CC(=O)NN)C4=CC=CC=C4,NNC(=O)CN1C(c2ccccc2)=Nc2ccc(Br)cc2C1c1ccccc1
170,-4.882352941176471,CC1=CC=C(C=C1)C(=O)NC(=C(Cl)Cl)C#N,Cc1ccc(C(=O)NC(C#N)=C(Cl)Cl)cc1
171,1.5882352941176467,C1=CC=C2C(=C1)N=NN2CC(=O)C3=CC=C(C=C3)Br,O=C(Cn1nnc2ccccc21)c1ccc(Br)cc1
172,-4.764705882352941,CC1=CC=C(O1)C(C(=O)NCCOC)N(C2=CC=CC=C2)C(=O)CN3C4=CC=CC=C4N=N3,COCCNC(=O)C(c1ccc(C)o1)N(C(=O)Cn1nnc2ccccc21)c1ccccc1
173,-4.764705882352941,CC1=C(C=C(C=C1)N2C(=NN=N2)SCC(=O)NC(C3=CC=CC=C3)(C4=CC=CC=C4)C(=O)O)C,Cc1ccc(-n2nnnc2SCC(=O)NC(C(=O)O)(c2ccccc2)c2ccccc2)cc1C
174,-3.8235294117647056,C1COCCN1CC2=NC3=C(C=C(C=C3)Br)C(N2CC(=O)NN)C4=CC=CC=C4,NNC(=O)CN1C(CN2CCOCC2)=Nc2ccc(Br)cc2C1c1ccccc1
175,-2.6470588235294117,CC1=CC(=O)OC2=C1C=CC(=C2)OC(=O)C3=CC=CO3,Cc1cc(=O)oc2cc(OC(=O)c3ccco3)ccc12
176,-4.764705882352941,C1=CC=C(C(=C1)NC2=NC(=CS2)C3=CN=CC=C3)Cl,Clc1ccccc1Nc1nc(-c2cccnc2)cs1
177,-1.9411764705882355,COC1=CC=C(C=C1)N/C=C/2\CCC3=CC=CC=C3C2=O,COc1ccc(N/C=C2\CCc3ccccc3C2=O)cc1
178,-0.0588235294117645,CCC(C)(C)NC(=O)C(C1=CC=CN1C)N(C2=CC=C(C=C2)NC(=O)C)C(=O)CN3C4=CC=CC=C4N=N3,CCC(C)(C)NC(=O)C(c1cccn1C)N(C(=O)Cn1nnc2ccccc21)c1ccc(NC(C)=O)cc1
179,-3.1176470588235294,CC1=CC(=C(N1CC2=CC=CO2)C)C(=O)CCl,Cc1cc(C(=O)CCl)c(C)n1Cc1ccco1
180,-5.0,COC1=CC(=C(C=C1C2=NC3=C(C=C(C=C3)Br)C(N2CC(=O)NN)C4=CC=CC=C4)OC)OC,COc1cc(OC)c(C2=Nc3ccc(Br)cc3C(c3ccccc3)N2CC(=O)NN)cc1OC
181,-5.0,COC(=O)COC1=CC=CC2=C1C=CN(C2=O)CC(=O)NCC3=CC=CC=C3,COC(=O)COc1cccc2c(=O)n(CC(=O)NCc3ccccc3)ccc12
182,-4.176470588235294,CC1=C2C(=CC=C1)C(=O)C(=O)N2CCOC3=CC=CC=C3,Cc1cccc2c1N(CCOc1ccccc1)C(=O)C2=O
183,-4.764705882352941,CN1C(C(CO1)S(=O)(=O)C2=CC=CC=C2)C3=CC(=C(C=C3)OCC4=CC=C(C=C4)OC)OC,COc1ccc(COc2ccc(C3C(S(=O)(=O)c4ccccc4)CON3C)cc2OC)cc1
184,-4.411764705882353,COC1=C(C=C(C=C1Cl)C(=O)NN)Cl,COc1c(Cl)cc(C(=O)NN)cc1Cl
185,-4.882352941176471,COC1=CC=C(C=C1)NC(=O)C2=CC3=C(C=C2)C(=O)N(C(=S)N3)C4=C(C=C(C=C4)OC)OC,COc1ccc(NC(=O)c2ccc3c(=O)n(-c4ccc(OC)cc4OC)c(=S)[nH]c3c2)cc1
186,-4.647058823529412,C1=CC(=CC=C1NC2=CC=C(C3=NON=C23)[N+](=O)[O-])S(=O)(=O)N,NS(=O)(=O)c1ccc(Nc2ccc([N+](=O)[O-])c3nonc23)cc1
187,-4.882352941176471,CCC1=NN=C(S1)NS(=O)(=O)C2=CC=C(C=C2)NC(=O)/C=C/C3=CC=C(C=C3)F,CCc1nnc(NS(=O)(=O)c2ccc(NC(=O)/C=C/c3ccc(F)cc3)cc2)s1
188,-4.647058823529412,CCCCCC1=C(C(=CC2=C1OC3=CC(=CC(=C3C(=O)O2)C(=O)CCCC)OC)O)C(=O)O,CCCCCc1c2c(cc(O)c1C(=O)O)OC(=O)c1c(cc(OC)cc1C(=O)CCCC)O2
189,-5.0,CC1=CC(=C(C(=C1)Br)NC(=O)CON2C3=C(C=CC(=C3)S(=O)(=O)C)N=N2)Br,Cc1cc(Br)c(NC(=O)COn2nnc3ccc(S(C)(=O)=O)cc32)c(Br)c1
190,-1.9411764705882355,C1=CC(=C(C=C1Cl)Cl)CN2C=CSC2=NC(=O)CCl,O=C(CCl)N=c1sccn1Cc1ccc(Cl)cc1Cl
191,-3.8235294117647056,C1=CC=C2C(=C1)N(C3=CC=CC=C3S2)C(=O)COC(=O)C4=CN=CC=C4,O=C(OCC(=O)N1c2ccccc2Sc2ccccc21)c1cccnc1
192,-1.0,C1=CC=C(C=C1)CN2C=C(C(=N2)C3=CN=CC=C3)C=O,O=Cc1cn(Cc2ccccc2)nc1-c1cccnc1
193,-4.529411764705882,CC1(C2CC=C(C1C2)/C=N/NC(=S)NC3=CN=CC=C3)C,CC1(C)C2CC=C(/C=N/NC(=S)Nc3cccnc3)C1C2
194,-4.882352941176471,CC1=C(C(NC(=S)N1)C2=CC=C(O2)C3=CC=CC=C3C(=O)OC)C(=O)OC,COC(=O)C1=C(C)NC(=S)NC1c1ccc(-c2ccccc2C(=O)OC)o1
195,-4.411764705882353,COC1=CC=CC(=C1)/C=N/NC(=S)NC2=CN=CC=C2,COc1cccc(/C=N/NC(=S)Nc2cccnc2)c1
196,-5.0,C1=CC=C(C=C1)C(=O)C2=CC=CC=C2NC(=O)CCl,O=C(CCl)Nc1ccccc1C(=O)c1ccccc1
197,-3.5882352941176467,COC1=CC(=CC(=C1OC)OC)NC(=O)C2=CC(=NN=C2Cl)Cl,COc1cc(NC(=O)c2cc(Cl)nnc2Cl)cc(OC)c1OC
198,-4.529411764705882,COCCOC(=O)/C(=C/C1=CN(N=C1C2=CN=CC=C2)CC3=CC=CC=C3)/C#N,COCCOC(=O)/C(C#N)=C/c1cn(Cc2ccccc2)nc1-c1cccnc1
199,-2.176470588235294,CCOC(=O)C1=C(SC(=C1C2=CC=CC=C2)CN(C)C)NC(=O)CCl.Cl,CCOC(=O)c1c(NC(=O)CCl)sc(CN(C)C)c1-c1ccccc1.Cl
200,-4.764705882352941,CC1=CC=C(C=C1)C2=NN(C=C2NC(=O)CCl)C3=CC=CC=C3,Cc1ccc(-c2nn(-c3ccccc3)cc2NC(=O)CCl)cc1
201,-3.3529411764705883,CC1=C(C=CC(=C1)NC(=O)CON2C3=C(C=CC(=C3)S(=O)(=O)C)N=N2)Br,Cc1cc(NC(=O)COn2nnc3ccc(S(C)(=O)=O)cc32)ccc1Br
202,-3.9411764705882355,CC1=CC(=C(N1C2=CC(=CC=C2)[N+](=O)[O-])C)C(=O)CCl,Cc1cc(C(=O)CCl)c(C)n1-c1cccc([N+](=O)[O-])c1
203,-0.0588235294117645,C1CN(CCN1C2=CC=CC(=C2)C(F)(F)F)C(=O)C3=CC(=O)NC4=CC=CC=C43,O=C(c1cc(=O)[nH]c2ccccc12)N1CCN(c2cccc(C(F)(F)F)c2)CC1
204,-5.0,C1=CC=C(C=C1)N2C=C(C(=N2)C3=CC=C(C=C3)Cl)C(=O)NC4=CC=C(C=C4)C(=O)O,O=C(O)c1ccc(NC(=O)c2cn(-c3ccccc3)nc2-c2ccc(Cl)cc2)cc1
205,-3.3529411764705883,C1=CC=C(C=C1)C2=CSC(=C2C(=O)O)NC(=O)/C=C/C3=CC=CS3,O=C(/C=C/c1cccs1)Nc1scc(-c2ccccc2)c1C(=O)O
206,-2.8823529411764706,COC1=CC=C(C=C1)N2CCN(CC2)C(=O)C3=CC(=O)NC4=CC=CC=C43,COc1ccc(N2CCN(C(=O)c3cc(=O)[nH]c4ccccc34)CC2)cc1
207,-5.0,C1=CC=C(C(=C1)C(=O)O)NS(=O)(=O)C2=CC(=C(C=C2)NNC(=S)NC3=CC=C(C=C3)OC(F)F)[N+](=O)[O-],O=C(O)c1ccccc1NS(=O)(=O)c1ccc(NNC(=S)Nc2ccc(OC(F)F)cc2)c([N+](=O)[O-])c1
208,-0.7647058823529411,CC1=C(C(=CC=C1)N2CCN(CC2)C(=O)C3=CC(=O)NC4=CC=CC=C43)C,Cc1cccc(N2CCN(C(=O)c3cc(=O)[nH]c4ccccc34)CC2)c1C
209,-5.0,CC1=CC(=CC=C1)N2C3=C(C(=N2)C)C(=CC(=N3)C4=CC=CS4)C(=O)O,Cc1cccc(-n2nc(C)c3c(C(=O)O)cc(-c4cccs4)nc32)c1
210,-4.882352941176471,C1CN(CCN1C2=CC=CC=C2)C(=O)C3=CC(=O)C4=CC=CC=C4O3,O=C(c1cc(=O)c2ccccc2o1)N1CCN(c2ccccc2)CC1
211,-0.7647058823529411,C1=CC=C(C(=C1)CN2C=CSC2=NC(=O)CCl)Cl,O=C(CCl)N=c1sccn1Cc1ccccc1Cl
212,-4.764705882352941,CC(=O)N1C=C(C2=CC=CC=C21)N(C3=CC=C(C=C3)[N+](=O)[O-])C(=O)CCl,CC(=O)n1cc(N(C(=O)CCl)c2ccc([N+](=O)[O-])cc2)c2ccccc21
213,-5.0,C1OC2=C(O1)C=C(C=C2)/C=C/3\C(=O)N/C(=N/S(=O)(=O)CC4=CC=CC=C4)/S3,O=C1N/C(=N/S(=O)(=O)Cc2ccccc2)S/C1=C/c1ccc2c(c1)OCO2
214,2.2941176470588234,COC1=CC=CC=C1OCCNC(=O)C2=CC(=O)NC3=CC=CC=C32,COc1ccccc1OCCNC(=O)c1cc(=O)[nH]c2ccccc12
215,-5.0,CC(=O)N1C=C(C2=CC=CC=C21)N(C3=CC=C(C=C3)Cl)C(=O)CCl,CC(=O)n1cc(N(C(=O)CCl)c2ccc(Cl)cc2)c2ccccc21
216,-4.882352941176471,CC1=CC=C(N1)C(=O)OC2C(C(OC(C2OC)(C)C)OC3=C(C4=C(C=C3)C(=C(C(=O)O4)NC(=O)C5=CC(=C(C=C5)O)CC=C(C)C)O)Cl)O,COC1C(OC(=O)c2ccc(C)[nH]2)C(O)C(Oc2ccc3c(O)c(NC(=O)c4ccc(O)c(CC=C(C)C)c4)c(=O)oc3c2Cl)OC1(C)C
217,-4.411764705882353,CC1=C2C(=CC=C1)C(=C(C(=N2)C)CC=C)SC(=N)N.Cl,C=CCc1c(C)nc2c(C)cccc2c1SC(=N)N.Cl
218,-5.0,CC1(C(N(C(=S)S1)/N=C/C2=CC=CS2)N(C(=O)NC)O)C,CNC(=O)N(O)C1N(/N=C/c2cccs2)C(=S)SC1(C)C
219,-4.882352941176471,CCOC(=O)C1=C(C2=C(O1)N=C(C3=C2CCCC3)CC(C)C)N,CCOC(=O)c1oc2nc(CC(C)C)c3c(c2c1N)CCCC3
220,-4.882352941176471,C[N+]1=CC=CC2=C(C=CC(=C21)[O-])Br.O,C[n+]1cccc2c(Br)ccc([O-])c21.O
221,-2.5294117647058822,CC(C)C12CN(CC(C1=O)(CN(C2)C(=O)C3=CC=CC=C3[N+](=O)[O-])C(C)C)C(=O)C4=CC=CC=C4[N+](=O)[O-],CC(C)C12CN(C(=O)c3ccccc3[N+](=O)[O-])CC(C(C)C)(CN(C(=O)c3ccccc3[N+](=O)[O-])C1)C2=O
222,-4.882352941176471,C1=CC=C(C=C1)C(C2=CC=CC=C2)(C(=O)N/N=C/C3=CC=C(O3)C4=C(C=CC(=C4)C(=O)O)Cl)O,O=C(O)c1ccc(Cl)c(-c2ccc(/C=N/NC(=O)C(O)(c3ccccc3)c3ccccc3)o2)c1
223,-2.0588235294117645,C1CN(CCN1C2=CC=CC=C2)C(=O)C3=CC(=O)NC4=CC=CC=C43,O=C(c1cc(=O)[nH]c2ccccc12)N1CCN(c2ccccc2)CC1
224,-5.0,C1=CC=C(C=C1)C2=CSC3=C2C(=NC=N3)SCC(=O)NC4=CC=C(C=C4)C(=O)O,O=C(CSc1ncnc2scc(-c3ccccc3)c12)Nc1ccc(C(=O)O)cc1
225,-4.882352941176471,COC(=O)[C@@H](CC1=CNC2=CC=CC=C21)NC(=O)C3=CC(=O)NC4=CC=CC=C43,COC(=O)[C@@H](Cc1c[nH]c2ccccc12)NC(=O)c1cc(=O)[nH]c2ccccc12
226,-4.411764705882353,C1=CC2=C(C=C1C(=O)O)SC=N2,O=C(O)c1ccc2ncsc2c1
227,-4.529411764705882,CC1=CC=CC=C1S(=O)(=O)NC(=O)C2=CC(=C(C=C2)CC3=CN(C4=C3C=C(C=C4)NC(=O)OC5CCCC5)C)OC,COc1cc(C(=O)NS(=O)(=O)c2ccccc2C)ccc1Cc1cn(C)c2ccc(NC(=O)OC3CCCC3)cc12
228,-4.411764705882353,COC1=CC=CC=C1N2CCN(CC2)CC(COC3=CC=CC4=CC=CC=C43)O,COc1ccccc1N1CCN(CC(O)COc2cccc3ccccc23)CC1
229,-4.529411764705882,CN(C)S(=O)(=O)C1=CC=CC(=C1)NC(=S)N/N=C/C2=C(C=CC(=C2)Br)O,CN(C)S(=O)(=O)c1cccc(NC(=S)N/N=C/c2cc(Br)ccc2O)c1
230,-3.5882352941176467,CN1CCN2C(C1)C3(CC4=C2C=CC(=C4)N)C(=O)NC(=O)NC3=O,CN1CCN2c3ccc(N)cc3CC3(C(=O)NC(=O)NC3=O)C2C1
231,-4.882352941176471,CC1=C(C=C(C=C1)S(=O)(=O)NC2=CC(=NN2C)C3=CC=CC=C3)Cl,Cc1ccc(S(=O)(=O)Nc2cc(-c3ccccc3)nn2C)cc1Cl
232,-4.764705882352941,C1=CC(=CC=C1/C(=N/S(=O)(=O)C2=CC(=CC(=C2)C(F)(F)F)C(F)(F)F)/N)Cl,N/C(=N\S(=O)(=O)c1cc(C(F)(F)F)cc(C(F)(F)F)c1)c1ccc(Cl)cc1
233,-3.8235294117647056,C1=CC(=C(C(=C1)Cl)/C=C/C(=O)NC2=CN=CC=C2)F,O=C(/C=C/c1c(F)cccc1Cl)Nc1cccnc1
234,-4.882352941176471,CCC1CCC(CC1)N2CCN(CC2)C3=CC=C(C=C3)[N+](=O)[O-],CCC1CCC(N2CCN(c3ccc([N+](=O)[O-])cc3)CC2)CC1
235,-4.411764705882353,C1=CC=C(C(=C1)/C=C/C(=O)NC2=CN=CC=C2)Cl,O=C(/C=C/c1ccccc1Cl)Nc1cccnc1
236,-4.0588235294117645,C1=CC=C(C=C1)CCCN2C3=CC=CC=C3C(=O)C2=O,O=C1C(=O)N(CCCc2ccccc2)c2ccccc21
237,-4.647058823529412,COC(=O)C1=CC=C(C=C1)OC(=O)CN2C(=O)C3=CC=CC=C3C2=O,COC(=O)c1ccc(OC(=O)CN2C(=O)c3ccccc3C2=O)cc1
238,-4.294117647058823,CC1=CC(=O)OC2=C1C=CC(=C2)NC(=O)CC3=CC=CC=C3[N+](=O)[O-],Cc1cc(=O)oc2cc(NC(=O)Cc3ccccc3[N+](=O)[O-])ccc12
239,-2.5294117647058822,C1=CC=C2C(=C1)C=CC(=C2/C=N\NC(=O)C3=CC(=CN=C3)Br)O,O=C(N/N=C\c1c(O)ccc2ccccc12)c1cncc(Br)c1
240,-4.764705882352941,C1C2CC3CC1CC(C2)(C3)C4=CC=C(C=C4)/C=N/NC(=S)N,NC(=S)N/N=C/c1ccc(C23CC4CC(CC(C4)C2)C3)cc1
241,-4.882352941176471,C1=CC=C2C(=C1)C(=C(N2)C(=O)O)C(C3=C(C=CC(=C3)Br)O)C4=C(NC5=CC=CC=C54)C(=O)O,O=C(O)c1[nH]c2ccccc2c1C(c1cc(Br)ccc1O)c1c(C(=O)O)[nH]c2ccccc12
242,-4.882352941176471,C1=CC=C2C(=C1)C(=C(N2)C(=O)O)C(C3=C(C=CC(=C3)Br)OCC(=O)O)C4=C(NC5=CC=CC=C54)C(=O)O,O=C(O)COc1ccc(Br)cc1C(c1c(C(=O)O)[nH]c2ccccc12)c1c(C(=O)O)[nH]c2ccccc12
243,-5.0,CC1=CC2=C(C=C1C)NC(=O)CC2C3=CC=CC=C3F,Cc1cc2c(cc1C)C(c1ccccc1F)CC(=O)N2
244,-4.882352941176471,COC1=CC=CC=C1C(=O)NC2=NC3=CC=CC=C3S2,COc1ccccc1C(=O)Nc1nc2ccccc2s1
245,-5.0,COC1=CC(=CC(=C1OC)OC)NC(=O)C2CC(=NO2)C3=CC(=CC=C3)Br,COc1cc(NC(=O)C2CC(c3cccc(Br)c3)=NO2)cc(OC)c1OC
246,-4.882352941176471,CC1=CC(=C(C=C1)O)NC2=NC=NC3=CC=CC=C32.Cl,Cc1ccc(O)c(Nc2ncnc3ccccc23)c1.Cl
247,-5.0,CSC1=NSC(=N1)NC(=O)OCC2=CC=C(C=C2)Cl,CSc1nsc(NC(=O)OCc2ccc(Cl)cc2)n1
248,-4.411764705882353,COC1=CC=C(C=C1)N(CC2=CC(=O)NC3=CC=CC=C32)C(=O)CCl,COc1ccc(N(Cc2cc(=O)[nH]c3ccccc23)C(=O)CCl)cc1
249,-4.882352941176471,CC1=C(C=C(C=C1)C(=O)NCCN2CCOCC2)C,Cc1ccc(C(=O)NCCN2CCOCC2)cc1C
250,-1.3529411764705883,CCC1=NC(=C2C3=C(CC(CC3)C)SC2=N1)N4CCN(CC4)C(=O)CCl,CCc1nc(N2CCN(C(=O)CCl)CC2)c2c3c(sc2n1)CC(C)CC3
251,-4.529411764705882,CC1=CC=C(C=C1)C2=CC(=NN2)NC(=O)C3=CC=CC=C3[N+](=O)[O-],Cc1ccc(-c2cc(NC(=O)c3ccccc3[N+](=O)[O-])n[nH]2)cc1
252,-4.882352941176471,C1C(N(N=C1C2=CC=CC=C2)C3=CC=C(C=C3)C(=O)O)C4=CC=CC=C4,O=C(O)c1ccc(N2N=C(c3ccccc3)CC2c2ccccc2)cc1
253,1.5882352941176467,CCOC1=CC2=C(C=C1)N(C(=O)C2=O)CC3COC4=CC=CC=C4O3,CCOc1ccc2c(c1)C(=O)C(=O)N2CC1COc2ccccc2O1
254,-4.764705882352941,CCC1=CC2=C(C=C1)N(C(=O)C2NC(=O)C)CCN3CCOCC3.Cl,CCc1ccc2c(c1)C(NC(C)=O)C(=O)N2CCN1CCOCC1.Cl
255,-1.7058823529411766,COC1=CC2=C(C=C1)N(C(=O)C2=O)CC3COC4=CC=CC=C4O3,COc1ccc2c(c1)C(=O)C(=O)N2CC1COc2ccccc2O1
256,-4.764705882352941,CC(=O)NC1C2=C(C=CC(=C2)Br)N(C1=O)CCN3CCOCC3.Cl,CC(=O)NC1C(=O)N(CCN2CCOCC2)c2ccc(Br)cc21.Cl
257,1.2352941176470589,CC1=CC=C(C=C1)C2CC(=NN2C(=O)CCl)C3=CC=CS3,Cc1ccc(C2CC(c3cccs3)=NN2C(=O)CCl)cc1
258,-4.882352941176471,C1=CC=C(C(=C1)C(=O)NN2C(=O)/C(=C/C3=CC=C(C=C3)O)/SC2=S)O,O=C(NN1C(=O)/C(=C/c2ccc(O)cc2)SC1=S)c1ccccc1O
259,4.529411764705882,CCCCNC(=O)N(C1C(SC(=S)N1/N=C/C2=CC=C(C=C2)N(C)C)(C)C)O,CCCCNC(=O)N(O)C1N(/N=C/c2ccc(N(C)C)cc2)C(=S)SC1(C)C
260,-3.3529411764705883,C1C(OC2=CC=CC=C2O1)CN3C4=CC=CC=C4C(=O)C3=O,O=C1C(=O)N(CC2COc3ccccc3O2)c2ccccc21
261,-4.764705882352941,C1=CC=C2C(=C1)C(=O)N(C=N2)NC(=O)C3=CC=C(C=C3)Br,O=C(Nn1cnc2ccccc2c1=O)c1ccc(Br)cc1
262,-4.764705882352941,CC(C)(C)C1=CC=C(C=C1)C(=O)NC2=CC=C(C=C2)S(=O)(=O)NC3=NC4=CC=CC=C4N=C3,CC(C)(C)c1ccc(C(=O)Nc2ccc(S(=O)(=O)Nc3cnc4ccccc4n3)cc2)cc1
263,1.0,CC1=CC2=C(C=C1)N(C(=O)C2NC(=O)C)CCN3CCOCC3,CC(=O)NC1C(=O)N(CCN2CCOCC2)c2ccc(C)cc21
264,-0.17647058823529438,COC(=O)CC1COC2=CC=CC=C2N1C(=O)/C=C/C3=CC=CC=C3,COC(=O)CC1COc2ccccc2N1C(=O)/C=C/c1ccccc1
265,-4.882352941176471,CC(=O)NC1C2=C(C=CC(=C2)Cl)N(C1=O)CCN3CCOCC3.Cl,CC(=O)NC1C(=O)N(CCN2CCOCC2)c2ccc(Cl)cc21.Cl
266,-5.0,CC(=O)NC1C2=C(C=CC(=C2)F)N(C1=O)CCN3CCOCC3.Cl,CC(=O)NC1C(=O)N(CCN2CCOCC2)c2ccc(F)cc21.Cl
267,-3.9411764705882355,CCCCOC1=CC=C(C=C1)C(=O)OC2=CN=CC=C2,CCCCOc1ccc(C(=O)Oc2cccnc2)cc1
268,-4.411764705882353,CCN(CC)C(=O)CN1C=C(C2=CC=CC=C21)/C=C/3\C(=O)NC(=O)N(C3=O)C4=CC=CC=C4F,CCN(CC)C(=O)Cn1cc(/C=C2\C(=O)NC(=O)N(c3ccccc3F)C2=O)c2ccccc21
269,-4.764705882352941,CC1=C(C=C(C=C1)C(=O)N2C(=CC(=N2)C)C)Br,Cc1cc(C)n(C(=O)c2ccc(C)c(Br)c2)n1
270,-4.882352941176471,CC1=C(C2=C(N1C3=CC=CC=C3OC)C4=CC=CC=C4C(=C2)OC)C(=O)O,COc1ccccc1-n1c(C)c(C(=O)O)c2cc(OC)c3ccccc3c21
271,-3.9411764705882355,CC1=C(C=C(C=C1)C(=O)N2C=NC3=CC=CC=C32)C,Cc1ccc(C(=O)n2cnc3ccccc32)cc1C
272,-3.5882352941176467,COC1=C(C=C2C(N(CCC2=C1)C(=O)CCl)C3=C(C=CC(=C3)Br)F)OC,COc1cc2c(cc1OC)C(c1cc(Br)ccc1F)N(C(=O)CCl)CC2
273,-4.411764705882353,C1=CC=C(C=C1)C2=C(C(=O)NC(=N2)SCC(=O)NC3=CC=C(C=C3)OC(F)(F)Cl)C#N,N#Cc1c(-c2ccccc2)nc(SCC(=O)Nc2ccc(OC(F)(F)Cl)cc2)[nH]c1=O
274,-3.9411764705882355,CC1=CC2=C(C=C1)N(C3=C2CCCC3)CC(CN4CCCCCC4)O.Cl,Cc1ccc2c(c1)c1c(n2CC(O)CN2CCCCCC2)CCCC1.Cl
275,-2.5294117647058822,C1=CC=C2C(=C1)/C(=C/C3=C(N(C(=O)NC3=O)C4=CC=CC=C4F)O)/C=N2,O=c1[nH]c(=O)n(-c2ccccc2F)c(O)c1/C=C1\C=Nc2ccccc21
276,-4.529411764705882,CC1CCN(CC1)C2=NN3C(=NN=C3CCC(=O)NCCCOC(C)C)C=C2,CC1CCN(c2ccc3nnc(CCC(=O)NCCCOC(C)C)n3n2)CC1
277,-1.823529411764706,C1=CC=C(C=C1)/C=C/CN2C3=CC=CC=C3C(=O)C2=O,O=C1C(=O)N(C/C=C/c2ccccc2)c2ccccc21
278,-4.882352941176471,CC1=CC(=O)OC2=C1C=CC(=C2)NC(=O)C3=CC=CC=C3OC(F)F,Cc1cc(=O)oc2cc(NC(=O)c3ccccc3OC(F)F)ccc12
279,-3.7058823529411766,CC1=C(C=C(C=C1)NC(=O)NC2=CN=CC=C2)Cl,Cc1ccc(NC(=O)Nc2cccnc2)cc1Cl
280,-5.0,C1=CC=C2C(=C1)C(=O)N(C2=O)CC(=O)OC3=CC=C(C=C3)F,O=C(CN1C(=O)c2ccccc2C1=O)Oc1ccc(F)cc1
281,-4.882352941176471,CCOC(=O)C1=C(N(C2=C1C(=C(C=C2)O)C(=O)O)S(=O)(=O)C3=CC=C(C=C3)C)C,CCOC(=O)c1c(C)n(S(=O)(=O)c2ccc(C)cc2)c2ccc(O)c(C(=O)O)c12
282,-4.411764705882353,C1=CC=C(C=C1)CCN(CCC2=CC=CC=C2)C(=O)CCl,O=C(CCl)N(CCc1ccccc1)CCc1ccccc1
283,-3.5882352941176467,C1=CC=C(C=C1)C2=C(C3=CC=CC=C3N2C4=CC=CC=C4)/C=N/NC(=O)CC#N,N#CCC(=O)N/N=C/c1c(-c2ccccc2)n(-c2ccccc2)c2ccccc12
284,-4.764705882352941,C1=CC=C2C(=C1)C3=CC=CC=C3C2=NNC4=CC(=C(C=C4)Cl)C(=O)O,O=C(O)c1cc(NN=C2c3ccccc3-c3ccccc32)ccc1Cl
285,-4.529411764705882,C1=CC=C(C=C1)COC2=CC=CC(=C2)/C=C(/C3=CC=C(C=C3)F)\C(=O)O,O=C(O)/C(=C\c1cccc(OCc2ccccc2)c1)c1ccc(F)cc1
286,0.0588235294117645,CC1=CC=C(O1)C2=NN(C(C2)C3=CC=CO3)C(=O)CCl,Cc1ccc(C2=NN(C(=O)CCl)C(c3ccco3)C2)o1
287,-4.882352941176471,C1=CC=C(C=C1)C2=CC=C(C=C2)/C(=C/C3=CC=C(C=C3)F)/C(=O)O,O=C(O)/C(=C\c1ccc(F)cc1)c1ccc(-c2ccccc2)cc1
288,-4.294117647058823,CN(C)S(=O)(=O)C1=CC=CC(=C1)NC(=O)CSC2=CC=CC3=C2N=CC=C3,CN(C)S(=O)(=O)c1cccc(NC(=O)CSc2cccc3cccnc23)c1
289,1.3529411764705879,COC1=C(C=CC(=C1)C2CC(=NN2C(=O)CCl)C3=CC=CS3)OC(F)F,COc1cc(C2CC(c3cccs3)=NN2C(=O)CCl)ccc1OC(F)F
290,4.0588235294117645,COC1=C(C=C(C=C1)C2CC(=NN2C(=O)CCl)C3=CC=CS3)OC,COc1ccc(C2CC(c3cccs3)=NN2C(=O)CCl)cc1OC
291,-4.647058823529412,COC1=CC=C(C=C1)/C=C(\C#N)/C2=CNC3=CC=CC=C32,COc1ccc(/C=C(\C#N)c2c[nH]c3ccccc23)cc1
292,-5.0,C1=CC=C(C=C1)CN(C2=NC(=C(S2)C3=CC=CC=C3)C4=CC=CC=C4)C(=O)CSCC(=O)O,O=C(O)CSCC(=O)N(Cc1ccccc1)c1nc(-c2ccccc2)c(-c2ccccc2)s1
293,-2.0588235294117645,C1=CC=C(C=C1)NC(=O)NN(C2=CC=CC=C2)C(=O)CCl,O=C(Nc1ccccc1)NN(C(=O)CCl)c1ccccc1
294,-4.294117647058823,C1CN(CCN1C(=O)C2=CC(=CN=C2)Br)S(=O)(=O)C3=CC=CC=C3C(F)(F)F,O=C(c1cncc(Br)c1)N1CCN(S(=O)(=O)c2ccccc2C(F)(F)F)CC1
295,-3.4705882352941178,C1=CC(=CN=C1)NC(=O)CC2=CC(=C(C=C2)Cl)Cl,O=C(Cc1ccc(Cl)c(Cl)c1)Nc1cccnc1
296,-4.882352941176471,CC1=CC=C(O1)/C=C/2\C(=O)NC(=S)N(C2=O)C3=CC(=CC=C3)OC,COc1cccc(N2C(=O)/C(=C/c3ccc(C)o3)C(=O)NC2=S)c1
297,3.5882352941176467,COC1=CC(=CC(=C1)CNCCC2=CNC3=CC=CC=C32)OC.C(=O)(C(=O)O)O,COc1cc(CNCCc2c[nH]c3ccccc23)cc(OC)c1.O=C(O)C(=O)O
298,-5.0,C1=CC=C(C=C1)CN(CC2=CC=C(C=C2)C(=O)O)S(=O)(=O)C3=CC=C(C=C3)Cl,O=C(O)c1ccc(CN(Cc2ccccc2)S(=O)(=O)c2ccc(Cl)cc2)cc1
299,2.1764705882352944,COC1=CC=C(C=C1)C2C(C(=NN2C(=O)CCl)C3=CNC4=CC=CC=C43)O,COc1ccc(C2C(O)C(c3c[nH]c4ccccc34)=NN2C(=O)CCl)cc1
300,-4.764705882352941,CC(C)C[C@@H](C(=O)OC(C)(C)C)NC(=O)C1=C(NC=N1)C(=O)NCC2=CC=C(C=C2)CNC(=O)OC(C)(C)C,CC(C)C[C@H](NC(=O)c1nc[nH]c1C(=O)NCc1ccc(CNC(=O)OC(C)(C)C)cc1)C(=O)OC(C)(C)C
301,-5.0,CC(C)(C)OC(=O)[C@H](CC1=CC=CC=C1)NC(=O)C2=C(N=CN2)C(=O)N[C@@H](CC3=CC=CC=C3)C(=O)OCC4=CC=CC=C4,CC(C)(C)OC(=O)[C@H](Cc1ccccc1)NC(=O)c1[nH]cnc1C(=O)N[C@@H](Cc1ccccc1)C(=O)OCc1ccccc1
302,-4.647058823529412,CCC1=CC=C(C=C1)NC(=O)CN(C2=CC=C(C=C2)OCC)S(=O)(=O)C3=C(NC(=O)NC3=O)C,CCOc1ccc(N(CC(=O)Nc2ccc(CC)cc2)S(=O)(=O)c2c(C)[nH]c(=O)[nH]c2=O)cc1
303,-5.0,CC1=C(C(=NO1)C)S(=O)(=O)NC2=CC=C(C=C2)C(=O)NC3=CC=C(C=C3)OC(F)(F)F,Cc1noc(C)c1S(=O)(=O)Nc1ccc(C(=O)Nc2ccc(OC(F)(F)F)cc2)cc1
304,-4.647058823529412,CC(C)(C)OC(=O)[C@H](CC1=CC=CC=C1)NC(=O)C2=C(NC=N2)C(=O)NCC3=CC=C(C=C3)CNC(=O)OC(C)(C)C,CC(C)(C)OC(=O)NCc1ccc(CNC(=O)c2[nH]cnc2C(=O)N[C@@H](Cc2ccccc2)C(=O)OC(C)(C)C)cc1
305,-5.0,CC(C)(C)OC(=O)CNC(=O)C1=C(N=CN1)C(=O)NC(C2=CC=CC=C2)C3=CC=CC=C3,CC(C)(C)OC(=O)CNC(=O)c1[nH]cnc1C(=O)NC(c1ccccc1)c1ccccc1
306,-4.764705882352941,CC(C)(C)OC(=O)NCC1=CC=C(C=C1)CNC(=O)C2=C(N=CN2)C(=O)N[C@@H](CC3=CC=CC=C3)C(=O)OCC4=CC=CC=C4,CC(C)(C)OC(=O)NCc1ccc(CNC(=O)c2[nH]cnc2C(=O)N[C@@H](Cc2ccccc2)C(=O)OCc2ccccc2)cc1
307,-4.882352941176471,CCOC(=O)C1CCN(CC1)C(=O)C2=CC3=C(C=C2)S/C(=C/C4=CC=CC(=C4)C)/C(=O)N3,CCOC(=O)C1CCN(C(=O)c2ccc3c(c2)NC(=O)/C(=C\c2cccc(C)c2)S3)CC1
308,-4.882352941176471,CC(C)CS(=O)(=O)C1=NSC2=NC(=O)/C(=C\C3=CC=C(C=C3)OC(=O)C4=CC=CO4)/C(=N)N21,CC(C)CS(=O)(=O)C1=NSC2=NC(=O)/C(=C\c3ccc(OC(=O)c4ccco4)cc3)C(=N)N21
309,-5.0,CC1=CC(=C(C(=C1)C)S(=O)(=O)/N=C/2\C=C(C(=O)C3=CC=CC=C32)NC4=CC=C(C=C4)C(=O)O)C,Cc1cc(C)c(S(=O)(=O)/N=C2\C=C(Nc3ccc(C(=O)O)cc3)C(=O)c3ccccc32)c(C)c1
310,-4.764705882352941,CC1=CC=C(C=C1)S(=O)(=O)/N=C/2\C=C(C(=O)C3=CC=CC=C32)NC4=CC=CC(=C4)C(=O)O,Cc1ccc(S(=O)(=O)/N=C2\C=C(Nc3cccc(C(=O)O)c3)C(=O)c3ccccc32)cc1
311,-0.7647058823529411,C1=CC=NC(=C1)SCC(=O)NC2=NON=C2[N+](=O)[O-],O=C(CSc1ccccn1)Nc1nonc1[N+](=O)[O-]
312,-4.882352941176471,CC(C)C1=CC=C(C=C1)NC(=O)CSC2=NC3=C(C(=O)N2CC4=CC=C(C=C4)C(=O)O)SC=C3,CC(C)c1ccc(NC(=O)CSc2nc3ccsc3c(=O)n2Cc2ccc(C(=O)O)cc2)cc1
313,-5.0,C1C2=C(N(N=C2CS1(=O)=O)C3=CC(=CC=C3)Cl)NC(=O)C4=CC5=C(C=C4)OCO5,O=C(Nc1c2c(nn1-c1cccc(Cl)c1)CS(=O)(=O)C2)c1ccc2c(c1)OCO2
314,-4.529411764705882,CC1=C(C=C(C=C1)C(=O)O)NC(=S)NC(=O)C2=CC=C(C=C2)COC3=CC=CC=C3,Cc1ccc(C(=O)O)cc1NC(=S)NC(=O)c1ccc(COc2ccccc2)cc1
315,-4.411764705882353,CC[C@]12[C@@H]3[C@H]([C@H](N1C(=O)N(C2=O)C4=CC(=CC=C4)F)C5=CC=C(C=C5)F)C(=O)N(C3=O)C6CCCCC6,CC[C@@]12C(=O)N(c3cccc(F)c3)C(=O)N1[C@H](c1ccc(F)cc1)[C@@H]1C(=O)N(C3CCCCC3)C(=O)[C@@H]12
316,-4.882352941176471,C[C@]12[C@@H]3[C@H]([C@H](N1C(=O)N(C2=O)C4=CC(=CC=C4)F)C5=CC=C(C=C5)F)C(=O)N(C3=O)C6CCCCC6,C[C@@]12C(=O)N(c3cccc(F)c3)C(=O)N1[C@H](c1ccc(F)cc1)[C@@H]1C(=O)N(C3CCCCC3)C(=O)[C@@H]12
317,-4.764705882352941,CN(CC1=NC=CN=C1)C(=O)C2=NOC(=C2)COC3=CC=CC=C3SC,CSc1ccccc1OCc1cc(C(=O)N(C)Cc2cnccn2)no1
318,-2.0588235294117645,C[C@]12[C@@H]3[C@H]([C@H](N1C(=O)N(C2=O)C4=CC(=CC=C4)Br)C5=CC=C(C=C5)Cl)C(=O)N(C3=O)C6CCCCC6,C[C@@]12C(=O)N(c3cccc(Br)c3)C(=O)N1[C@H](c1ccc(Cl)cc1)[C@@H]1C(=O)N(C3CCCCC3)C(=O)[C@@H]12
319,-5.0,C1=CC=C2C(=C1)C(C3=CC=CC=C32)COC(=O)N[C@@H](CC4=CC=C(C=C4)Br)C(=O)O,O=C(N[C@@H](Cc1ccc(Br)cc1)C(=O)O)OCC1c2ccccc2-c2ccccc21
320,3.117647058823529,CCC1=CC(=O)OC2=C1C=CC(=C2)OC(=O)C3=CC=CO3,CCc1cc(=O)oc2cc(OC(=O)c3ccco3)ccc12
321,-5.0,CC1=NC(=CO1)C2=CC=C(C=C2)S(=O)(=O)N3CCN(CC3)C4=CC=CC=C4,Cc1nc(-c2ccc(S(=O)(=O)N3CCN(c4ccccc4)CC3)cc2)co1
322,-4.882352941176471,CC1=CC(=NN1)C(=O)NC2CCCC3=C2C=NN3C4=CC=C(C=C4)C(C)(C)C,Cc1cc(C(=O)NC2CCCc3c2cnn3-c2ccc(C(C)(C)C)cc2)n[nH]1
323,-4.882352941176471,CN(CCC1=CC=CC=C1)C(=O)C2=NOC(=C2)COC3=CC=CC(=C3)C(F)(F)F,CN(CCc1ccccc1)C(=O)c1cc(COc2cccc(C(F)(F)F)c2)on1
324,-3.4705882352941178,C1=C(C=C(C=C1C(F)(F)F)NS(=O)(=O)C2=C(N=CC(=C2)Br)N)C(F)(F)F,Nc1ncc(Br)cc1S(=O)(=O)Nc1cc(C(F)(F)F)cc(C(F)(F)F)c1
325,-4.882352941176471,CCOC1=CC=C(C=C1)N(CC2=CC3=C(C=C(C=C3)C)NC2=O)S(=O)(=O)C4=CC=CC=C4,CCOc1ccc(N(Cc2cc3ccc(C)cc3[nH]c2=O)S(=O)(=O)c2ccccc2)cc1
326,-5.0,CC1=CC(=CC=C1)C(=O)NC2=NN=C(S2)S(=O)(=O)NC3=CC=CC(=C3)C,Cc1cccc(NS(=O)(=O)c2nnc(NC(=O)c3cccc(C)c3)s2)c1
327,-4.882352941176471,C1CN(CCC1C2=NC3=C(C(=O)N2)N=NN3CC4=CC=C(C=C4)OC(F)(F)F)S(=O)(=O)C5=CC=CC=C5F,O=c1[nH]c(C2CCN(S(=O)(=O)c3ccccc3F)CC2)nc2c1nnn2Cc1ccc(OC(F)(F)F)cc1
328,-5.0,CN(CC1=CC=C(C=C1)F)S(=O)(=O)C2=NN=C(S2)NC(=O)C3=CC=CC=C3Br,CN(Cc1ccc(F)cc1)S(=O)(=O)c1nnc(NC(=O)c2ccccc2Br)s1
329,-4.882352941176471,CC1C(=O)NC2=C(S1)C=CC(=C2)S(=O)(=O)CCC(=O)N3CCN(CC3)C4=C(C=CC(=C4)C)C,Cc1ccc(C)c(N2CCN(C(=O)CCS(=O)(=O)c3ccc4c(c3)NC(=O)C(C)S4)CC2)c1
330,-5.0,CCN(C1=CC=CC=C1)S(=O)(=O)C2=NN=C(S2)NC(=O)C3=CC=CC=C3OC,CCN(c1ccccc1)S(=O)(=O)c1nnc(NC(=O)c2ccccc2OC)s1
331,-4.882352941176471,CCC1=CC=C(C=C1)NC(=O)C2CCCN(C2)S(=O)(=O)C3=CC4=C(C=C3)NC(=O)C=C4,CCc1ccc(NC(=O)C2CCCN(S(=O)(=O)c3ccc4[nH]c(=O)ccc4c3)C2)cc1
332,-5.0,CC1=CC(=C(C=C1)C)OC(C)C(=O)NC2=NC=CS2,Cc1ccc(C)c(OC(C)C(=O)Nc2nccs2)c1
333,-4.882352941176471,C1=CC(=CC=C1F)SCC(=O)NC2=CC3=C(C=C2)C(=O)NC3=O,O=C(CSc1ccc(F)cc1)Nc1ccc2c(c1)C(=O)NC2=O
334,-5.0,CCOC1=CC=C(C=C1)NC(=O)CSC2=NC(=CC(=O)N2)NS(=O)(=O)C3=CC=C(C=C3)C,CCOc1ccc(NC(=O)CSc2nc(NS(=O)(=O)c3ccc(C)cc3)cc(=O)[nH]2)cc1
335,-5.0,COC1=NC(=NC(=C1)NS(=O)(=O)C2=CC=C(C=C2)NC(=S)NC(=O)C3=CC=C(C=C3)F)OC,COc1cc(NS(=O)(=O)c2ccc(NC(=S)NC(=O)c3ccc(F)cc3)cc2)nc(OC)n1
336,-4.529411764705882,CC(=O)NC1=CC=C(C=C1)N(C(C2=C(C(=CC=C2)OC)OC)C(=O)NCC3CCCO3)C(=O)CN4C5=CC=CC=C5N=N4,COc1cccc(C(C(=O)NCC2CCCO2)N(C(=O)Cn2nnc3ccccc32)c2ccc(NC(C)=O)cc2)c1OC
337,-0.0588235294117645,CC1CCC2C(C1)C(=O)N(C2=O)C3=C(C=CC(=C3)Cl)OC(=O)C4=CC=CO4,CC1CCC2C(=O)N(c3cc(Cl)ccc3OC(=O)c3ccco3)C(=O)C2C1
338,-4.294117647058823,CC(=O)NC1=CC=C(C=C1)N(C(C2=C(C=C(C=C2)OC)OC)C(=O)NCC3CCCO3)C(=O)CN4C5=CC=CC=C5N=N4,COc1ccc(C(C(=O)NCC2CCCO2)N(C(=O)Cn2nnc3ccccc32)c2ccc(NC(C)=O)cc2)c(OC)c1
339,-4.411764705882353,CCC1=CC=C(C=C1)N(C(C2=CN=CC=C2)C(=O)NC3CCCC3)C(=O)C4=CC=CO4,CCc1ccc(N(C(=O)c2ccco2)C(C(=O)NC2CCCC2)c2cccnc2)cc1
340,4.1764705882352935,CCC(C)C1=CC=C(C=C1)N(C(C2=CN=CC=C2)C(=O)NC3CCCC3)C(=O)C4=CC=CO4,CCC(C)c1ccc(N(C(=O)c2ccco2)C(C(=O)NC2CCCC2)c2cccnc2)cc1
341,-4.529411764705882,CC1=CC(=C(C=C1Br)Br)OCC(=O)N/N=C(\C)/CC(=O)NC2=CC=C(C=C2)NC(=O)C,CC(=O)Nc1ccc(NC(=O)C/C(C)=N/NC(=O)COc2cc(C)c(Br)cc2Br)cc1
342,-4.764705882352941,CC1CCN(CC1)C2=C3C(=C(SC3=NC(=N2)C)C(=O)NC4=CC5=C(C=C4)OCCO5)C,Cc1nc(N2CCC(C)CC2)c2c(C)c(C(=O)Nc3ccc4c(c3)OCCO4)sc2n1
343,-5.0,COC1=CC=C(C=C1)S(=O)(=O)C2=C(C3=C(C=C(C=C3)C(=O)NC4=CC(=CC=C4)F)NC2=O)O,COc1ccc(S(=O)(=O)c2c(O)c3ccc(C(=O)Nc4cccc(F)c4)cc3[nH]c2=O)cc1
344,-4.411764705882353,CCC1=CC=C(C=C1)S(=O)(=O)/N=C/2\C=C(C(=O)C3=CC=CC=C32)NC4=CC=C(C=C4)C(=O)O,CCc1ccc(S(=O)(=O)/N=C2\C=C(Nc3ccc(C(=O)O)cc3)C(=O)c3ccccc32)cc1
345,-4.882352941176471,CC(C)C[C@@H](C(=O)OC(C)(C)C)NC(=O)C1=C(N=CN1)C(=O)N[C@@H](CC2=CC=CC=C2)C(=O)OCC3=CC=CC=C3,CC(C)C[C@H](NC(=O)c1[nH]cnc1C(=O)N[C@@H](Cc1ccccc1)C(=O)OCc1ccccc1)C(=O)OC(C)(C)C
346,-5.0,C1CN(CCN1CC2=CC=CC=C2)C(=O)CNC(=O)C3=CC=C(C=C3)Br,O=C(NCC(=O)N1CCN(Cc2ccccc2)CC1)c1ccc(Br)cc1
347,-4.529411764705882,CC(C)C1=CC=C(C=C1)N(C(C2=CN=CC=C2)C(=O)NC3CCCC3)C(=O)C4=CSN=N4,CC(C)c1ccc(N(C(=O)c2csnn2)C(C(=O)NC2CCCC2)c2cccnc2)cc1
348,0.6470588235294121,CC(C)C1=CC=C(C=C1)N(C(C2=CN=CC=C2)C(=O)NC3CCCC3)C(=O)C4=CC=CO4,CC(C)c1ccc(N(C(=O)c2ccco2)C(C(=O)NC2CCCC2)c2cccnc2)cc1
349,-2.411764705882353,CC(=O)NC1=CC=C(C=C1)N(C(C2=CC(=CC=C2)OC)C(=O)NCC3CCCO3)C(=O)CN4C5=CC=CC=C5N=N4,COc1cccc(C(C(=O)NCC2CCCO2)N(C(=O)Cn2nnc3ccccc32)c2ccc(NC(C)=O)cc2)c1
350,-1.5882352941176472,CC(=O)NC1=CC=C(C=C1)N(C(C2=CC=C(C=C2)OC)C(=O)NCC3CCCO3)C(=O)CN4C5=CC=CC=C5N=N4,COc1ccc(C(C(=O)NCC2CCCO2)N(C(=O)Cn2nnc3ccccc32)c2ccc(NC(C)=O)cc2)cc1
351,-4.764705882352941,COC1=CC=CC=C1/C=C\2/C(=O)N(C(=S)S2)CCC(=O)NNC(=O)C3=CC=CC=C3OC,COc1ccccc1/C=C1\SC(=S)N(CCC(=O)NNC(=O)c2ccccc2OC)C1=O
352,-4.529411764705882,CC1=CC=CC=C1NC2=C/C(=N\S(=O)(=O)C3=CC=C(C=C3)C(=O)O)/C4=CC=CC=C4C2=O,Cc1ccccc1NC1=C/C(=N\S(=O)(=O)c2ccc(C(=O)O)cc2)c2ccccc2C1=O
353,-4.647058823529412,CC1=C(C(=NO1)C)S(=O)(=O)N(CC(=O)NCC2=CC(=CC=C2)OC)C3=CC=C(C=C3)C(C)C,COc1cccc(CNC(=O)CN(c2ccc(C(C)C)cc2)S(=O)(=O)c2c(C)noc2C)c1
354,-5.0,CCN(C1=CC=C(C=C1)OC)S(=O)(=O)C2=NN=C(S2)NC(=O)COC3=CC=C(C=C3)C,CCN(c1ccc(OC)cc1)S(=O)(=O)c1nnc(NC(=O)COc2ccc(C)cc2)s1
355,-4.882352941176471,CC1=CC(=CC=C1)NS(=O)(=O)C2=NN=C(S2)NC(=O)C3=CC=C(C=C3)Cl,Cc1cccc(NS(=O)(=O)c2nnc(NC(=O)c3ccc(Cl)cc3)s2)c1
356,-5.0,C1CN(CCN1C2=CC=C(C=C2)F)C(=O)CCS(=O)(=O)C3=CC=CC=C3,O=C(CCS(=O)(=O)c1ccccc1)N1CCN(c2ccc(F)cc2)CC1
357,-5.0,COC1=CC(=C(C=C1/C=C\2/C(=O)C3=C(O2)C=C(C=C3)OCC(=O)N4CC5=CC=CC=C5C[C@H]4C(=O)O)OC)OC,COc1cc(OC)c(OC)cc1/C=C1\Oc2cc(OCC(=O)N3Cc4ccccc4C[C@H]3C(=O)O)ccc2C1=O
358,0.0588235294117645,C1=CC(=CC=C1NS(=O)(=O)C2=CC=C(C=C2)Br)S(=O)(=O)NC3=NC=CS3,O=S(=O)(Nc1ccc(S(=O)(=O)Nc2nccs2)cc1)c1ccc(Br)cc1
359,-5.0,CCOC1=CC=C(C=C1)N(CC(=O)NCCSCC2=CC=CO2)S(=O)(=O)C3=CC=C(C=C3)C,CCOc1ccc(N(CC(=O)NCCSCc2ccco2)S(=O)(=O)c2ccc(C)cc2)cc1
360,-5.0,CCC1=C(SC(=C1C(=O)N2CCOCC2)NC(=O)CC3=CC=CC=C3OC)C,CCc1c(C)sc(NC(=O)Cc2ccccc2OC)c1C(=O)N1CCOCC1
361,-4.882352941176471,CN1C(=C(C=N1)Cl)C(=O)NC2=CC3=C(C=C2)OCO3,Cn1ncc(Cl)c1C(=O)Nc1ccc2c(c1)OCO2
362,-5.0,CCOC1=CC=C(C=C1)C2C(=C(C(=O)N2C3=NC(=C(S3)C(=O)OC)C)O)C(=O)C4=CC=C(O4)C,CCOc1ccc(C2C(C(=O)c3ccc(C)o3)=C(O)C(=O)N2c2nc(C)c(C(=O)OC)s2)cc1
363,-1.9411764705882355,CC1=CC=C(C=C1)C(=O)C2=C3C=CC=CC3=[N+](N2CCC(=O)N)[O-],Cc1ccc(C(=O)c2c3ccccc3[n+]([O-])n2CCC(N)=O)cc1
364,-2.411764705882353,C1=CC2=C(N([N+](=C2C=C1)[O-])CCC(=O)N)C(=O)C3=CC(=C(C(=C3)Cl)N)Cl,NC(=O)CCn1c(C(=O)c2cc(Cl)c(N)c(Cl)c2)c2ccccc2[n+]1[O-]
365,-0.0588235294117645,C1=CC2=C(N([N+](=C2C=C1)[O-])CCC(=O)N)C(=O)C3=CC=C(C=C3)Cl,NC(=O)CCn1c(C(=O)c2ccc(Cl)cc2)c2ccccc2[n+]1[O-]
366,-2.8823529411764706,CC1=CC=C(C=C1)C(=O)C2=C3C=CC(=CC3=[N+](N2CCC(=O)N)[O-])C(F)(F)F,Cc1ccc(C(=O)c2c3ccc(C(F)(F)F)cc3[n+]([O-])n2CCC(N)=O)cc1
367,-4.764705882352941,CC1=CC=C(C=C1)C(=O)N2CCN(CC2)C3=CC=C(C=C3)NC(=O)C4=CC(=C(C(=C4)OC)OC)OC,COc1cc(C(=O)Nc2ccc(N3CCN(C(=O)c4ccc(C)cc4)CC3)cc2)cc(OC)c1OC
368,-4.529411764705882,COC1=CC=C(C=C1)N(CC2=CC3=CC=CC=C3NC2=O)S(=O)(=O)C4=CC=C(C=C4)OC,COc1ccc(N(Cc2cc3ccccc3[nH]c2=O)S(=O)(=O)c2ccc(OC)cc2)cc1
369,-5.0,CCN1C2=C(C=C3C=C(C=CC3=N2)C)C(=N1)NS(=O)(=O)C4=CC=CC=C4,CCn1nc(NS(=O)(=O)c2ccccc2)c2cc3cc(C)ccc3nc21
370,-5.0,CCN1C2=NC3=C(C=CC=C3C=C2C(=N1)NS(=O)(=O)C4=CC=C(C=C4)[N+](=O)[O-])C,CCn1nc(NS(=O)(=O)c2ccc([N+](=O)[O-])cc2)c2cc3cccc(C)c3nc21
371,-5.0,CN(CC1=C(N=NN1C2=NON=C2N)C(=O)N/N=C/C3=CC(=CC=C3)OC)C4=CC=CC=C4,COc1cccc(/C=N/NC(=O)c2nnn(-c3nonc3N)c2CN(C)c2ccccc2)c1
372,-4.764705882352941,CC(C)OC1=CC=C(C=C1)/C=N/NC(=O)C2=C(N(N=N2)C3=NON=C3N)CN(C)C4=CC=CC=C4,CC(C)Oc1ccc(/C=N/NC(=O)c2nnn(-c3nonc3N)c2CN(C)c2ccccc2)cc1
373,-4.764705882352941,CC1=C(C=CC2=C1OC(=O)C3=CC=CC=C23)OCC(=O)N[C@@H](CC4=CNC5=CC=CC=C54)C(=O)O,Cc1c(OCC(=O)N[C@@H](Cc2c[nH]c3ccccc23)C(=O)O)ccc2c1oc(=O)c1ccccc12
374,-5.0,CCN1C=C(C=N1)C(=O)NC(=S)NC2=CC=CC=C2[N+](=O)[O-],CCn1cc(C(=O)NC(=S)Nc2ccccc2[N+](=O)[O-])cn1
375,-5.0,C1CCN(CC1)S(=O)(=O)C2=CC=C(C=C2)OCC(=O)NC3=CC=CC=C3F,O=C(COc1ccc(S(=O)(=O)N2CCCCC2)cc1)Nc1ccccc1F
376,-5.0,CC1=CC(=C(C=C1)OC)NC(=O)CSC2=NC3=C(C(=CS3)C)C(=O)N2,COc1ccc(C)cc1NC(=O)CSc1nc2scc(C)c2c(=O)[nH]1
377,-4.882352941176471,C1=CC2=NON=C2C(=C1)S(=O)(=O)NC3=C(C=CC(=C3)F)F,O=S(=O)(Nc1cc(F)ccc1F)c1cccc2nonc12
378,-5.0,CC1=C(ON=C1C)NS(=O)(=O)C2=CC=C(C=C2)NC(=O)C3=C(C4=C(O3)C=CC(=C4)Cl)C,Cc1noc(NS(=O)(=O)c2ccc(NC(=O)c3oc4ccc(Cl)cc4c3C)cc2)c1C
379,-4.176470588235294,C1COCCN1C(=O)CN2C=C(C3=CC=CC=C32)/C=C/4\C(=O)NC(=O)N(C4=O)C5=CC=CC=C5F,O=C1NC(=O)N(c2ccccc2F)C(=O)/C1=C/c1cn(CC(=O)N2CCOCC2)c2ccccc12
380,-4.764705882352941,CC1=C(C=C(C=C1)OCC(=O)NC2=C(C=C(C=C2)C(=O)O)NC(=O)COC3=CC(=C(C=C3)C)C)C,Cc1ccc(OCC(=O)Nc2ccc(C(=O)O)cc2NC(=O)COc2ccc(C)c(C)c2)cc1C
381,-5.0,CC1=CC=C(O1)C(=O)C2=C(C(=O)N(C2C3=CC=C(C=C3)OC(C)C)CC4=CN=CC=C4)O,Cc1ccc(C(=O)C2=C(O)C(=O)N(Cc3cccnc3)C2c2ccc(OC(C)C)cc2)o1
382,-4.882352941176471,C1CN(CCN1C2=CC=CC=C2NC(=O)C3=CC(=CC=C3)[N+](=O)[O-])C(=O)C4=CC=C(C=C4)Cl,O=C(Nc1ccccc1N1CCN(C(=O)c2ccc(Cl)cc2)CC1)c1cccc([N+](=O)[O-])c1
383,-4.294117647058823,CC(C)OP(=O)(C1(C=C(C(=O)C(=C1)Cl)Cl)NS(=O)(=O)C2=CC=C(C=C2)Cl)OC(C)C,CC(C)OP(=O)(OC(C)C)C1(NS(=O)(=O)c2ccc(Cl)cc2)C=C(Cl)C(=O)C(Cl)=C1
384,-4.882352941176471,COC1=CC=C(C=C1)S(=O)(=O)N2CCN(CC2)C(=O)NC3=CC=CC=C3OC,COc1ccc(S(=O)(=O)N2CCN(C(=O)Nc3ccccc3OC)CC2)cc1
385,-4.882352941176471,COC(=O)C1=CC=C(C=C1)NC(=O)C2=CC=C(C=C2)NC(=O)C3=CC=CO3,COC(=O)c1ccc(NC(=O)c2ccc(NC(=O)c3ccco3)cc2)cc1
386,-5.0,CC1=CC(=C(C=C1)C)S(=O)(=O)N2CCN(CC2)C(=O)C3=CC(=C(C=C3)N4CCCC4)[N+](=O)[O-],Cc1ccc(C)c(S(=O)(=O)N2CCN(C(=O)c3ccc(N4CCCC4)c([N+](=O)[O-])c3)CC2)c1
387,-3.0,C1=CC2=C(N([N+](=C2C=C1)[O-])CCC(=O)N)C(=O)C3=CC(=CC=C3)[N+](=O)[O-],NC(=O)CCn1c(C(=O)c2cccc([N+](=O)[O-])c2)c2ccccc2[n+]1[O-]
388,-4.764705882352941,C1CCN(C(C1)CCO)C(=O)CCN2C(=O)/C(=C/C3=CC(=CC=C3)Cl)/SC2=S,O=C1/C(=C/c2cccc(Cl)c2)SC(=S)N1CCC(=O)N1CCCCC1CCO
389,-5.0,CC1=CC=C(C=C1)NC(=O)CN(C)C(=O)C2=C(N=CC=C2)NC3=CC=CC(=C3)C(F)(F)F,Cc1ccc(NC(=O)CN(C)C(=O)c2cccnc2Nc2cccc(C(F)(F)F)c2)cc1
390,-4.764705882352941,CCN(CC)C1=CC(=C(C=C1)/C=N/NC(=O)C2=C(N(N=N2)C3=NON=C3N)C(C)C)O,CCN(CC)c1ccc(/C=N/NC(=O)c2nnn(-c3nonc3N)c2C(C)C)c(O)c1
391,-4.882352941176471,C1=CSC(=C1)/C=C\2/C(=O)N(C(=O)S2)CC(=O)NC3=CC(=C(C=C3)C(=O)O)O,O=C(CN1C(=O)S/C(=C\c2cccs2)C1=O)Nc1ccc(C(=O)O)c(O)c1
392,-5.0,CC1=CC=C(C=C1)C(=O)C2=C3C=CC(=CC3=[N+](N2CCC(=O)N)[O-])[N+](=O)[O-],Cc1ccc(C(=O)c2c3ccc([N+](=O)[O-])cc3[n+]([O-])n2CCC(N)=O)cc1
393,-4.294117647058823,CC1=C(C2=C(O1)C(=C(C(=C2F)F)F)F)S(=O)(=O)NC3=CC=CC(=C3)C(F)(F)F,Cc1oc2c(F)c(F)c(F)c(F)c2c1S(=O)(=O)Nc1cccc(C(F)(F)F)c1
394,-5.0,CC(C)(C)C1=CC=C(C=C1)NC(=O)CSC2=NNC(=O)N2C3=CN=CC=C3,CC(C)(C)c1ccc(NC(=O)CSc2n[nH]c(=O)n2-c2cccnc2)cc1
395,-5.0,CC(=O)N(C1=CC=C(C=C1)C(F)(F)F)S(=O)(=O)C2=CC=C(C=C2)N3C(=O)CCC3=O,CC(=O)N(c1ccc(C(F)(F)F)cc1)S(=O)(=O)c1ccc(N2C(=O)CCC2=O)cc1
396,-4.764705882352941,CCCC1=C(N=NN1C2=NON=C2N)C(=O)N/N=C/C3=C(C=CC4=CC=CC=C43)OC,CCCc1c(C(=O)N/N=C/c2c(OC)ccc3ccccc23)nnn1-c1nonc1N
397,-4.882352941176471,COC1=CC=C(C=C1)NC(=O)CC2C(=O)NCCN2C(=O)NC3=CC=C(C=C3)C(F)(F)F,COc1ccc(NC(=O)CC2C(=O)NCCN2C(=O)Nc2ccc(C(F)(F)F)cc2)cc1
398,-4.882352941176471,C1COC2=C(O1)C=CC(=C2)NC(=O)C3=C(OC=N3)C4=CC=CC=C4,O=C(Nc1ccc2c(c1)OCCO2)c1ncoc1-c1ccccc1
399,-5.0,COC(=O)C1=CC=CC=C1NC(=O)C2=CC3=C(C=C2)OCCCO3,COC(=O)c1ccccc1NC(=O)c1ccc2c(c1)OCCCO2
400,-4.882352941176471,COC1=CC=CC=C1CCNC(=O)C(=O)NCC2N(CCO2)S(=O)(=O)C3=CC4=C(C=C3)OCCO4,COc1ccccc1CCNC(=O)C(=O)NCC1OCCN1S(=O)(=O)c1ccc2c(c1)OCCO2
401,-5.0,CN(C)CCNC(=O)C(=O)NCC1N(CCO1)S(=O)(=O)C2=CC=C(C=C2)OC,COc1ccc(S(=O)(=O)N2CCOC2CNC(=O)C(=O)NCCN(C)C)cc1
402,-4.647058823529412,C1COC(N1S(=O)(=O)C2=CC3=C(C=C2)OCCO3)CNC(=O)C(=O)NCCC4=CC=CC=C4,O=C(NCCc1ccccc1)C(=O)NCC1OCCN1S(=O)(=O)c1ccc2c(c1)OCCO2
403,-5.0,C1C(=O)NC2=CC=CC=C2N1C(=O)NCC(=O)NC3=CC=C(C=C3)Cl,O=C(CNC(=O)N1CC(=O)Nc2ccccc21)Nc1ccc(Cl)cc1
404,-5.0,CC1=CC2=C(C=C1)N(C(=O)C2=O)CCOC3=CC=CC=C3,Cc1ccc2c(c1)C(=O)C(=O)N2CCOc1ccccc1
405,-5.0,COC1=CC=C(C=C1)S(=O)(=O)C2=C(C3=C(C=C(C=C3)C(=O)NC4=CC=C(C=C4)F)NC2=O)O,COc1ccc(S(=O)(=O)c2c(O)c3ccc(C(=O)Nc4ccc(F)cc4)cc3[nH]c2=O)cc1
406,-5.0,CN1C2=C(C(=O)N(C1=O)C)N(C(=N2)CN3CCC4=CC=CC=C4C3)CCC5=CC=CC=C5,Cn1c(=O)c2c(nc(CN3CCc4ccccc4C3)n2CCc2ccccc2)n(C)c1=O
407,-5.0,CC1=CC2=C(C=C1)NC3=C2CN(CC3)C(=O)CN4C[C@H]5C[C@@H](C4)C6=CC=CC(=O)N6C5,Cc1ccc2[nH]c3c(c2c1)CN(C(=O)CN1C[C@@H]2C[C@H](C1)Cn1c2cccc1=O)CC3
408,-5.0,C1=CC=C(C=C1)C(=O)NC2=CC(=C(C=C2)OCC(C(F)F)(F)F)C(F)(F)F,O=C(Nc1ccc(OCC(F)(F)C(F)F)c(C(F)(F)F)c1)c1ccccc1
409,-5.0,CC1=CC(=NN1C(=O)C2=CC=CC=C2)NC3=CC=CC=C3,Cc1cc(Nc2ccccc2)nn1C(=O)c1ccccc1
410,-5.0,C/C(=N/NC(=O)CN1N=C2C=CC=CC2=N1)/C3=CC=C(C=C3)F,C/C(=N/NC(=O)Cn1nc2ccccc2n1)c1ccc(F)cc1
411,-5.0,CC1=CC=C(C=C1)C2(CCOC(C2)C(C)C)CCNS(=O)(=O)C3=CC=C(C=C3)C,Cc1ccc(C2(CCNS(=O)(=O)c3ccc(C)cc3)CCOC(C(C)C)C2)cc1
412,-5.0,CCOC(=O)C1=C(SC=C1CC(C)C)NC(=O)C2=CC=CC=C2C(=O)O,CCOC(=O)c1c(CC(C)C)csc1NC(=O)c1ccccc1C(=O)O
413,-5.0,C1CN(CCC1C2=NC3=C(C(=O)N2)N=NN3CC4=CC=CC=C4)S(=O)(=O)C5=CC=CC=C5C(F)(F)F,O=c1[nH]c(C2CCN(S(=O)(=O)c3ccccc3C(F)(F)F)CC2)nc2c1nnn2Cc1ccccc1
414,-5.0,CC1=CC2=C(C=C1C)N(C=N2)CC(COC3=CC=CC(=C3)C(=O)OC)O,COC(=O)c1cccc(OCC(O)Cn2cnc3cc(C)c(C)cc32)c1
415,-5.0,COC1=CC=C(C=C1)CNC(=O)NC2=CC=CC=C2,COc1ccc(CNC(=O)Nc2ccccc2)cc1
416,-5.0,C1=CC=C(C=C1)C2=CC(=NC(=N2)NS(=O)(=O)C3=CC=C(C=C3)N)C4=CC=CC=C4,Nc1ccc(S(=O)(=O)Nc2nc(-c3ccccc3)cc(-c3ccccc3)n2)cc1
417,-5.0,CC1=C(C=CC=C1Cl)N2C(C(C2=O)N3C(=O)C4=C(C3=O)C(=CC=C4)[N+](=O)[O-])C5=CC=CS5,Cc1c(Cl)cccc1N1C(=O)C(N2C(=O)c3cccc([N+](=O)[O-])c3C2=O)C1c1cccs1
418,-5.0,CC(C)(C)OC(=O)[C@H](CCCCNC(=O)OC(C)(C)C)NC(=O)C1=C(NC=N1)C(=O)NCC(=O)OCC2=CC=CC=C2,CC(C)(C)OC(=O)NCCCC[C@H](NC(=O)c1nc[nH]c1C(=O)NCC(=O)OCc1ccccc1)C(=O)OC(C)(C)C
419,-5.0,CC(C)C[C@@H](C(=O)OCC1=CC=CC=C1)NC(=O)C2=C(NC=N2)C(=O)N[C@@H](CCCCNC(=O)OC(C)(C)C)C(=O)OC(C)(C)C,CC(C)C[C@H](NC(=O)c1nc[nH]c1C(=O)N[C@@H](CCCCNC(=O)OC(C)(C)C)C(=O)OC(C)(C)C)C(=O)OCc1ccccc1
420,-5.0,CCN(CC)C(=O)C1=C(C(=C(S1)NC(=O)CCl)C(=O)OCC)C,CCOC(=O)c1c(NC(=O)CCl)sc(C(=O)N(CC)CC)c1C
421,-5.0,CC(=O)OC1=C(C=C(C=C1I)I)C(=O)NC2=CC=C(C=C2)Cl,CC(=O)Oc1c(I)cc(I)cc1C(=O)Nc1ccc(Cl)cc1
422,-5.0,COC1=CC=CC=C1C(=O)NC(=S)NC2=CC(=C(C=C2)N3CCOCC3)Cl,COc1ccccc1C(=O)NC(=S)Nc1ccc(N2CCOCC2)c(Cl)c1
423,-5.0,CCC1=NN2C(=N)/C(=C\C3=CC=CN3C4=C(C=C(C=C4)C)C)/C(=O)N=C2S1,CCC1=NN2C(=N)/C(=C\c3cccn3-c3ccc(C)cc3C)C(=O)N=C2S1
424,-5.0,CN1C2=C(C=C(C=C2)OC)C=C1C(=O)N/N=C/C3=C(C(=CC4=CC=CC=C43)C(=O)O)O,COc1ccc2c(c1)cc(C(=O)N/N=C/c1c(O)c(C(=O)O)cc3ccccc13)n2C
425,-5.0,C1=CC=C2C(=C1)C=C(C(=O)O2)C(=O)NCC3=CC=CC=N3,O=C(NCc1ccccn1)c1cc2ccccc2oc1=O
426,-5.0,CC1=CC=C(C=C1)S(=O)(=O)N2C(=NC(=N2)C3=CC=CO3)SCC4=CC=CC=C4,Cc1ccc(S(=O)(=O)n2nc(-c3ccco3)nc2SCc2ccccc2)cc1
427,-5.0,CC1=C(C=C(C=C1)NC(=S)NNC2=C(C=C(C=C2)[N+](=O)[O-])S(=O)(=O)NC3=CC=CC=C3C(=O)O)C,Cc1ccc(NC(=S)NNc2ccc([N+](=O)[O-])cc2S(=O)(=O)Nc2ccccc2C(=O)O)cc1C
428,-5.0,CCC1=C(NC2=C1C=CC(=C2)C(F)(F)F)C3(CCCCC3)O,CCc1c(C2(O)CCCCC2)[nH]c2cc(C(F)(F)F)ccc12
429,-5.0,C1=CC=C(C=C1)CSC2=NN=C(S2)SCC3=CC=C(C=C3)C(=O)O,O=C(O)c1ccc(CSc2nnc(SCc3ccccc3)s2)cc1
430,-5.0,C1=CC=C2C(=C1)C=CC3=C2C=C(O3)C(=O)N/N=C/C4=CC=C(O4)C5=CC(=C(C=C5)Cl)C(=O)O,O=C(N/N=C/c1ccc(-c2ccc(Cl)c(C(=O)O)c2)o1)c1cc2c(ccc3ccccc32)o1
431,-5.0,C1=CC(=CC=C1C(F)(F)F)NC(=O)NC2=CC=C(C=C2)S(=O)(=O)N,NS(=O)(=O)c1ccc(NC(=O)Nc2ccc(C(F)(F)F)cc2)cc1
432,-5.0,C1CCN(CC1)CC(=O)NC2=C(C=C(C=C2)C(F)(F)F)Cl,O=C(CN1CCCCC1)Nc1ccc(C(F)(F)F)cc1Cl
433,-5.0,C1=CC=C(C=C1)N2C=C(C(=N2)C3=CC=C(C=C3)F)NC(=O)CCl,O=C(CCl)Nc1cn(-c2ccccc2)nc1-c1ccc(F)cc1
434,-5.0,CC1=CC(=CC=C1)N2C(=O)/C(=C\C3=CC(=C(C=C3)OC(=O)C4=CC=CO4)OC)/C(=O)N2,COc1cc(/C=C2/C(=O)NN(c3cccc(C)c3)C2=O)ccc1OC(=O)c1ccco1
435,-5.0,C1=CC(=C(N=C1)N2C(=O)N(C=N2)C3=CC=C(C=C3)Br)[N+](=O)[O-],O=c1n(-c2ccc(Br)cc2)cnn1-c1ncccc1[N+](=O)[O-]
436,-5.0,CC1=CC(=C(C(=C1)C)C(CC(=O)C2=CC=CS2)C(C#N)C#N)C,Cc1cc(C)c(C(CC(=O)c2cccs2)C(C#N)C#N)c(C)c1
437,-5.0,CCCCOC1=CC=C(C=C1)CCC(=O)N/N=C/C2=CC=CO2,CCCCOc1ccc(CCC(=O)N/N=C/c2ccco2)cc1
438,-5.0,C1=CC=C(C=C1)C2=CC3=CC=CC=C3N2CC(=O)NN,NNC(=O)Cn1c(-c2ccccc2)cc2ccccc21
439,-5.0,CC1=CC(=C(C=C1)S(=O)(=O)NC2=CC=C(C3=CC=CC=C32)O)C,Cc1ccc(S(=O)(=O)Nc2ccc(O)c3ccccc23)c(C)c1
440,-5.0,C1=CC2=NN(N=C2C=C1)CC(=O)N/N=C/C3=CC=C(C=C3)F,O=C(Cn1nc2ccccc2n1)N/N=C/c1ccc(F)cc1
441,-5.0,C1=CC=C(C=C1)NC(=O)NCCSCC2=CC=CO2,O=C(NCCSCc1ccco1)Nc1ccccc1
