smiles,group,FDAMDD
Clc1ccc(C(=O)n2c(C)c(CC(=O)OCC(=O)O)c3c2ccc(OC)c3)cc1,training,1.0
S(=O)([O-])(=NC(=O)C)c1c(S(=O)(=O)c2ccc(N)cc2)ccc(N)c1,training,0.0
SC[C@H](NC(=O)C)C(=O)O,training,0.0
O=C(CO)[C@@H]1[C@]2(C=O)[C@H]([C@H]3[C@H]([C@@H](O)C2)[C@]2(C)C(=CC(=O)CC2)CC3)CC1,training,1.0
O=C(N(c1ccccc1)C1(COC)CCN(CCN2C(=O)N(CC)N=N2)CC1)CC,training,1.0
S(P(=O)(O)O)CCNCCCN,training,0.0
O=C1C(CC)(c2ccc(N)cc2)CCC(=O)N1,training,0.0
S=C(N/N=C/c1ccc(NC(=O)C)cc1)N,training,1.0
O=C(O)c1c(N)nc2Oc3c(C(=O)c2c1)cc(C(C)C)cc3,training,1.0
S(=O)(=O)(Nc1cc(OC)c(Nc2c3c(nc4c2cccc4)cccc3)cc1)C,training,1.0
O(C)c1ccc(C2C(=O)c3c(C2=O)cccc3)cc1,training,0.0
O=C(OC1C[C@@H]2[N+](C)(C)[C@H](C1)CC2)C(CCC)CCC,training,1.0
N(Cc1ccccc1)(CC1=NCCN1)c1ccccc1,training,0.0
S(CC(O)CNC(C)(C)C)c1scc(-c2sc(C(=O)N)cc2)n1,training,1.0
O=C(Oc1c(C(=O)O)cccc1)C,training,0.0
O=C(N(C)[C@@H]1[C@@H](OC)[C@@H](O)[C@H](N)[C@@H](O[C@@H]2[C@H](N)CC[C@@H]([C@@H](N)C)O2)[C@@H]1O)CN,training,0.0
O=C(OC[C@@H]1[C@@H](OC(=O)C)[C@@H](OC(=O)C)[C@H](N2C(=O)NC(=O)C=N2)O1)C,training,0.0
O=C(N[C@@H]1C(=O)N2[C@@H](C(=O)O)C(C)(C)S[C@H]12)[C@@H](NC(=O)N1C(=O)NCC1)c1ccccc1,training,0.0
F[C@]12[C@@H](O)C[C@]3(C)[C@@](OC(=O)CC)(C(=O)COC(=O)CC)[C@@H](C)C[C@H]3[C@@H]1CCC=1[C@]2(C)C=CC(=O)C=1,training,1.0
Brc1c(N)c(CN(C)C2CCCCC2)cc(Br)c1,training,1.0
Brc1ccc(C2(O)CCN(CCCC(=O)c3ccc(F)cc3)CC2)cc1,training,1.0
O(CC(O)CNC(C)(C)C)c1c2c(C(=O)CCC2)ccc1,training,1.0
O=C(Nc1c(C)cccc1C)C1N(CCCC)CCCC1,training,0.0
O(C)C12[C@@H]([C@](O)(C(C)(C)C)C)C[C@@]3([C@@H]4N(CC5CC5)CC[C@@]53[C@H]1Oc1c(O)ccc(c51)C4)CC2,training,1.0
S(=O)(=O)(OCCCCOS(=O)(=O)C)C,training,1.0
Clc1c(S(=O)(=O)N)cc2S(=O)(=O)NC(CC(C)C)Nc2c1,training,1.0
O=C1C(C)=C(/C=C/C(=C/C=C/C(=C/C=C/C=C(/C=C/C=C(/C=C/C2=C(C)C(=O)CCC2(C)C)\C)\C)/C)/C)C(C)(C)CC1,training,0.0
S(=O)(=O)([O-])C1N(C)c2c(cc(N=NC(=O)N)c(O)c2)C1,training,1.0
O=C(O[C@@H]1C(C)(C)[C@H]2[C@@](C)([C@H]3C(=O)C=C4[C@](C)([C@]3(C)CC2)CC[C@]2(C)[C@H]4C[C@](C(=O)O)(C)CC2)CC1)CCC(=O)O,training,1.0
O=C(O)[C@@](NN)(Cc1cc(O)c(O)cc1)C,training,1.0
ClCCN(N=O)C(=O)NCCCl,training,1.0
O=C(N[C@@H]1C(=O)N2C(C(=O)O)=C(C)CS[C@H]12)[C@H](N)c1ccc(O)cc1,training,0.0
O=C(N[C@@H]1C(=O)N2C(C(=O)O)=C(C=C)CS[C@H]12)/C(=N\OCC(=O)O)/c1nc(N)sc1,training,0.0
S(=O)(=O)(O)Cn1c(SCC2=C(C(=O)O)N3C(=O)[C@@H](NC(=O)[C@H](O)c4ccccc4)[C@H]3SC2)nnn1,training,0.0
O=C(OCC1=C(C(=O)O)N2C(=O)[C@@](OC)(NC(=O)Cc3sccc3)[C@H]2SC1)N,training,0.0
S(CC1=C(C(=O)O)N2C(=O)[C@@H](NC(=O)Cn3nnnc3)[C@H]2SC1)c1scnn1,training,0.0
S(CC1=C(C(=O)O)N2C(=O)[C@@H](NC(=O)/C(=N\OC)/c3nc(N)sc3)[C@H]2SC1)C=1N(C)NC(=O)C(=O)N=1,training,0.0
O=C(N[C@@H]1C(=O)N2C(C(=O)O)=C(COC(=O)C)CS[C@H]12)[C@H](N)c1ccccc1,training,0.0
O=C(N[C@@H]1C(=O)N2C(C(=O)O)=C(COC(=O)C)CS[C@H]12)Cc1sccc1,training,0.0
ClC1=CC2=C(N(O)CC(=NC)N=C2C=C1)c1ccccc1,training,1.0
ClC=1C=2[C@@](C)([C@@H]3[C@H]([C@H]4[C@@](C)([C@@](OC(=O)C)(C(=O)C)CC4)CC3)C=1)CCC(=O)C=2,training,1.0
Clc1c(S(=O)(=O)N)cc(C2(O)NC(=O)c3c2cccc3)cc1,training,1.0
Clc1nc(N)c2ncn([C@@H]3O[C@H](CO)[C@@H](O)C3)c2n1,training,1.0
Cl[C@H]([C@@H](NC(=O)[C@H]1N(C)C[C@H](CCC)C1)[C@@H]1[C@H](O)[C@H](O)[C@@H](O)[C@@H](SC)O1)C,training,0.0
ClC=1C=2[C@@](C)([C@H]3[C@@H](O)C[C@]4(C)[C@@](O)(C(=O)CO)CC[C@H]4[C@@H]3C=1)C=CC(=O)C=2,training,1.0
Clc1c(-c2c(C(=O)N[C@@H]3C(=O)N4[C@@H](C(=O)O)C(C)(C)S[C@H]34)c(C)on2)cccc1,training,0.0
Clc1cc2N=C(N3CCN(C)CC3)c3c(Nc2cc1)cccc3,training,0.0
O=C(O)[C@H]1C(C)(C)S[C@@H]2[C@H](NC(=O)C3(N)CCCCC3)C(=O)N12,training,0.0
C(N1CCN(C)CC1)(c1ccccc1)c1ccccc1,training,0.0
Clc1ccc(N2C(C)(C)N=C(N)N=C2N)cc1,training,1.0
Clc1c(S(=O)(=O)N)cc2S(=O)(=O)NC(CC3CCCC3)Nc2c1,training,1.0
CN1CCC(=C2c3c(cccc3)C=Cc3c2cccc3)CC1,training,1.0
ClC=1C=2[C@](C)([C@@H]3[C@H](C(=O)C=2)C3)[C@@H]2[C@H]([C@H]3[C@@](C)([C@@](OC(=O)C)(C(=O)C)CC3)CC2)C=1,training,0.0
SC[C@H](N)C(=O)O,training,0.0
O[C@]1(C#C)[C@]2(CC)[C@H]([C@H]3[C@H](C(=C)C2)[C@@H]2C(=CCCC2)CC3)CC1,training,1.0
F[C@]12[C@@H](O)C[C@]3(C)[C@@](OC(=O)CC)(C(=O)COC(=O)CC)[C@H](C)C[C@H]3[C@@H]1CCC=1[C@]2(C)C=CC(=O)C=1,training,1.0
F[C@]12[C@@H](O)C[C@]3(C)[C@@](O)(C(=O)COC(=O)CCCCCCCCCCCCCCC)[C@H](C)C[C@H]3[C@@H]1CCC=1[C@]2(C)C=CC(=O)C=1,training,1.0
F[C@]12[C@@H](O)C[C@]3(C)[C@@](O)(C(=O)COC(=O)CCCC)[C@H](C)C[C@H]3[C@@H]1CCC=1[C@]2(C)C=CC(=O)C=1,training,1.0
Brc1ccc([C@H](CCN(C)C)c2ncccc2)cc1,training,1.0
Oc1cc2[C@]3(C)[C@@H](N)[C@H](Cc2cc1)CCCCC3,training,1.0
O=C1N(CCN(C)C)c2c(N(C)c3c1cccc3)cccc2,training,0.0
BrC[C@H](O)[C@@H](O)[C@H](O)[C@@H](O)CBr,training,0.0
ClC(Cl)C(=O)O,training,0.0
Clc1c(-c2c(C(=O)N[C@@H]3C(=O)N4[C@@H](C(=O)O)C(C)(C)S[C@H]34)c(C)on2)c(Cl)ccc1,training,0.0
Oc1ccc(/C(=C(\CC)/c2ccc(O)cc2)/CC)cc1,training,0.0
O=C(O)C1(c2ccccc2)CCN(CCC(C#N)(c2ccccc2)c2ccccc2)CC1,training,1.0
Fc1c(-c2cc(C(=O)O)c(O)cc2)ccc(F)c1,training,0.0
O[C@@H]1C/C(=C\C=C/2\[C@H]3[C@@](C)([C@@H]([C@@H](/C=C/[C@@H](C(C)C)C)C)CC3)CCC\2)/[C@@H](C)CC1,training,1.0
ClC(Cl)C(=O)N(C)c1ccc(O)cc1,training,0.0
O=C(O)CCC/C=C\C[C@@H]1[C@@H](/C=C/[C@@H](O)CCCCC)[C@H](O)CC1=O,training,1.0
OC(CCCN1CCCCC1)(c1ccccc1)c1ccccc1,training,0.0
N(CC/C=C\1/c2c(SCc3c/1cccc3)cccc2)(C)C,training,1.0
O=C1[C@H](C)C[C@]2(C)[C@@H]3[C@H]([C@H]4[C@@](C)([C@@H](O)CC4)CC3)CC[C@H]2C1,training,1.0
O=C1N(C)C(=O)c2n(CC(O)CO)cnc2N1C,training,0.0
S(P(=O)(OCC)OCC)CC[N+](C)(C)C,training,1.0
Oc1cc([N+](CC)(C)C)ccc1,training,1.0
O(CC)C=1C(=O)N(C)N=CC=1N1CCOCC1,training,0.0
O=C(Nc1c(CCC2N(C)CCCC2)cccc1)c1ccc(OC)cc1,training,1.0
O=C(CO)[C@@]1(O)C[C@H](O[C@@H]2O[C@@H](C)[C@H](O)[C@@H](N)C2)c2c(O)c3C(=O)c4c(OC)cccc4C(=O)c3c(O)c2C1,training,1.0
Clc1cc2C(c3ccccc3)=NCc3n(-c2cc1)cnn3,training,1.0
O=C(O[C@@H]1[C@]2(C)[C@H]([C@H]3[C@@H](c4c(cc(O)cc4)CC3)CC2)CC1)CCCC,training,1.0
S(=O)(=O)(Oc1cc2c([C@@H]3[C@H]([C@H]4[C@@](C)(C(=O)CC4)CC3)CC2)cc1)O,training,1.0
S=C(N)c1cc(CC)ncc1,training,0.0
O=C1C=C2[C@@](C)([C@@H]3[C@H]([C@H]4[C@@](C)([C@](O)(C#C)CC4)CC3)CC2)CC1,training,1.0
O=C1C(CC)(C)CC(=O)N1,training,0.0
O=C(Nc1c(C)cccc1C)C(N(CCC)CC)CC,training,0.0
P(=O)(O)(O)C(P(=O)(O)O)(O)C,training,0.0
Clc1c(C2=NCc3n(c(C)nn3)-c3sc(CC)cc23)cccc1,training,1.0
O=C(OCC(COC(=O)N)c1ccccc1)N,training,0.0
Clc1c(-c2c(C(=O)N[C@@H]3C(=O)N4[C@@H](C(=O)O)C(C)(C)S[C@H]34)c(C)on2)c(F)ccc1,training,0.0
Fc1ccc(C(=O)c2cc3[nH]c(NC(=O)OC)nc3cc2)cc1,training,1.0
FC1=C(N)NC(=O)N=C1,training,0.0
F[C@]12[C@@H](O)C[C@]3(C)[C@@](O)(C(=O)COC(=O)C)CC[C@H]3[C@@H]1CCC=1[C@]2(C)CCC(=O)C=1,training,1.0
FC(F)(F)c1cc(Nc2c(C(=O)O)cccc2)ccc1,training,0.0
FC(F)(F)c1cc2N(CCCN3CCN(CCOC(=O)CCCCCCCCC)CC3)c3c(Sc2cc1)cccc3,training,1.0
O=C(N)c1cc2c([nH]c3c2C[C@H](NC)CC3)cc1,training,1.0
O=C(O)/C(/CCC=C(C)C)=C/1\[C@@H](OC(=O)C)C[C@]2(C)[C@]3(C)[C@@H]([C@H](O)C[C@@H]\12)[C@]1(C)[C@H]([C@H](C)[C@H](O)CC1)CC3,training,0.0
O=C(O)[C@@H](N)CCC(=O)O,training,0.0
O=C(OC1C[N+](C)(C)CC1)CC(O)(c1ccccc1)C1CCCC1,training,1.0
O(CC(O)CO)c1c(OC)cccc1,training,0.0
N#CNC(=NC(CC)(C)C)N,training,0.0
Oc1c(CCCCCC)ccc(O)c1,training,0.0
NCCc1[nH]cnc1,training,1.0
O=C(OC1C[C@@H]2N(C)[C@H](C1)CC2)C(O)c1ccccc1,training,1.0
Clc1ccc(C(N2CCN(CCOCCO)CC2)c2ccccc2)cc1,training,0.0
S(CCN=CN)C1=C(C(=O)O)N2C(=O)[C@H]([C@H](O)C)[C@H]2C1,training,0.0
OC1C(O)C(O)C(O)C(O)C1O,training,0.0
IC(C)C1OC(CO)CO1,training,0.0
Ic1ccc(C(CCCCCCCCC(=O)OCC)C)cc1,training,0.0
O=C1N(Cc2ccc(-c3c(-c4n[nH]nn4)cccc3)cc2)C(CCCC)=NC21CCCC2,training,0.0
O=C(O)/C=C(\C=C\C=C(/C=C/C=1C(C)(C)CCCC=1C)\C)/C,training,1.0
Oc1cc2c(cc1)C[C@H]1N(CC=C)CC[C@@]32[C@H]1CCCC3,training,1.0
O([C@H](C(C[C@@H](N(C)C)C)(c1ccccc1)c1ccccc1)CC)C(=O)C,training,0.0
S(C)[C@@H]1[C@H](O)[C@@H](O)[C@@H](O)[C@@H]([C@H](NC(=O)[C@H]2N(C)C[C@H](CCC)C2)[C@H](O)C)O1,training,0.0
Clc1c(C2=NC(O)C(=O)Nc3c2cc(Cl)cc3)cccc1,training,1.0
O=C1c2c(NCCN(CC)CC)ccc(C)c2Sc2c1cccc2,training,0.0
ClCCN(CCCl)c1ccc(C[C@H](N)C(=O)O)cc1,training,1.0
Oc1c(C)cc(O)c2c1cccc2,training,1.0
O(CC1OC(=O)NC1)c1c(OC)cccc1,training,0.0
O=C(OC(C(CC(N(C)C)C)(c1ccccc1)c1ccccc1)CC)C,training,1.0
O(C)c1c(CC(NC)C)cccc1,training,0.0
O=C(OCC(=O)[C@]1(O)[C@]2(C)[C@H]([C@H]3[C@H]([C@@H](O)C2)[C@]2(C)C([C@@H](C)C3)=CC(=O)C=C2)CC1)CCC(=O)O,training,1.0
Ic1c(N(C(=O)C)C)c(I)c(C(=O)O)c(I)c1NC(=O)C,training,0.0
O=[N+]([O-])c1n(CCO)c(C)nc1,training,0.0
ClCC1N(C)S(=O)(=O)c2c(N1)cc(Cl)c(S(=O)(=O)N)c2,training,1.0
O=C(NCC(O)c1c(OC)ccc(OC)c1)CN,training,1.0
[SH0](=O)(C(c1ccccc1)c1ccccc1)CC(=O)N,training,0.0
O=C(OCC)[C@@H](N[C@H](C(=O)N1[C@H](C(=O)O)Cc2c(cc(OC)c(OC)c2)C1)C)CCc1ccccc1,training,1.0
S(C(=O)[C@H](NC(=O)C1CCCCC1)C)C[C@H](C(=O)N1[C@H](C(=O)O)CCC1)C,training,1.0
S(CC1=C(C(=O)O)N2C(=O)[C@@](OC)(NC(=O)C(C(=O)O)c3ccc(O)cc3)[C@H]2OC1)c1n(C)nnn1,training,0.0
O=C1C[C@@H]2[C@H](C(C)(C)Oc3c2c(O)cc(C(CCCCCC)(C)C)c3)CC1,training,1.0
O([C@H]1[C@H](O)[C@@H](O)[C@H](N)C[C@@H]1N)[C@@H]1[C@H](N)[C@@H](O)[C@H](O)[C@@H](CN)O1,training,0.0
O=C(Oc1cc([N+](C)(C)C)ccc1)N(C)C,training,0.0
O=C(N)c1cnccc1,training,0.0
O=C(NCc1ccccc1)CCNNC(=O)c1ccncc1,training,0.0
O=C1C(Cn2c(C)ncc2)CCc2n(C)c3c(c12)cccc3,training,1.0
O=C(OC1C[C@@H]2[N+](CC)(C)[C@@H]([C@H]3O[C@@H]23)C1)[C@H](CO)c1ccccc1,training,1.0
O=C(O)C=1C(=O)c2c(N(CC)C=1)cc1OCOc1c2,training,0.0
O=C(OCC#CCN(CC)CC)C(O)(c1ccccc1)C1CCCCC1,training,1.0
O=C(O[C@H]1[C@@H]([N+]2(C)CCCCC2)C[C@@H]2[C@]1(C)CC[C@@H]1[C@]3(C)[C@H](C[C@H](OC(=O)C)[C@@H]([N+]4(C)CCCCC4)C3)CC[C@@H]21)C,training,1.0
[SH0](=O)(Cc1c(OC)c(OC)ccn1)c1[nH]c2c(n1)ccc(OC(F)F)c2,training,1.0
O(C)c1c(OC)ccc(Cc2nccc3c2cc(OC)c(OC)c3)c1,training,0.0
O(C[C@@H](O)CNC(C)(C)C)c1c(C2CCCC2)cccc1,training,1.0
O=[N+](OCC(CO[N+](=O)[O-])(CO[N+](=O)[O-])CO[N+](=O)[O-])[O-],training,0.0
O(CCCCCOc1ccc(C(=N)N)cc1)c1ccc(C(=N)N)cc1,training,0.0
Fc1ccc(C(CCCN2CCC(N3C(=O)Nc4c3cccc4)CC2)c2ccc(F)cc2)cc1,training,1.0
O=C(O)C=1C(=O)c2c(N(CC)C=1)nc(N1CCNCC1)nc2,training,0.0
O=C(OC1C[N+](CC)(C)CCC1)C(O)(c1ccccc1)c1ccccc1,training,1.0
Clc1ccc(OC(C(=O)NC(=O)NCN2CCOCC2)(C)C)cc1,training,0.0
O=C(O)C(C)c1cc2c(Oc3ncccc3C2)cc1,training,0.0
Clc1cc2C(c3ccccc3)=NCC(=O)N(CC3CC3)c2cc1,training,1.0
C(c1ccccc1)(c1ccccc1)=C1C(C)[N+](CC)(CC)CC1,training,1.0
O=C(NC(C)C)c1ccc(CNNC)cc1,training,0.0
O=C(O[C@]([C@@H](CN(C)C)C)(Cc1ccccc1)c1ccccc1)CC,training,0.0
IC=1C(=O)C(I)=CN(CC(=O)OCCC)C=1,training,0.0
O=C1N(N(C)C(C)=C1C(C)C)c1ccccc1,training,0.0
N(CCCC1c2c(cccc2)C=Cc2c1cccc2)C,training,1.0
O=C(Oc1c[n+](C)ccc1)N(C)C,training,0.0
OCc1c(O)c(C)ncc1CO,training,0.0
Clc1ccc(C/C(=C\CN2CCCC2)/c2ccccc2)cc1,training,1.0
N(C)(C)c1cc2c([n+](C)c(/C=C/c3c(C)n(c(C)c3)-c3ccccc3)cc2)cc1,training,1.0
O=C(OCC)[C@@H](N[C@H](C(=O)N1[C@H](C(=O)O)C[C@H]2[C@@H]1CCC2)C)CCc1ccccc1,training,1.0
O=C1N(C)C(=O)c2n(CCCNCC(O)c3cc(O)cc(O)c3)cnc2N1C,training,1.0
O=C(O[C@H]1[C@H](C)[C@H](O)[C@H](C)[C@@H](O)[C@@H](C)/C=C/C=C(/C)\C(=O)Nc2c(/C=N/N3CCN(C)CC3)c(O)c3c(c(O)c(C)c4O[C@@](C)(C(=O)c34)O/C=C/[C@H](OC)[C@H]1C)c2O)C,training,0.0
O=C(Oc1cc([C@@H](N(C)C)C)ccc1)N(CC)C,training,1.0
S(=O)(=O)(C)c1ccc(C2=C(c3ccccc3)C(=O)OC2)cc1,training,1.0
O(CCCCCCNCC(O)c1cc(CO)c(O)cc1)CCCCc1ccccc1,training,1.0
O=C1C(C(CCC)C)(CC=C)C(=O)NC(=O)N1,training,0.0
O[C@@H]1[C@@H](C)[C@H]2[C@@](C)([C@@H]3C([C@H]4[C@@](C)([C@@H]([C@@H](CC/C(=C/C)/C(C)C)C)CC4)CC3)=CC2)CC1,training,0.0
S(=O)(=O)(Nc1sc(C)nn1)c1ccc(N)cc1,training,0.0
[SH0](=O)([O-])CNc1ccc(S(=O)(=O)c2ccc(NC[SH0](=O)[O-])cc2)cc1,training,0.0
S(=O)(=O)(N)c1ccc(N2S(=O)(=O)CCCC2)cc1,training,0.0
O=C(O)[C@H](O)[C@@H](O)C(=O)O,training,0.0
O=C(O)[C@H]1[C@@](Cn2nncc2)(C)S(=O)(=O)[C@H]2N1C(=O)C2,training,0.0
Clc1cc2C(c3ccccc3)=NC(O)C(=O)N(C)c2cc1,training,1.0
OC(C)(C)C1CCC(O)(C)CC1,training,0.0
O=C(N)C=1C(=O)[C@@H](N(C)C)[C@H]2[C@@](O)(C=1O)C(=O)C1=C(O)c3c(O)cccc3[C@](O)(C)[C@H]1C2,training,0.0
S(CC)c1cc2N(CCCN3CCN(C)CC3)c3c(Sc2cc1)cccc3,training,1.0
S=C1N=C(N)Nc2nc[nH]c12,training,0.0
S(=O)(=O)(N(C)C)c1cc2/C(=C/CCN3CCN(C)CC3)/c3c(Sc2cc1)cccc3,training,1.0
S=C1NC(=O)C=CN1,training,0.0
Clc1c(CN2Cc3c(scc3)CC2)cccc1,training,0.0
S=C1N(C2CCN(CCCC(=O)c3ccc(F)cc3)CC2)c2c(N1)cccc2,training,1.0
O([C@@H]1[C@@H](O)[C@H](O[C@@H]2[C@H](N)C[C@H](O)[C@@H](CN)O2)[C@@H](N)C[C@H]1N)[C@@H]1[C@H](O)[C@@H](N)[C@H](O)[C@@H](CO)O1,training,0.0
S(=O)(=O)(NC(=O)NCCCC)c1ccc(C)cc1,training,0.0
O=[N+]([O-])c1c(O)c(O)cc(C(=O)c2ccc(C)cc2)c1,training,0.0
Oc1c([C@H](CCN(C(C)C)C(C)C)c2ccccc2)cc(C)cc1,training,0.0
O=C(OCC)[C@@H](N[C@H](C(=O)N1[C@H](C(=O)O)C[C@@H]2[C@@H]1CCCC2)C)CCc1ccccc1,training,1.0
O=C(Nc1c(C(=O)O)cccc1)/C=C/c1cc(OC)c(OC)cc1,training,0.0
FC(F)(F)c1cc2N(CCCN(C)C)c3c(Sc2cc1)cccc3,training,1.0
OC(CCN1CCCCC1)(c1ccccc1)C1CCCCC1,training,1.0
N(CC(CN1c2c(Sc3c1cccc3)cccc2)C)(C)C,training,1.0
O=C(O[C@H]1[C@@H](C)[C@@H](C)OC(=O)[C@H](C)[C@@H](O[C@@H]2O[C@@H](C)[C@H](OC(=O)C)[C@@H](OC)C2)[C@H](C)[C@@H](O[C@H]2[C@H](OC(=O)C)[C@@H](N(C)C)C[C@@H](C)O2)[C@@H](C)C[C@]2(C(=O)[C@@H]1C)OC2)C,training,0.0
Ic1c(NC(=O)CCC)c(I)cc(I)c1CC(C(=O)O)CC,training,0.0
O=C(N)C(CCC)CCC,training,0.0
O=C1N(C)C(=O)c2n(CC(O)CN(CCO)C)cnc2N1C,training,0.0
Clc1c(S(=O)(=O)N)cc(C(=O)Nc2c(C)cccc2C)c(O)c1,training,1.0
O=C1N([C@@H]2O[C@H](CO)CC2)C=CC(N)=N1,training,1.0
O=C(N[C@H]1[C@H]([C@H](O)[C@H](O)CO)OC(C(=O)O)=C[C@@H]1N=C(N)N)C,training,1.0
O=C1O[C@@H](C)CCC[C@H](O)CCCCCc2c1c(O)cc(O)c2,training,1.0
Clc1cc2C(OCCN(C)C)=Cc3c(Sc2cc1)cccc3,training,0.0
O=C(NO)C,training,0.0
O=C(C)c1cc2N(CCCN3CCN(CCO)CC3)c3c(Sc2cc1)cccc3,training,0.0
O=C(C)c1cc2N(CCCN(C)C)c3c(Sc2cc1)cccc3,training,1.0
O=C1NC=Nc2[nH]ncc12,training,0.0
O=C(C)[C@@H]1[C@]2(C)[C@H]([C@H]3[C@H](C(=O)C2)[C@]2(C)[C@H](C[C@H](O)CC2)CC3)CC1,training,1.0
O=C(O)CCCCCN,training,0.0
O=C(N[C@@H]1C(=O)N2[C@@H](C(=O)O)C(C)(C)S[C@H]12)[C@H](N)c1ccccc1,training,0.0
O=C(O)[C@@H](N)CC(=O)O,training,0.0
Fc1ccc(Cn2c(NC3CCN(CCc4ccc(OC)cc4)CC3)nc3c2cccc3)cc1,training,1.0
Clc1cc2nc3c(c(NC(CCCN(CC)CC)C)c2cc1)cc(OC)cc3,training,0.0
S(=O)(=O)(N)c1c(C(F)(F)F)cc2NC(Cc3ccccc3)NS(=O)(=O)c2c1,training,1.0
O(C(c1ccccc1)c1ccccc1)C1C[C@@H]2N(C)[C@H](C1)CC2,training,1.0
O(CC[N+](Cc1ccccc1)(C)C)c1ccccc1,training,0.0
N(CCc1ncccc1)C,training,1.0
NCCc1[nH]ncc1,training,1.0
Brc1[nH]c2c3c(ccc2)C=2[C@H](N(C)C[C@H](C(=O)N[C@@]4(C(C)C)C(=O)N5[C@@H](CC(C)C)C(=O)N6[C@H]([C@]5(O)O4)CCC6)C=2)Cc13,training,1.0
Brc1ccc(C(OCCN(C)C)c2ccccc2)cc1,training,1.0
O=C(O)C(C(=O)N(Nc1ccccc1)c1ccccc1)CCCC,training,0.0
S(=O)(=O)(N)c1c(Oc2ccccc2)c(NCCCC)cc(C(=O)O)c1,training,1.0
Clc1cc(C(=O)C(NC(C)(C)C)C)ccc1,training,0.0
O=C1C(CC=C)(CC(C)C)C(=O)NC(=O)N1,training,0.0
OC(CCC[C@@H](C)[C@@H]1[C@]2(C)[C@H](/C(=C/C=C/3\C(=C)CC[C@H](O)C\3)/CCC2)CC1)(C)C,training,1.0
OC(CCC[C@@H](C)[C@@H]1[C@]2(C)[C@H](/C(=C/C=C/3\C(=C)[C@@H](O)C[C@H](O)C\3)/CCC2)CC1)(C)C,training,1.0
O(C)c1c(OC)ccc2c1CN1C(c3c(cc4OCOc4c3)CC1)C2,training,0.0
S(CC1=C(C(=O)O)N2C(=O)[C@@H](NC(=O)[C@H](N)c3ccc(O)cc3)[C@H]2SC1)c1n[nH]nc1,training,0.0
S(CC1=C(C(=O)O)N2C(=O)[C@@H](NC(=O)/C(=N\OC)/c3nc(N)sc3)[C@H]2SC1)c1sc(CC(=O)O)c(C)n1,training,0.0
S(CC1=C(C(=O)O)N2C(=O)[C@@H](NC(=O)Cc3c(CN)cccc3)[C@H]2SC1)c1n(CC(=O)O)nnn1,training,0.0
O=C(N[C@@H]1C(=O)N2C(C(=O)O)=CCS[C@H]12)/C(=N\OC)/c1nc(N)sc1,training,0.0
O=C(OCC1=C(C(=O)O)N2C(=O)[C@@H](NC(=O)/C(=N/OC)/c3occc3)[C@H]2SC1)N,training,0.0
Clc1c(C(O)(CCN(C)C)c2ccccc2)cccc1,training,1.0
ClCCN(CCCl)c1ccc(CCCC(=O)O)cc1,training,1.0
Clc1ccc(C2S(=O)(=O)CCC(=O)N2C)cc1,training,0.0
Clc1cc2N(CCCN(C)C)c3c(Sc2cc1)cccc3,training,0.0
Clc1cc2NC(=O)Oc2cc1,training,0.0
O=C(O)c1c(C)c2C(=O)c3c(O)c([C@H]4[C@H](O)[C@@H](O)[C@H](O)[C@@H](CO)O4)c(O)c(O)c3C(=O)c2cc1O,training,0.0
C(=C/c1ccccc1)\CN1CCN(C(c2ccccc2)c2ccccc2)CC1,training,1.0
ClC1(Cl)C(c2ccc(OC(C(=O)O)(C)C)cc2)C1,training,1.0
O=C(O)C(O)(CC(=O)O)CC(=O)O,training,0.0
O([C@H]1[C@@](OC)(C)C[C@@H](C)C(=O)[C@H](C)[C@@H](O)[C@@](O)(C)[C@@H](CC)OC(=O)[C@H](C)[C@@H](O[C@@H]2O[C@@H](C)[C@H](O)[C@@](OC)(C)C2)C1C)[C@H]1[C@H](O)[C@@H](N(C)C)C[C@@H](C)O1,training,0.0
O=C(OC1C2CC[N+](C)(C1)CC2)C(O)(c1ccccc1)c1ccccc1,training,1.0
Clc1cc2C(N3CCN(C)CC3)=Nc3c(Sc2cc1)cccc3,training,1.0
Clc1c(C2=NCC(=O)N(C)c3sc(CC)cc23)cccc1,training,1.0
O=C(OCC(=O)[C@]1(O)[C@]2(C)[C@H]([C@H]3[C@H](C(=O)C2)[C@]2(C)C(=CC(=O)CC2)CC3)CC1)C,training,0.0
O=C(OC1CC(C)(C)CC(C)C1)C(O)c1ccccc1,training,0.0
SCCN,training,0.0
OCCN(C)C,training,0.0
O=C(O[C@@H]1CC=2[C@@](C)([C@@H]3[C@H]([C@H]4[C@@](C)(C(=O)CC4)CC3)CC=2)CC1)C,training,1.0
S(=O)(=O)(Nc1cc2c([nH]c(C(=O)N3CCN(c4c(NC(C)C)cccn4)CC3)c2)cc1)C,training,0.0
Clc1c2[C@@H](O)[C@@H]3C(C(=O)[C@]4(O)C(O)=C(C(=O)N)C(=O)[C@@H](N(C)C)[C@@H]4C3)=C(O)c2c(O)cc1,training,0.0
F[C@]12[C@@H](O)C[C@]3(C)[C@@](O)(C(=O)CO)[C@H](C)C[C@H]3[C@@H]1CCC=1[C@]2(C)C=CC(=O)C=1,training,1.0
Ic1c(NC(=O)C)c(I)c(C(=O)O)c(I)c1NC(=O)C,training,0.0
O=C(C(N(CC)CC)C)c1ccccc1,training,1.0
O([C@@H]1[C@@H](C)O[C@@H](O[C@@H]2C[C@@H]3[C@@](C)([C@@H]4[C@H]([C@]5(O)[C@@](C)([C@@H](C6=CC(=O)OC6)CC5)CC4)CC3)CC2)C[C@@H]1O)[C@@H]1O[C@H](C)[C@@H](O[C@@H]2O[C@H](C)[C@@H](O)[C@@H](O)C2)[C@@H](O)C1,training,1.0
N(N)c1nnc(NN)c2c1cccc2,training,0.0
O(C)c1c2O[C@H]3[C@@H](O)CC[C@H]4[C@@H]5N(C)CC[C@]34c2c(cc1)C5,training,1.0
N(CCCN1c2c(C(C)(C)c3c1cccc3)cccc2)(C)C,training,0.0
C(c1ccccc1)(c1ccccc1)=C1CC[N+](C)(C)CC1,training,0.0
O=C(OCC)C1(c2ccccc2)CCN(CCC(C#N)(c2ccccc2)c2ccccc2)CC1,training,1.0
O=C1N(C)C(=O)c2n(CC3OCCO3)cnc2N1C,training,0.0
O=C(CO)[C@@]1(O)C[C@H](O[C@@H]2O[C@@H](C)[C@@H](O)[C@@H](N)C2)c2c(O)c3C(=O)c4c(OC)cccc4C(=O)c3c(O)c2C1,training,1.0
O=C(O[C@@H]1[C@]2(C)[C@H]([C@H]3[C@@H]([C@]4(C)[C@H](CC(=O)[C@H](C)C4)CC3)CC2)CC1)CC,training,1.0
Fc1c(N2CCNCC2)nc2N(CC)C=C(C(=O)O)C(=O)c2c1,training,0.0
O=C(O)CCC/C=C/1\O[C@@H]2[C@@H]([C@@H](/C=C/[C@@H](O)CCCCC)[C@H](O)C2)C\1,training,1.0
O=C(O[C@H]1[C@H](O[C@@H]2[C@@H](C)[C@H](O[C@@H]3O[C@@H](C)[C@H](O)[C@@](OC)(C)C3)[C@@H](C)C(=O)O[C@H](CC)[C@](O)(C)[C@H](O)[C@@H](C)C(=O)[C@H](C)C[C@]2(O)C)O[C@H](C)C[C@@H]1N(C)C)CC,training,0.0
O[C@@H]1[C@]2(C)[C@H]([C@H]3[C@@H](c4c(cc(O)cc4)CC3)CC2)CC1,training,1.0
ClCCN(CCCl)c1ccc(CC(=O)O[C@@H]2[C@]3(C)[C@H]([C@H]4[C@@H](c5c(cc(OC(=O)Cc6ccc(N(CCCl)CCCl)cc6)cc5)CC4)CC3)CC2)cc1,training,0.0
Oc1cc2c([C@@H]3[C@H]([C@H]4[C@@](C)([C@](O)(C#C)CC4)CC3)CC2)cc1,training,1.0
O=C(OCC)c1n(C(C)c2ccccc2)cnc1,training,1.0
FC=1C(=O)NC(=O)N([C@@H]2O[C@H](CO)[C@@H](O)C2)C=1,training,1.0
OC[C@@H]1[C@H](O)[C@H](O)[C@@H](O)C(O)O1,training,0.0
O([C@H]1[C@H](O)[C@@H](O[C@@H]2[C@H](O)[C@@H](NC)[C@](O)(C)CO2)[C@H](N)C[C@@H]1N)[C@@H]1[C@H](N)CC[C@@H](C(N)C)O1,training,1.0
S(=O)(=O)(NC(=O)NN1CC2C(C1)CCC2)c1ccc(C)cc1,training,0.0
S(=O)(=O)(NC(=O)NC1CCCCC1)c1ccc(CCN2C(=O)C(C)(C)c3c(C2=O)cc(OC)cc3)cc1,training,1.0
OC[C@@H]1[C@@H](O)[C@H](O)[C@@H](N)[C@H](O)O1,training,0.0
S(=O)(=O)(Nc1sc(C(C)(C)C)nn1)c1ccccc1,training,0.0
O=C(O)CN,training,0.0
O=C1N(C)C(=O)NC(=O)C1(C)C1=CCCCC1,training,0.0
O=C1[C@@H]2Oc3c(O)ccc4c3[C@@]32[C@H]([C@H](N(C)CC3)C4)CC1,training,1.0
O=C1NC(=O)CN(C(CN2CC(=O)NC(=O)C2)C)C1,training,0.0
ICCC1OC(CO)CO1,training,0.0
Ic1c(O)c2ncccc2c(I)c1,training,0.0
IC=1C(=O)NC(=S)NC=1,training,0.0
Ic1c(NC(=O)[C@@H](O)C)c(I)c(C(=O)NC(CO)CO)c(I)c1C(=O)NC(CO)CO,training,0.0
Ic1cc(C(CCCCCCCCC(=O)OCC)C)ccc1,training,0.0
O=C(NNC(C)C)c1ccncc1,training,0.0
O=C(NN)c1ccncc1,training,0.0
OC(CNC(C)C)c1cc(O)c(O)cc1,training,1.0
Clc1c([C@]2(Cn3ncnc3)O[C@@H](COc3ccc(N4CCN(c5ccc(N6C(=O)N(C(CC)C)N=C6)cc5)CC4)cc3)CO2)ccc(Cl)c1,training,0.0
O([C@@H]1[C@@H](O)[C@H](O[C@@H]2[C@H](N)[C@@H](O)[C@H](O)[C@@H](CO)O2)[C@@H](N)C[C@H]1N)[C@@H]1[C@H](O)[C@@H](N)[C@H](O)[C@@H](CO)O1,training,0.0
Clc1c(Cl)cccc1-c1c(N)nc(N)nn1,training,0.0
FC(F)(F)c1ccc(NC(=O)c2c(C)onc2)cc1,training,1.0
N#Cc1ccc(C(n2ncnc2)c2ccc(C#N)cc2)cc1,training,1.0
Oc1cc2c(cc1)C[C@H]1N(C)CC[C@@]32[C@H]1CCCC3,training,1.0
Ic1c(Oc2cc(I)c(O)cc2)c(I)cc(C[C@H](N)C(=O)O)c1,training,1.0
Clc1cc2c(C(=C3CCN(C(=O)OCC)CC3)c3ncccc3CC2)cc1,training,1.0
Clc1c(CO)n(Cc2ccc(-c3c(-c4n[nH]nn4)cccc3)cc2)c(CCCC)n1,training,1.0
O=C(N(CC)CC)[C@@H]1C=C2[C@H](N(C)C1)Cc1c3c([nH]c1)cccc23,training,1.0
O=C(OCC(C(CC)C)(COC(=O)N)C)N,training,0.0
N(C)C1(C)C(C)(C)C2CC1CC2,training,1.0
O=C(NCCc1c2c([nH]c1)ccc(OC)c2)C,training,1.0
OC1C(C(C)C)CCC(C)C1,training,0.0
O=C(OCC(COC(=O)N)(CCC)C)N,training,0.0
[SH0](=O)(C)c1cc2N(CCC3N(C)CCCC3)c3c(Sc2cc1)cccc3,training,0.0
O(C)c1cc2c([C@@H]3[C@H]([C@H]4[C@@](C)([C@](O)(C#C)CC4)CC3)CC2)cc1,training,1.0
N(C(N(C)C)=N)=C(N)N,training,0.0
O=C1C=C2[C@@](C)([C@@H]3[C@H]([C@H]4[C@@](C)([C@](O)(C)CC4)CC3)CC2)C=C1,training,1.0
S(=O)(=O)(N)C=1SC(=NC(=O)C)N(C)N=1,training,0.0
O(C)c1cc2N(C[C@@H](CN(C)C)C)c3c(Sc2cc1)cccc3,training,1.0
[N+](C)(C)=C1C=C2Sc3c(N=C2C=C1)ccc(N(C)C)c3,training,0.0
O=C1C(CC)(CC)C(=O)NCC1C,training,0.0
O=C(O)Cc1cc2N(C)c3c(Sc2cc1)cccc3,training,0.0
O=C(C(C)(C)c1cnccc1)c1cnccc1,training,0.0
Fc1cc2c([C@H](C(C)C)[C@@](OC(=O)COC)(CCN(CCCc3[nH]c4c(n3)cccc4)C)CC2)cc1,training,1.0
Clc1c(C(OCc2c(Cl)cc(Cl)cc2)Cn2cncc2)ccc(Cl)c1,training,0.0
Clc1cc2C(c3c(F)cccc3)=NCc3n(c(C)nc3)-c2cc1,training,1.0
O=C1N(c2ccccc2)NC(=O)C1CCCC,training,0.0
O[C@@H]1[C@@H]2Oc3c(O)ccc4c3[C@@]32[C@H]([C@H](N(C)CC3)C4)C=C1,training,1.0
O=C(OCCN(CC)CC)C(Cc1c2c(ccc1)cccc2)CC1OCCC1,training,0.0
O[C@@H]1[C@@H]2Oc3c(O)ccc4c3[C@@]32[C@H]([C@H](N(CC=C)CC3)C4)C=C1,training,1.0
O=C(O[C@@H]1[C@]2(C)[C@H]([C@H]3[C@@H]([C@@H]4C(=CC(=O)CC4)CC3)CC2)CC1)CCCCCCCCC,training,1.0
O=C(O)[C@@H]1[C@@H](O)C[C@]2(O)O[C@H]1C[C@@H](O[C@H]1[C@@H](O)[C@@H](N)[C@H](O)[C@@H](C)O1)/C=C/C=C/C=C/C=C/C[C@@H](C)OC(=O)/C=C/[C@H]1O[C@@H]1C[C@H](O)C2,training,1.0
O=C(O)C=1N(CC)c2c(CCC)c3OC(C(=O)O)=CC(=O)c3cc2C(=O)C=1,training,1.0
O=[N+]([O-])c1oc(/C=N/N2C(=O)NC(=O)C2)cc1,training,0.0
S(CCN/C(/NC)=C/[N+](=O)[O-])Cc1nc(CN(C)C)sc1,training,0.0
O=C(O[C@H]1[C@@H](O)[C@H](Oc2c(C)c3OC(=O)C(NC(=O)c4cc(CC=C(C)C)c(O)cc4)C(=O)c3cc2)OC(C)(C)[C@@H]1OC)N,training,0.0
O(C)[C@@H]1[C@@H](O)[C@H](C)O[C@@H](O[C@H]2[C@H](C)[C@@H](O[C@H]3[C@H](O)[C@@H](N(C)C)C[C@@H](C)O3)[C@@H](C)C[C@]3(C(=O)[C@H](C)[C@@H](O)[C@@H](C)[C@@H](C)OC(=O)[C@@H]2C)OC3)C1,training,0.0
O=C(O)Cc1cc2/C(=C/CCN(C)C)/c3c(cccc3)COc2cc1,training,1.0
[SH0](=O)(Cc1c(C)c(OC)c(C)cn1)c1[nH]c2c(n1)ccc(OC)c2,training,1.0
O=C(O)[C@H]1C(C)(C)S[C@@H]2[C@H](NC(=O)c3c(C)onc3-c3ccccc3)C(=O)N12,training,0.0
Clc1cc2C(c3ccccc3)=NC(O)C(=O)Nc2cc1,training,1.0
O=C(CCN[C@H]([C@H](O)c1ccccc1)C)c1cc(OC)ccc1,training,1.0
O=C1[C@@H]2Oc3c(O)ccc4c3[C@@]32[C@](O)([C@H](N(C)CC3)C4)CC1,training,1.0
P(=O)(O)(O)C(P(=O)(O)O)(O)CCN,training,1.0
O=C(NCCC(=O)O)[C@H](O)C(CO)(C)C,training,1.0
N(CC#C)(Cc1ccccc1)C,training,0.0
O=C(CC)c1ccc(O)cc1,training,0.0
O=C1C(c2ccccc2)OC(N)=N1,training,1.0
O=C(OC1CCN(C)CC1)C(C(CC)C)c1ccccc1,training,1.0
O=C1C(C(CCC)C)(CC)C(=O)NC(=O)N1,training,0.0
Clc1ccc(C(O)(C(O)(C)C)C)cc1,training,0.0
CN1CC=2C(c3ccccc3)c3c(cccc3)C=2CC1,training,1.0
O=C1C(CC)(c2ccccc2)C(=O)NC(=O)N1,training,1.0
ClCCN(C(COc1ccccc1)C)Cc1ccccc1,training,1.0
NC(Cc1ccccc1)(C)C,training,1.0
O=C(O)C(N)Cc1ccccc1,training,0.0
O[C@@H](CNC)c1cc(O)ccc1,training,1.0
O[C@H]([C@H](N)C)c1ccccc1,training,0.0
O=C1C(c2ccccc2)(c2ccccc2)NC(=O)N1,training,0.0
O=C(OCC)c1c(C)c2C(=O)NN=C(CO)c2cc1C,training,0.0
CN1CCC(=C2c3c(scc3)CCc3c2cccc3)CC1,training,1.0
O=C(O[C@@H]1[C@@H]2[C@@H](CC[C@@H](O)C[C@@H](O)CC(=O)O)[C@@H](C)C=CC2=C[C@@H](O)C1)[C@H](CC)C,training,1.0
O=C(CO)[C@]1(O)[C@]2(C)[C@H]([C@H]3[C@H]([C@@H](O)C2)[C@]2(C)C(=CC(=O)C=C2)CC3)CC1,training,1.0
O[C@H]([C@@H](NC)C)c1ccccc1,training,0.0
C(=C/C=1N(C)CCCN=1)\c1sccc1,training,0.0
O(C)c1ccc(CN(CCN(C)C)c2ncccc2)cc1,training,1.0
Clc1ccc(-c2c(N)nc(N)nc2CC)cc1,training,1.0
O=C1N=C2N(C[C@H](O)[C@H](O)[C@H](O)CO)c3c(N=C2C(=O)N1)cc(C)c(C)c3,training,1.0
O=C1Nc2c(C)nn(CC)c2C(c2ccccc2)=NC1,training,1.0
P(=O)(O)(O)C(P(=O)(O)O)(O)Cc1cnccc1,training,1.0
N(CCc1c2c([nH]c1)ccc(Cn1ncnc1)c2)(C)C,training,1.0
O(CCN(C)c1ncccc1)c1ccc(CC2C(=O)NC(=O)S2)cc1,training,1.0
O=C(OC1C[C@@H]2N(C)[C@@H]([C@H]3O[C@@H]23)C1)[C@H](CO)c1ccccc1,training,1.0
Clc1c(Cl)ccc([C@H]2c3c([C@@H](NC)CC2)cccc3)c1,training,1.0
O=C(O)COc1c(C(=O)/C=C/c2ccc(OCC=C(C)C)cc2)ccc(OCC=C(C)C)c1,training,0.0
S(=O)(=O)(N=C(N)N)c1ccc(N)cc1,training,0.0
S(=O)(=O)(/N=C(/Nc1oc(C)c(C)n1)\N)c1ccc(N)cc1,training,0.0
S(=O)(=O)(Nc1nc(C)cc(C)n1)c1ccc(N)cc1,training,0.0
S(=O)(=O)(Nc1oc(C)c(C)n1)c1ccc(N)cc1,training,0.0
S(=O)(=O)(Nc1c(OC)nnc(OC)c1)c1ccc(N)cc1,training,0.0
S(=O)(=O)(N)c1c(OC)ccc(C[C@H](NCCOc2c(OCC)cccc2)C)c1,training,1.0
OC(c1ccccc1)(c1ccccc1)C1CCN(CCCC(O)c2ccc(C(C)(C)C)cc2)CC1,training,1.0
OCCc1c(C)[n+](Cc2c(N)nc(C)nc2)cs1,training,1.0
S(C)c1cc2N(CCC3N(C)CCCC3)c3c(Sc2cc1)cccc3,training,0.0
S=P(N1CC1)(N1CC1)N1CC1,training,1.0
Ic1c(Oc2cc(I)c(O)c(I)c2)c(I)cc(CC(N)C(=O)O)c1,training,1.0
O=C(O)C(C)c1sc(C(=O)c2ccccc2)cc1,training,0.0
Clc1c(Cl)c(C(=O)c2sccc2)ccc1OCC(=O)O,training,0.0
Clc1c(NC2=NCCN2)c2nsnc2cc1,training,1.0
S(=O)(=O)(NC(=O)NC(C)C)c1c(Nc2cc(C)ccc2)ccnc1,training,1.0
O(C(COCc1ccccc1)[C@@H]1[C@H](OCc2ccccc2)[C@@H](O)[C@H](OCC)O1)Cc1ccccc1,training,0.0
ClC(Cl)(Cl)COP(=O)(O)O,training,0.0
FC(F)(F)c1cc(C2(O)CCN(CCCC(=O)c3ccc(F)cc3)CC2)ccc1,training,1.0
N(CC(CN1c2c(cccc2)CCc2c1cccc2)C)(C)C,training,0.0
N(CCN(Cc1ccccc1)c1ncccc1)(C)C,training,0.0
O(CC1(C)Oc2c(C)c(C)c(O)c(C)c2CC1)c1ccc(CC2C(=O)NC(=O)S2)cc1,training,0.0
OCCN(CCO)CCO,training,0.0
O=C(OCC(COC(=O)N)(CCC)C)NCCCC,training,0.0
O[C@@H]1[C@@H](O)C(O)OC[C@H]1O,training,0.0
O=C(N/N=C(\C)/[C@@]1(O)C[C@H](O[C@@H]2O[C@@H](C)[C@@H](O)[C@@H](N)C2)c2c(O)c3C(=O)c4c(OC)cccc4C(=O)c3c(O)c2C1)c1ccccc1,training,1.0
S(=O)(=O)(N)c1sc(NC(=O)C)nn1,training,0.0
S(=O)(=O)(NC(=O)NC1CCCCC1)c1ccc(C(=O)C)cc1,training,0.0
O=C(OC)[C@H]1[C@@](O)(CC)C[C@H](O[C@@H]2O[C@@H](C)[C@@H](O[C@@H]3O[C@@H](C)[C@@H](O[C@@H]4O[C@@H](C)C(=O)CC4)[C@@H](O)C3)[C@@H](N(C)C)C2)c2c(O)c3C(=O)c4c(O)cccc4C(=O)c3cc12,training,1.0
O[C@@H]1C(=C)/C(=C/C=C/2\[C@H]3[C@@](C)([C@@H]([C@@H](CCCC(C)C)C)CC3)CCC\2)/C[C@@H](O)C1,training,1.0
Clc1c(N(CC=C)C2=NCCN2)c(Cl)ccc1,training,1.0
S=C(N=Nc1ccc(NN=C(N)N)cc1)N,training,1.0
O=C(O)c1c(O)cc(N)cc1,training,0.0
NC(Cc1ccccc1)C,training,1.0
OC[C@@H]1[C@@H](O)[C@@H]2OC3=NC(=N)C=CN3[C@@H]2O1,training,0.0
O[C@@H]1[C@]2(C)[C@H]([C@H]3[C@@H]([C@]4(C)C(=CC3)C[C@@H](O)CC4)CC2)CC1,training,1.0
Oc1c(O)ccc2c1-c1c3[C@H](N(C)CCc3ccc1)C2,training,1.0
O=C(OC)C1=CCCN(C)C1,training,1.0
O=C(N)Cc1ccc(OCC(O)CNC(C)C)cc1,training,0.0
O=C(OC1C[C@@H]2[N+]([O-])(C)[C@H](C1)CC2)C(CO)c1ccccc1,training,1.0
CN1CCC(=C2c3ncccc3CCc3c2cccc3)CC1,training,1.0
S(c1n(C)cnc1[N+](=O)[O-])c1ncnc2nc[nH]c12,training,0.0
Clc1ccc(C(CN)CC(=O)O)cc1,training,1.0
O=C(OCC)[C@@H](N[C@@H]1C(=O)N(CC(=O)O)c2c(cccc2)CC1)CCc1ccccc1,training,1.0
O=C([O-])C[N+](C)(C)C,training,0.0
O=C(OC(C[N+](C)(C)C)C)N,training,0.0
O=C(O)CCCC[C@@H]1SC[C@@H]2NC(=O)N[C@H]12,training,1.0
O=C(Oc1ccc(C(c2ncccc2)c2ccc(OC(=O)C)cc2)cc1)C,training,1.0
O=C(OC(COc1c2c([nH]c(C)c2)ccc1)CNC(C)(C)C)c1ccccc1,training,1.0
BrC(Br)Br,training,0.0
Brc1sc2-n3c(C)nnc3CN=C(c3c(Cl)cccc3)c2c1,training,1.0
Clc1c(C2CCCCC2)ccc(C(=O)CCC(=O)O)c1,training,0.0
O=C(CO)[C@]12[C@]3(C)[C@H]([C@H]4[C@H]([C@@H](O)C3)[C@]3(C)C(=CC(=O)C=C3)CC4)C[C@H]1O[C@@H](CCC)O2,training,1.0
O=C1N(CCCCN2CCN(c3ncccn3)CC2)C(=O)CC2(C1)CCCC2,training,1.0
O=C(OC1C[C@@H]2[N+](Cc3ccc(OCCCC)cc3)(C)[C@H](C1)CC2)[C@H](CO)c1ccccc1,training,1.0
Oc1c(C(C)(C)C)cc(O)cc1,training,1.0
O=C(N(C(=O)[C@H]1CN(CC=C)[C@H]2[C@@H](c3c4c([nH]cc4C2)ccc3)C1)CCCN(C)C)NCC,training,1.0
O=C(N)N1c2c(cccc2)C=Cc2c1cccc2,training,0.0
O=C(OCCOCCN(CC)CC)C1(c2ccccc2)CCCC1,training,1.0
O=C(O)CCC/C=C\C[C@@H]1[C@@H](/C=C/[C@@](O)(CCCCC)C)[C@H](O)C[C@@H]1O,training,1.0
O=C(CC)c1cc2N(CCCN3CCN(CCO)CC3)c3c(Sc2cc1)cccc3,training,0.0
O(CCNCC(O)COc1c2c([nH]c3c2cccc3)ccc1)c1c(OC)cccc1,training,1.0
ClC1=C(C(=O)O)N2C(=O)[C@@H](NC(=O)[C@H](N)c3ccccc3)[C@H]2SC1,training,0.0
O=C(N[C@@H]1C(=O)N2C(C(=O)O)=C(COC)CS[C@H]12)/C(=N\OC)/c1nc(N)sc1,training,0.0
O=C(OC(OC(=O)C1=C(COC)CS[C@@H]2[C@H](NC(=O)/C(=N\OC)/c3nc(N)sc3)C(=O)N12)C)OC(C)C,training,0.0
O=C(N[C@@H]1C(=O)N2C(C(=O)[O-])=C(C[n+]3ccccc3)CS[C@H]12)Cc1sccc1,training,0.0
Fc1ccc(-c2c(/C=C/[C@@H](O)C[C@@H](O)CC(=O)O)c(C(C)C)nc(C(C)C)c2COC)cc1,training,1.0
Clc1ccc(C(N2CCN(CCOCC(=O)O)CC2)c2ccccc2)cc1,training,0.0
ClC(Cl)(Cl)[C@@H]1O[C@@H]2[C@@H](O)[C@@H]([C@H](O)CO)O[C@@H]2O1,training,0.0
Clc1c(S(=O)(=O)N)cc2S(=O)(=O)N=CNc2c1,training,0.0
Clc1c(O)c2ncccc2c(Cl)c1,training,0.0
ClCCN(N=O)C(=O)N[C@@H]1[C@@H](O)[C@H](O)[C@@H](CO)O[C@@H]1O,training,0.0
Clc1ccc(OCC(O)COC(=O)N)cc1,training,0.0
Clc1cc2/C(=C/CCN(C)C)/c3c(Sc2cc1)cccc3,training,1.0
c1(C2(c3ccccc3)C(C3=NCCN3)C2)ccccc1,training,0.0
O=C(O)[C@H]1/C(=C/CO)/O[C@H]2N1C(=O)C2,training,0.0
Clc1ccc(OC(C(=O)OCC)(C)C)cc1,training,0.0
ClCCc1c(C)ncs1,training,0.0
Cl/C(=C(\c1ccc(OCCN(CC)CC)cc1)/c1ccccc1)/c1ccccc1,training,1.0
Clc1cc2N(CCCN(C)C)c3c(cccc3)CCc2cc1,training,0.0
Clc1c([C@@H](C(=O)OC)N2Cc3c(scc3)CC2)cccc1,training,1.0
Clc1c(CC(N)(C)C)cccc1,training,1.0
Oc1cc2C3(C)C(C)C(N(CC4CC4)CC3)Cc2cc1,training,1.0
O=C1C(CC)(C(=O)NC(=O)N1)C1=CCCCC1,training,0.0
ClCCN(CCCl)P1(=O)OCCCN1,training,0.0
O=C1[C@H](N)CON1,training,0.0
N=C(N)N1Cc2c(cccc2)CC1,training,0.0
O=C(O)CC[C@@H](C)[C@@H]1[C@@]2(C)C(=O)C[C@@H]3[C@]4(C)[C@H](CC(=O)[C@H]3[C@@H]2CC1)CC(=O)CC4,training,0.0
O=C1[C@]2(C)[C@H]([C@H]3[C@@H]([C@]4(C)C(=CC3)C[C@@H](O)CC4)CC2)CC1,training,0.0
O=C(C)[C@]12[C@]3(C)[C@H]([C@H]4[C@@H]([C@]5(C)C(=CC(=O)CC5)CC4)CC3)C[C@H]1O[C@@](C)(c1ccccc1)O2,training,1.0
O=C(OCC(=O)[C@@H]1[C@]2(C)[C@H]([C@H]3[C@@H]([C@]4(C)C(=CC(=O)CC4)CC3)CC2)CC1)C,training,1.0
F[C@]12[C@@H](O)C[C@]3(C)[C@@](OC(=O)c4occc4)(C(=O)COC(=O)C)[C@H](C)C[C@H]3[C@@H]1CCC=1[C@]2(C)C=CC(=O)C=1,training,1.0
Clc1cc2C(c3ccccc3)=NCC(=O)N(C)c2cc1,training,1.0
BrC[C@H](O)[C@@H](O)[C@@H](O)[C@H](O)CBr,training,0.0
Clc1c(Cl)cc(S(=O)(=O)N)cc1S(=O)(=O)N,training,1.0
Clc1c(Nc2c(CC(=O)O)cccc2)c(Cl)ccc1,training,0.0
O=C1C(CC=2C(=O)Oc3c(C=2O)cccc3)=C(O)c2c(O1)cccc2,training,0.0
O=C(OCCN(CC)CC)C1(C2CCCCC2)CCCCC1,training,1.0
N(=Nc1ccc(C(=N)N)cc1)Nc1ccc(C(=N)N)cc1,training,1.0
Oc1c(O)ccc(CCNC(CCc2ccc(O)cc2)C)c1,training,1.0
S(=O)(=O)([O-])C(C(=O)OCC(CCCC)CC)CC(=O)OCC(CCCC)CC,training,1.0
O=C1N(CC)CC(CCN2CCOCC2)C1(c1ccccc1)c1ccccc1,training,1.0
Clc1cc2C(c3c(F)cccc3)=NC(O)C(=O)N(CCO)c2cc1,training,1.0
O=C(C)[C@@H]1[C@]2(C)[C@H]([C@H]3[C@H]([C@@]4(C)C(=CC(=O)CC4)C=C3)CC2)CC1,training,1.0
O=C(O)/C(=C/c1n(Cc2ccc(C(=O)O)cc2)c(CCCC)nc1)/Cc1sccc1,training,0.0
O=[N+](O[C@@H]([C@@H](O[N+](=O)[O-])CO[N+](=O)[O-])CO[N+](=O)[O-])[O-],training,1.0
O=C(OC)CCc1ccc(OCC(O)CNC(C)C)cc1,training,1.0
O=C(O[C@@H]1[C@]2(C)[C@H]([C@H]3[C@@H](c4c(cc(O)cc4)CC3)CC2)CC1)CCCCCCCCCC,training,1.0
O=C(N(CC)CC)c1cc(OC)c(O)cc1,training,0.0
O=C(N)c1c(OCC)cccc1,training,0.0
O=C(OC1(C#C)CCCCC1)N,training,0.0
O=C1N(CC)C(=O)NC1c1ccccc1,training,0.0
O[C@]1(CC)[C@]2(C)[C@H]([C@H]3[C@@H]([C@@H]4C(=CCCC4)CC3)CC2)CC1,training,1.0
O=C(OCC)/C=C(/C=C/C=C(/C=C/c1c(C)c(C)c(OC)cc1C)\C)\C,training,1.0
FC(F)(F)c1cc(CC(NCC)C)ccc1,training,1.0
O=C(N(c1ccccc1)C1CCN(CCc2ccccc2)CC1)CC,training,1.0
P(=O)(OC[C@@H]1[C@@H](O)[C@H](O)[C@H](n2c3nc(F)nc(N)c3nc2)O1)(O)O,training,1.0
Fc1c(C2=NCC(=O)N(C)c3c2cc([N+](=O)[O-])cc3)cccc1,training,1.0
FC=1C(=O)NC(=O)NC=1,training,0.0
FC(F)(F)c1ccc(OC(CCNC)c2ccccc2)cc1,training,1.0
Clc1cc2C(c3c(F)cccc3)=NCC(=O)N(CCN(CC)CC)c2cc1,training,1.0
Fc1ccc(-c2c(/C=C/[C@@H](O)C[C@@H](O)CC(=O)O)n(C(C)C)c3c2cccc3)cc1,training,1.0
Clc1c(CN(CC(=O)N2CCOCC2)C)c(NC(=O)c2ccccc2)ccc1,training,0.0
OC[C@]1(O)[C@@H](O)[C@H](O)[C@H](O)CO1,training,0.0
Clc1c(S(=O)(=O)N)cc(C(=O)O)c(NCc2occc2)c1,training,0.0
O=C(O)c1ncc(CCCC)cc1,training,0.0
O=C(O)C(CCCOc1c(C)ccc(C)c1)(C)C,training,0.0
O([C@H]1[C@H](O)[C@@H](O[C@@H]2[C@H](O)[C@@H](NC)[C@](O)(C)CO2)[C@H](N)C[C@@H]1N)[C@@H]1[C@H](N)CC[C@@H](C(NC)C)O1,training,1.0
Clc1ccc(C(Oc2cc(C(F)(F)F)ccc2)C(=O)OCCNC(=O)C)cc1,training,0.0
O=C(O)[C@H]1C(C)(C)S[C@@H]2[C@H](N3C(=O)C(c4ccccc4)NC3(C)C)C(=O)N12,training,0.0
N(N)c1nncc2c1cccc2,training,0.0
Oc1c(/C=C/c2ccc(C(=N)N)cc2)ccc(C(=N)N)c1,training,0.0
O=C(Oc1c(OC(=O)C(C)C)ccc(CCNC)c1)C(C)C,training,0.0
O=C(O)C(C)c1ccc(CC(C)C)cc1,training,0.0
O=C(OCc1ncccc1)C(C)c1ccc(CC(C)C)cc1,training,0.0
Ic1c(NC(=O)C)c(I)c(CNC(=O)C)c(I)c1C(=O)O,training,0.0
IC=1C(=O)C(I)=CN(CC(=O)O)C=1,training,0.0
Ic1c(NC(=O)COC)c(I)c(C(=O)NCC(O)CO)c(I)c1C(=O)N(CC(O)CO)C,training,0.0
Ic1c(NC(=O)C)c(I)c(C(=O)NC)c(I)c1C(=O)O,training,0.0
Ic1c(N(C(=O)C)C)c(I)c(C(=O)NC)c(I)c1C(=O)NCC(=O)Nc1c(I)c(C(=O)O)c(I)c(C(=O)NCCO)c1I,training,0.0
Ic1c(N=CN(C)C)c(I)cc(I)c1CCC(=O)O,training,0.0
Clc1c(C2(NC)C(=O)CCCC2)cccc1,training,1.0
O=C1N([C@@H]2O[C@H](CO)SC2)C=CC(N)=N1,training,0.0
O=C(O)[C@@H](N)CC(C)C,training,0.0
O=C(O)[C@@H](N)Cc1cc(O)c(O)cc1,training,0.0
Clc1ccc(N(C(=O)Cc2ccccc2)C2CCN(C(C)C)CC2)cc1,training,0.0
O([C@H]1[C@H](O)[C@@H](O)[C@H](O)O[C@@H]1CO)[C@@H]1[C@H](O)[C@@H](O)[C@H](O)[C@@H](CO)O1,training,0.0
O=C1C(C)=CC(=O)c2c1cccc2,training,1.0
O=C(Nc1c(C)cccc1C)C1N(C)CCCC1,training,0.0
S=C1N=CNc2nc[nH]c12,training,0.0
O=C(N)C=1C(=O)[C@@H](N(C)C)[C@@H]2[C@@H](O)[C@@H]3C(=C)c4c(c(O)ccc4)C(O)=C3C(=O)[C@]2(O)C=1O,training,0.0
O=C(O)C(C(CC)c1cc2c(cc(OC)cc2)cc1)(C)C,training,1.0
N(CCN(Cc1sccc1)c1ncccc1)(C)C,training,0.0
Fc1ccc(C(=O)CCCN2CCC(C)CC2)cc1,training,0.0
O=C(OC)C(c1ccccc1)C1NCCCC1,training,1.0
S(=O)(=O)([O-])CCN(C(=O)CCCCCCC(=O)OCC(=O)[C@]1(O)[C@]2(C)[C@H]([C@H]3[C@H]([C@@H](O)C2)[C@]2(C)C([C@@H](C)C3)=CC(=O)C=C2)CC1)C,training,1.0
O(CCc1ccc(OCC(O)CNC(C)C)cc1)C,training,0.0
S(=O)(=O)(C)N1C(=O)N(C(=O)N[C@@H](C(=O)N[C@@H]2C(=O)N3[C@@H](C(=O)O)C(C)(C)S[C@H]23)c2ccccc2)CC1,training,0.0
OCCN1[C@H](CO)[C@@H](O)[C@H](O)[C@@H](O)C1,training,0.0
S(=O)(=O)(NC)CCc1cc2c(C3CCN(C)CC3)c[nH]c2cc1,training,1.0
O=C(OCC(COC(=O)c1cnccc1)(COC(=O)c1cnccc1)COC(=O)c1cnccc1)c1cnccc1,training,1.0
OCc1cnccc1,training,0.0
FC(F)(F)c1cc(Nc2c(C(=O)O)cccn2)ccc1,training,0.0
O=[N+]([O-])c1cc(C2C(C(=O)OC(C)C)=C(C)NC(C)=C2C(=O)OCCOC)ccc1,training,0.0
O=[N+]([O-])c1cc2C(c3ccccc3)=NCC(=O)Nc2cc1,training,1.0
O[C@@H](CN)c1cc(O)c(O)cc1,training,1.0
O=C1C=C2[C@@H]([C@@H]3[C@H]([C@H]4[C@@](C)([C@](O)(CC)CC4)CC3)CC2)CC1,training,1.0
O=C(O[C@]1(C#C)[C@]2(C)[C@H]([C@H]3[C@@H]([C@@H]4C(=CC(=O)CC4)CC3)CC2)CC1)C,training,1.0
O=C1C=C2[C@@H]([C@@H]3[C@H]([C@H]4[C@@](C)([C@](O)(C)CC4)CC3)CC2)CC1,training,1.0
OCCN1CCN(CCCN2c3c(cccc3)C=Cc3c2cccc3)CC1,training,0.0
O([C@@H](CCCCCCCCCCC)C[C@H]1[C@H](CCCCCC)C(=O)O1)C(=O)C(NC=O)CC(C)C,training,0.0
O(C(c1c(C)cccc1)c1ccccc1)CCN(C)C,training,0.0
O=C(Oc1ccc(C2(c3ccc(OC(=O)C)cc3)C(=O)Nc3c2cccc3)cc1)C,training,1.0
O=C(O[C@@H]1C(C)=C2[C@@H](OC(=O)C)C(=O)[C@]3(C)[C@@H](O)C[C@@H]4[C@](OC(=O)C)([C@H]3[C@H](OC(=O)c3ccccc3)[C@@](O)(C2(C)C)C1)CO4)[C@H](O)[C@@H](NC(=O)c1ccccc1)c1ccccc1,training,1.0
F[C@@H]1C=2[C@@](C)([C@H]3[C@@H](O)C[C@]4(C)[C@@](O)(C(=O)CO)[C@H](C)C[C@H]4[C@@H]3C1)C=CC(=O)C=2,training,1.0
F[C@@H]1C=2[C@@](C)([C@H]3[C@@H](O)C[C@]4(C)[C@@](O)(C(=O)COC(=O)C)[C@H](C)C[C@H]4[C@@H]3C1)C=CC(=O)C=2,training,1.0
O=C(O)CN(CC(=O)O)CCN(CC(=O)O)CCN(CC(=O)O)CC(=O)O,training,0.0
O=C(OCC)[C@@H](N[C@H](C(=O)N1[C@H](C(=O)O)C[C@H]2[C@@H]1CCCC2)C)CCC,training,1.0
Clc1cc2N(CCCN3CCN(CCO)CC3)c3c(Sc2cc1)cccc3,training,1.0
O=C(Nc1ccc(OCC)cc1)C,training,0.0
N1(C2(c3ccccc3)CCCCC2)CCCCC1,training,1.0
O=C(N[C@@H]1C(=O)N2[C@@H](C(=O)O)C(C)(C)S[C@H]12)C(Oc1ccccc1)C,training,0.0
O=C1N(C)C(=O)CC1c1ccccc1,training,0.0
S(=O)(=O)(Nc1sccn1)c1ccc(NC(=O)c2c(C(=O)O)cccc2)cc1,training,0.0
O=C(C)c1cc2N(CCCN3CCC(CCO)CC3)c3c(Sc2cc1)cccc3,training,1.0
O=C(CN1CCN(C)CC1)N1c2ncccc2NC(=O)c2c1cccc2,training,1.0
O=C(OCC(=O)[C@]1(O)[C@]2(C)[C@H]([C@H]3[C@H]([C@@H](O)C2)[C@]2(C)C(=CC(=O)C=C2)CC3)CC1)COC(=O)CCCCCCCCCCCCCCCCC,training,1.0
O=C(O[C@@]1(C(=O)COC(=O)C)[C@]2(C)[C@H]([C@H]3[C@H]([C@@H](O)C2)[C@]2(C)C(=CC(=O)C=C2)CC3)CC1)CCCC,training,1.0
O=C1C(CC)(c2ccccc2)C(=O)NCN1,training,0.0
O=C(OCC[N+](C(C)C)(C(C)C)C)C1c2c(Oc3c1cccc3)cccc2,training,1.0
O=C(CC)c1cc2N(CC(N(C)C)C)c3c(Sc2cc1)cccc3,training,1.0
O=C(N(C(CN1CCCCC1)C)c1ncccc1)CC,training,1.0
O=C(N)c1nccnc1,training,0.0
NC(C)C12CC3CC(C1)CC(C2)C3,training,0.0
O=C(NCN1CCCC1)C=1C(=O)[C@@H](N(C)C)[C@H]2[C@@](O)(C=1O)C(=O)C1=C(O)c3c(O)cccc3[C@](O)(C)C1C2,training,0.0
O=C[C@]1(O)[C@@H](O[C@H]2[C@@H](NC)[C@H](O)[C@@H](O)[C@H](CO)O2)[C@H](O[C@H]2[C@H](O)[C@@H](O)[C@H](N=C(N)N)[C@@H](O)[C@@H]2N=C(N)N)O[C@H]1C,training,0.0
O=C1N2[C@H]3[C@@H]4[C@@H](OCC=C5[C@@H]4C[C@@H]4N(C5)CC[C@]34c3c2cccc3)C1,training,1.0
SC(C(=O)O)C(S)C(=O)O,training,0.0
O=C(O)[C@H]1C(C)(C)S(=O)(=O)[C@H]2N1C(=O)C2,training,0.0
S(=O)(=O)(Nc1nc(C)ccn1)c1ccc(N)cc1,training,0.0
S(=O)(=O)(Nc1nc(C)nc(OC)c1)c1ccc(N)cc1,training,0.0
Brc1c(Br)c(Br)c2C(c3cc(S(=O)(=O)[O-])c(O)cc3)(c3cc(S(=O)(=O)[O-])c(O)cc3)OC(=O)c2c1Br,training,1.0
S(=O)(=O)(CC)c1cc(C(=O)NCC2N(CC)CCC2)c(OC)cc1,training,0.0
FC=1C(=O)NC(=O)N(C2OCCC2)C=1,training,0.0
O(C)c1c(O)c(OC)cc([C@H]2[C@H]3C(=O)OCC3C(O[C@H]3[C@H](O)[C@@H](O)[C@@H]4OC(c5sccc5)OC[C@H]4O3)c3c2cc2OCOc2c3)c1,training,1.0
ClC(Cl)C(=O)N[C@@H]([C@H](O)c1ccc(S(=O)(=O)C)cc1)CO,training,0.0
S(=O)(=O)(C)c1cc(C(=O)NCCN(CC)CC)c(OC)cc1,training,0.0
Clc1cc2N(CC(=O)N3CCN(CCO)CC3)C(=O)Sc2cc1,training,0.0
S(=O)(=O)(CCn1c(C)ncc1[N+](=O)[O-])CC,training,0.0
O=C(OCC)c1c(N)sc2c1CCN(Cc1ccccc1)C2,training,0.0
S(=O)(=O)(OC[C@]12OC(C)(C)O[C@H]1[C@@H]1OC(C)(C)O[C@@H]1CO2)N,training,0.0
Nc1c(-c2ccccc2)nc2c(N)nc(N)nc2n1,training,0.0
N(CCNCCN)CCN,training,0.0
O=[N+](OCCN(CCO[N+](=O)[O-])CCO[N+](=O)[O-])[O-],training,1.0
O=C(OC1CC2[N+]3(C(C1)CC2)CCCC3)C(O)(c1ccccc1)c1ccccc1,training,1.0
O=C(NC1CNCCC1)c1cc(OC)c(OC)c(OC)c1,training,0.0
O=C(O)[C@@H](N)Cc1c2c([nH]c1)cccc2,training,0.0
O=C(N/C=C\1/C(=O)N[C@@H]([C@@H]2N=C(N)N[C@@H](O)C2)C(=O)NC[C@H](NC(=O)C[C@@H](N)CCCN)C(=O)N[C@@H](CO)C(=O)N[C@@H](CO)C(=O)N/1)N,training,0.0
S(=O)(=O)(NC(=O)c1cc(OC)c(Cc2c3c(n(C)c2)ccc(NC(=O)OC2CCCC2)c3)cc1)c1c(C)cccc1,training,1.0
O=[N+]([O-])c1ccc(C(CC(=O)C)C=2C(=O)Oc3c(C=2O)cccc3)cc1,training,1.0
Ic1c(NC(=O)C)c(I)cc(I)c1C(=O)O,training,0.0
O=C(O)/C=C/c1nc(/C(=C/CN2CCCC2)/c2ccc(C)cc2)ccc1,training,1.0
P(=O)(OP(=O)(OC[C@@H]1[C@@H](O)[C@@H](O)[C@H](n2c3ncnc(N)c3nc2)O1)O)(OP(=O)(O)O)O,training,1.0
FCC=1N(c2c(C)cccc2)C(=O)c2c(N=1)ccc(N)c2,training,1.0
S(CCC)c1cc2[nH]c(NC(=O)OC)nc2cc1,training,0.0
NC12CC3CC(C1)CC(C2)C3,training,0.0
O=C(O)CNC(=O)c1ccc(N)cc1,training,0.0
Ic1c(OCCN(CC)CC)c(I)cc(C(=O)c2c(CCCC)oc3c2cccc3)c1,training,0.0
N(CCC=C1c2c(cccc2)CCc2c1cccc2)(C)C,training,0.0
Clc1cc2nccc(Nc3cc(CN(CC)CC)c(O)cc3)c2cc1,training,1.0
Clc1cc2C(N3CCNCC3)=Nc3c(Oc2cc1)cccc3,training,0.0
O=NOCC(CC)C,training,0.0
N#CC(C)(C)c1cc(C(C#N)(C)C)cc(Cn2ncnc2)c1,training,1.0
O=C(OCC)C1(c2ccccc2)CCN(CCc2ccc(N)cc2)CC1,training,1.0
O=C1C(C(C)C)(CC=C)C(=O)NC(=O)N1,training,0.0
O=C(O)C(N)CCCN=C(N)N,training,0.0
O=C(OC1C[C@@H]2N(C)[C@H](C1)CC2)C(CO)c1ccccc1,training,1.0
Brc1c(O)c(Br)cc(C(=O)c2c(CC)oc3c2cccc3)c1,training,0.0
N(CC12c3c(cccc3)C(c3c1cccc3)CC2)C,training,1.0
F[C@]12[C@@H](O)C[C@]3(C)[C@@](O)(C(=O)CO)[C@@H](C)C[C@H]3[C@@H]1CCC=1[C@]2(C)C=CC(=O)C=1,training,1.0
F[C@]12[C@@H](O)C[C@]3(C)[C@@](OC(=O)C(C)C)(C(=O)COC(=O)C)[C@@H](C)C[C@H]3[C@@H]1CCC=1[C@]2(C)C=CC(=O)C=1,training,1.0
F[C@]12[C@@H](O)C[C@]3(C)[C@@](OC(=O)CCC)(C(=O)COC(=O)CC)[C@@H](C)C[C@H]3[C@@H]1CCC=1[C@]2(C)C=CC(=O)C=1,training,1.0
O(CCc1ccc(OCC(O)CNC(C)C)cc1)CC1CC1,training,1.0
Brc1c(C[N+](CC)(C)C)cccc1,training,0.0
Brc1ccc(C(CCN(C)C)c2ncccc2)cc1,training,1.0
Clc1ccc(C(N2CCN(Cc3ccc(C(C)(C)C)cc3)CC2)c2ccccc2)cc1,training,1.0
Clc1c(OCC(O)CNC(C)(C)C)cc(C)cc1,training,0.0
O=C1C(C(CC)C)(CC)C(=O)NC(=O)N1,training,1.0
Oc1cc2c(cc1)C[C@H]1N(CC3CCC3)CC[C@@]32[C@@]1(O)CCCC3,training,1.0
BrC(C(=O)NC(=O)N)(CC)CC,training,0.0
S(=O)(=O)(NC(=O)NCCCC)c1ccc(N)cc1,training,0.0
O=C(C)[C@@]1(O)C[C@H](O[C@@H]2O[C@@H](C)[C@@H](O)[C@@H](N)C2)c2c(O)c3C(=O)c4c(O)cccc4C(=O)c3c(O)c2C1,training,1.0
S(CC1=C(C(=O)O)N2C(=O)[C@@H](NC(=O)[C@H](OC=O)c3ccccc3)[C@H]2SC1)c1n(C)nnn1,training,0.0
S(CC1=C(C(=O)O)N2C(=O)[C@@](OC)(NC(=O)C3SC(=C(C(=O)O)C(=O)N)S3)[C@H]2SC1)c1n(C)nnn1,training,0.0
O=C(N[C@@H]1C(=O)N2C(C(=O)O)=C(/C=C\C)CS[C@H]12)[C@H](N)c1ccc(O)cc1,training,0.0
O(/N=C(\C(=O)N[C@@H]1C(=O)N2C(C(=O)[O-])=C(C[n+]3ccccc3)CS[C@H]12)/c1nc(N)sc1)C(C(=O)O)(C)C,training,0.0
O=C(OCC1=C(C(=O)OC(OC(=O)C)C)N2C(=O)[C@@H](NC(=O)/C(=N/OC)/c3occc3)[C@H]2SC1)N,training,0.0
S(CC(=O)N[C@@H]1C(=O)N2C(C(=O)O)=C(COC(=O)C)CS[C@H]12)c1ccncc1,training,0.0
C[C@H]1SC[C@@]2(O1)C1CCN(C2)CC1,training,1.0
ClC(Cl)C(=O)N[C@@H]([C@H](O)c1ccc([N+](=O)[O-])cc1)CO,training,0.0
S(=O)(=O)([O-])c1c2c(c(N)c(N=Nc3ccc(-c4ccc(N=Nc5c(N)c6c(c(S(=O)(=O)[O-])c5)cccc6)cc4)cc3)c1)cccc2,training,1.0
Clc1ccc([C@@](OCC[C@@H]2N(C)CCC2)(C)c2ccccc2)cc1,training,1.0
Clc1c(N)c(Cl)cc(C(O)CNC(C)(C)C)c1,training,1.0
Clc1c(C2CCCCC2)cc2c(C(C(=O)O)CC2)c1,training,1.0
Ic1c(O)c2ncccc2c(Cl)c1,training,0.0
Clc1ccc(NC=2C(=NC(C)C)C=C3N(c4ccc(Cl)cc4)c4c(N=C3C=2)cccc4)cc1,training,1.0
Clc1ccc(OC(C(=O)OCCCC(=O)N(C)C)(C)C)cc1,training,0.0
Clc1c(C2=NCC(=O)Nc3c2cc([N+](=O)[O-])cc3)cccc1,training,1.0
Clc1c(NC2=NCCN2)c(Cl)ccc1,training,1.0
Clc1c(S(=O)(=O)N)cc(C(=O)NN2C(C)CCCC2C)cc1,training,1.0
ClC=1C=2[C@](C)([C@@H]3[C@H](C(=O)C=2)C3)[C@@H]2[C@H]([C@H]3[C@@](C)([C@@](O)(C(=O)C)CC3)CC2)C=1,training,0.0
O=C1N([C@H]2[C@@H](O)[C@H](O)[C@@H](CO)O2)C=CC(N)=N1,training,0.0
O[C@]1(C#C)[C@]2(C)[C@H]([C@H]3[C@@H]([C@]4(C)C(=Cc5oncc5C4)CC3)CC2)CC1,training,0.0
N(CCCN1c2c(cccc2)CCc2c1cccc2)C,training,0.0
F[C@@]12[C@]3(C)C(=CC(=O)C=C3)CC[C@H]1[C@H]1[C@@](C)([C@@](O)(C(=O)COC(=O)C)[C@H](C)C1)CC2O,training,1.0
O=C(NCCCO)C(O)C(CO)(C)C,training,0.0
N[C@H](Cc1ccccc1)C,training,1.0
O=C(N(CC)CC)N1CCN(C)CC1,training,0.0
O([C@@H]1[C@@H](C)O[C@@H](O[C@@H]2C[C@@H]3[C@@](C)([C@@H]4[C@H]([C@]5(O)[C@](C)([C@H](O)C4)[C@@H](C4=CC(=O)OC4)CC5)CC3)CC2)C[C@@H]1O)[C@@H]1O[C@H](C)[C@@H](O[C@@H]2O[C@H](C)[C@@H](O)[C@@H](O)C2)[C@@H](O)C1,training,1.0
N(CCC1=C(C(C)c2ncccc2)c2c(cccc2)C1)(C)C,training,1.0
O(C)c1c(OC)cc2c3[C@H]([N+](C)(C)CC2)Cc2cc(c(OC)cc2)Oc2c(OC)cc4c([C@@H]([N+](C)(C)CC4)Cc4ccc(Oc13)cc4)c2,training,1.0
S=C(S)N(CC)CC,training,0.0
N(CC/C=C/1\c2c(OCc3c\1cccc3)cccc2)(C)C,training,0.0
FC=1C(=O)NC(=O)N([C@H]2[C@H](O)[C@H](O)[C@@H](C)O2)C=1,training,0.0
FC(F)C(N)(C(=O)O)CCCN,training,0.0
O[C@@H]([C@@H](NC)C)c1ccccc1,training,1.0
O[C@@H](CNC)c1cc(O)c(O)cc1,training,1.0
O=C(O[C@H]1[C@H](O[C@@H]2[C@@H](C)[C@H](O[C@@H]3O[C@@H](C)[C@H](O)[C@@](OC)(C)C3)[C@@H](C)C(=O)O[C@H](CC)[C@](O)(C)[C@H](O)[C@@H](C)C(=O)[C@H](C)C[C@]2(O)C)O[C@H](C)C[C@@H]1N(C)C)C,training,0.0
O=C(Oc1cc2c([C@@H]3[C@H]([C@H]4[C@@](C)([C@@H](O)CC4)CC3)CC2)cc1)c1ccccc1,training,1.0
O=C(O[C@@H]1[C@]2(C)[C@H]([C@H]3[C@@H](c4c(cc(O)cc4)CC3)CC2)CC1)CCC1CCCC1,training,1.0
O=C(O[C@@H]1[C@]2(C)[C@H]([C@H]3[C@@H](c4c(cc(OC(=O)CC)cc4)CC3)CC2)CC1)CC,training,1.0
O=C(OCC)C,training,0.0
O[C@@H]1C=C2[C@@H]([C@@H]3[C@H]([C@H]4[C@@](C)([C@](O)(C#C)CC4)CC3)CC2)CC1,training,1.0
OC(CNCC)c1cc(O)ccc1,training,1.0
O=C1N(C)C(=O)c2n(CCO)cnc2N1C,training,0.0
O=C1C=C2[C@@](C)([C@@H]3[C@H]([C@H]4[C@@](C)(C(=O)CC4)CC3)CC2=C)C=C1,training,1.0
S(=O)(=O)(/N=C(\N)/CCSCc1nc(N=C(N)N)sc1)N,training,1.0
Clc1c(Cl)cccc1C1C(C(=O)OCC)=C(C)NC(C)=C1C(=O)OC,training,1.0
Clc1ccc(-c2c(CC(=O)O)sc(-c3ccccc3)n2)cc1,training,0.0
O=C1N(N(c2ccccc2)C(=O)C1CC=C(C)C)c1ccccc1,training,0.0
O=C(OCCN1CCCCC1)c1c2OC(c3ccccc3)=C(C)C(=O)c2ccc1,training,0.0
Fc1cc2C(=O)N(C)Cc3c(C(=O)OCC)ncn3-c2cc1,training,1.0
FC(F)(F)c1cc2N(CCCN3CCN(CCOC(=O)CCCCCC)CC3)c3c(Sc2cc1)cccc3,training,1.0
O=C(O)[C@@H](NC(=O)c1ccc(NCc2nc3C(=O)NC(N)=Nc3nc2)cc1)CCC(=O)O,training,1.0
P(=O)(OC(OC(=O)CC)C(C)C)(CC(=O)N1[C@H](C(=O)O)C[C@@H](C2CCCCC2)C1)CCCCc1ccccc1,training,1.0
S(SCC1OCCC1)/C(=C(/N(C=O)Cc1c(N)nc(C)nc1)\C)/CCO,training,1.0
O(CC[N+](CC)(CC)CC)c1c(OCC[N+](CC)(CC)CC)cccc1OCC[N+](CC)(CC)CC,training,1.0
O=C1C=C2C(=C3[C@H]([C@H]4[C@@](CC)([C@](O)(C#C)CC4)C=C3)CC2)CC1,training,1.0
S(=O)(=O)(NC(=O)NN1CCCCCC1)c1ccc(CCNC(=O)c2noc(C)c2)cc1,training,1.0
O=C(O)[C@@H](N)CCC(=O)N,training,0.0
O=C(O)[C@@H](N)Cc1[nH]cnc1,training,0.0
O=C1c2c(NCCN(CC)CC)ccc(CO)c2Sc2c1cccc2,training,0.0
S(=O)(=O)(N)c1c(C(F)(F)F)cc2NCNS(=O)(=O)c2c1,training,1.0
Oc1ccc(CC(N)C)cc1,training,0.0
O=C(OC1C(OC(=O)c2cnccc2)C(OC(=O)c2cnccc2)C(OC(=O)c2cnccc2)C(OC(=O)c2cnccc2)C1OC(=O)c1cnccc1)c1cnccc1,training,0.0
Ic1c(NC(=O)CCCCC(=O)Nc2c(I)c(C(=O)O)c(I)c(C(=O)NC)c2I)c(I)c(C(=O)NC)c(I)c1C(=O)O,training,0.0
Ic1c(N(C(=O)C)CC(C(=O)O)C)c(I)cc(I)c1N,training,0.0
Ic1c(NC(=O)CCCCC(=O)Nc2c(I)c(C(=O)O)c(I)cc2I)c(I)cc(I)c1C(=O)O,training,0.0
Ic1c(N(C(=O)CC(=O)N(C)c2c(I)c(C(=O)NC(C(O)CO)CO)c(I)c(C(=O)NC(C(O)CO)CO)c2I)C)c(I)c(C(=O)NC(C(O)CO)CO)c(I)c1C(=O)NC(C(O)CO)CO,training,0.0
O=C(OCC(C)C)c1ccc(N)cc1,training,0.0
O=C(OC(C)C)C1=C(C)NC(C)=C(C(=O)OC)C1c1c2nonc2ccc1,training,1.0
O=C(N)c1c(O)ccc(C(O)CNC(CCc2ccccc2)C)c1,training,0.0
O([C@H]1[C@H](O)[C@@H](O)[C@H](O)O[C@@H]1CO)[C@H]1[C@H](O)[C@@H](O)[C@@H](O)[C@@H](CO)O1,training,0.0
[SH0](=O)(Cc1c(C)c(OCC(F)(F)F)ccn1)c1[nH]c2c(n1)cccc2,training,1.0
O=C(N(CC)CC)N[C@H]1C=C2[C@H](N(C)C1)Cc1c3c([nH]c1)cccc23,training,1.0
Clc1ccc(C(=O)CN(CCCN2c3c(cccc3)CCc3c2cccc3)C)cc1,training,1.0
ClCCN(N=O)C(=O)NC1CCCCC1,training,0.0
Clc1ccc(C2(O)N3C(=NCC3)c3c2cccc3)cc1,training,1.0
O=C(OCCCCN(C(Cc1ccc(OC)cc1)C)CC)c1cc(OC)c(OC)cc1,training,0.0
O=C(O)c1c(Nc2c(C)c(C)ccc2)cccc1,training,0.0
O[C@@H]([C@H](O)[C@@H](O)CNC)[C@H](O)CO,training,0.0
N(C(Cc1ccccc1)(C)C)C,training,1.0
O=C1N(C)C(=O)NC1(CC)c1ccccc1,training,0.0
O[C@@H]([C@@H](N)C)c1cc(O)ccc1,training,0.0
O=C1N(c2c(C)cccc2)C(C)=Nc2c1cccc2,training,0.0
O=C(N[C@H](CO)CC)[C@@H]1C=C2[C@H](N(C)C1)Cc1c3c([nH]c1)cccc23,training,1.0
S=C1N(C)C=CN1,training,1.0
O=C(OCC(O)COc1c(OC)cccc1)N,training,0.0
O=C(O)[C@@](N)(Cc1cc(O)c(O)cc1)C,training,0.0
O=C(CO)[C@]1(O)[C@]2(C)[C@H]([C@H]3[C@H]([C@@H](O)C2)[C@]2(C)C([C@@H](C)C3)=CC(=O)C=C2)CC1,training,0.0
S=C1NC(=O)C=C(C)N1,training,0.0
CN1CC2N(c3ncccc3Cc3c2cccc3)CC1,training,1.0
ClCC(=O)[C@@]1(OC(=O)c2occc2)[C@H](C)C[C@@H]2[C@]1(C)C[C@H](O)[C@]1(Cl)[C@]3(C)C(=CC(=O)C=C3)CC[C@@H]21,training,1.0
O=C(OCC)Nc1cc2N(C(=O)CCN3CCOCC3)c3c(Sc2cc1)cccc3,training,0.0
O=C(Oc1c(C)cc(OCCN(C)C)c(C(C)C)c1)C,training,0.0
O=C(OCCN1CCOCC1)CC/C(=C/Cc1c(OC)c(C)c2c(c1O)C(=O)OC2)/C,training,0.0
O=C(O)C=1C(=O)c2c(N(CC)C=1)nc(C)cc2,training,0.0
O=C(OC[C@@H]1[C@@H](OC(=O)c2cnccc2)[C@H](OC(=O)c2cnccc2)[C@@](O)(COC(=O)c2cnccc2)O1)c1cnccc1,training,0.0
N(CCC=C1c2c(cccc2)CCc2c1cccc2)C,training,1.0
O=[N+]([O-])c1c(CO)cc2c(NC(CNC(C)C)CC2)c1,training,0.0
Clc1cc2[C@]3(c4ccccc4)O[C@H](C)CN3CC(=O)Nc2cc1,training,1.0
N(CCc1onc(-c2ccccc2)n1)(CC)CC,training,0.0
O=C(N)C=1C(=O)[C@@H](N(C)C)[C@@H]2[C@@H](O)[C@@H]3[C@@](O)(C)c4c(c(O)ccc4)C(O)=C3C(=O)[C@]2(O)C=1O,training,0.0
Fc1ccc([C@H]2[C@H](COc3cc4OCOc4cc3)CNCC2)cc1,training,1.0
O=C(NC(=O)Cc1ccccc1)N,training,0.0
O=C1C(CCN(CC)CC)(c2ccccc2)CCC(=O)N1,training,1.0
N(CCC(c1ncccc1)c1ccccc1)(C)C,training,1.0
O(CCN(C)C)c1c(Cc2ccccc2)cccc1,training,0.0
O=C(Oc1cc2[C@@]3(C)[C@@H](N(C)c2cc1)N(C)CC3)NC,training,1.0
Clc1cc2C(c3ccccc3)=NCC(=O)N(CC#C)c2cc1,training,1.0
Clc1cc2N(CCCN3CCC(C(=O)N)CC3)c3c(Sc2cc1)cccc3,training,1.0
BrCCC(=O)N1CCN(C(=O)CCBr)CC1,training,1.0
O[C@H]1[N+]2(CCC)[C@H]3[C@@H]4N(C)c5c(cccc5)[C@@]54[C@@H](O)C([C@H]2C5)[C@H]([C@@H]1CC)C3,training,1.0
N(CCC)[C@@H]1Cc2sc(N)nc2CC1,training,1.0
O=C(OCC(=O)[C@]1(O)[C@]2(C)[C@H]([C@H]3[C@H]([C@@H](O)C2)[C@]2(C)C(=CC(=O)C=C2)CC3)CC1)C,training,1.0
O=C(OCC(=O)[C@]1(O)[C@]2(C)[C@H]([C@H]3[C@H]([C@@H](O)C2)[C@]2(C)C(=CC(=O)C=C2)CC3)CC1)CCC(=O)O,training,1.0
O=C1N(C)C(=O)c2n(CC(O)C)cnc2N1C,training,0.0
O(CCO)CCN1CCN(C2=Nc3c(Sc4c2cccc4)cccc3)CC1,training,0.0
O=C(N[C@@H](CC(C)C)c1c(N2CCCCC2)cccc1)Cc1cc(OCC)c(C(=O)O)cc1,training,1.0
OC/C=C(/C=C/C=C(/C=C/C=1C(C)(C)CCCC=1C)\C)\C,training,1.0
P(=O)(OC[C@@H](O)[C@@H](O)[C@@H](O)CN1c2c(N=C3C(=O)NC(=O)N=C13)cc(C)c(C)c2)(O)O,training,1.0
O=C(Oc1c(C(=O)O)cccc1)c1c(O)cccc1,training,0.0
O=C(O)c1cc(O)c2C(=O)c3c(O[C@H]4[C@H](O)[C@@H](O)[C@H](O)[C@@H](CO)O4)cccc3[C@@H]([C@H]3c4c(c(O)cc(C(=O)O)c4)C(=O)c4c(O[C@H]5[C@H](O)[C@@H](O)[C@H](O)[C@@H](CO)O5)cccc34)c2c1,training,0.0
O([C@@H]1[C@@H](O)[C@H](OC2C(N)CC=C(CN)O2)[C@@H](N)C[C@H]1N)[C@@H]1[C@H](O)[C@@H](NC)[C@](O)(C)CO1,training,1.0
O[C@@H]([C@H](O)[C@H](O)CO)[C@@H](O)CO,training,0.0
S(=O)(=O)(Nc1ccc(C(O)CNC(C)C)cc1)C,training,0.0
O=C1[C@]2(O)O[C@@H]3[C@@H](NC)[C@@H](O)[C@@H](NC)[C@H](O)[C@H]3O[C@@H]2O[C@H](C)C1,training,0.0
Clc1cc2N(CCCN3CCC4(SCC(=O)N4)CC3)c3c(Sc2cc1)cccc3,training,0.0
O=NN(C(=O)N[C@@H]1[C@@H](O)[C@H](O)[C@@H](CO)O[C@@H]1O)C,training,0.0
O=C(O)CCC(=O)O,training,0.0
O=C(OCC[N+](C)(C)C)CCC(=O)OCC[N+](C)(C)C,training,1.0
S(=O)(=O)(N(C(=O)C)c1c(C)c(C)no1)c1ccc(N)cc1,training,0.0
S(=O)(=O)([O-])c1ccc(N=NC=2C(=O)N(c3ccc(S(=O)(=O)[O-])cc3)NC=2C(=O)[O-])cc1,training,0.0
O=C(N1CCN(c2nc(N)c3c(n2)cc(OC)c(OC)c3)CC1)C1OCCC1,training,1.0
N(C/C=C/C#CC(C)(C)C)(Cc1c2c(ccc1)cccc2)C,training,0.0
O=C1C=C2[C@@](C)([C@@H]3[C@H]([C@H]4[C@@](C)(OC(=O)CC4)CC3)CC2)C=C1,training,0.0
O=C1C(N2C(=O)c3c(C2=O)cccc3)CCC(=O)N1,training,0.0
ClC(Cl)C(=O)N[C@@H]([C@H](O)c1ccc(S(=O)(=O)C)cc1)COC(=O)CN,training,0.0
S=C1NC(=O)C(C(CCC)C)(CC)C(=O)N1,training,0.0
O=C1N([C@@H]2O[C@H](CO)[C@@H](O)C2)C=C(C)C(=O)N1,training,0.0
O=C(O)[C@H]1CN(CCC=C(c2c(C)ccs2)c2c(C)ccs2)CCC1,training,1.0
O=C1CC2=C([C@@H]3[C@@H]([C@H](C)C2)[C@H]2[C@@](C)([C@](O)(C#C)CC2)CC3)CC1,training,1.0
O=C(O)[C@@H](C(=O)N[C@@H]1C(=O)N2[C@@H](C(=O)O)C(C)(C)S[C@H]12)c1cscc1,training,0.0
O=C(OCC)[C@]1([C@H](N(C)C)C=CCC1)c1ccccc1,training,0.0
O(C)C1C[N+](C)(C)CC(=C(c2sccc2)c2sccc2)C1,training,1.0
O=C(C(CN1CCCCC1)C)c1ccc(C)cc1,training,0.0
N[C@H]1[C@H](c2ccccc2)C1,training,1.0
O(C)c1c(OC)cc(C[C@@H]2NCCc3c2cc(O)c(O)c3)cc1OC,training,1.0
OC(CC[N+](CC)(CC)CC)(c1ccccc1)C1CCCCC1,training,1.0
O=C1N(Cc2ccccc2)C2C(N1Cc1ccccc1)C[S+]1C2CCC1,training,1.0
O=C1Oc2c(C)c3oc(C)cc3cc2C(C)=C1,training,1.0
O=C(OCCOCn1c2N=C(N)NC(=O)c2nc1)[C@@H](N)C(C)C,training,0.0
O=C(O[C@@H]1C(N2CCCCC2)C[C@]2(C)[C@@H]3[C@H]([C@H]4[C@@](C)(C(OC(=O)C)C([N+]5(C)CCCCC5)C4)CC3)CC[C@H]2C1)C,training,1.0
O(C)c1ccc(C(CN(C)C)C2(O)CCCCC2)cc1,training,0.0
O=C1C(/C(=C/CC)/C)(CC)C(=O)NC(=O)N1,training,0.0
O=C1N([C@@H]2O[C@H](CO)[C@@H](N=[N+]=[N-])C2)C=C(C)C(=O)N1,training,0.0
Clc1ccc(C(=O)c2n(C)c(CC(=O)O)cc2C)cc1,training,0.0
O(CCO)Cn1c2N=C(N)NC(=O)c2nc1,training,0.0
Nc1ncnc2nc[nH]c12,training,0.0
P(=O)(OC[C@@H]1[C@@H](O)[C@@H](O)[C@H](n2c3ncnc(N)c3nc2)O1)(O)O,training,1.0
S=C1N(CC=C)C(=O)C(CC(C)C)N1,training,0.0
O=C1C(CC=C)(CC=C)C(=O)NC(=O)N1,training,0.0
O=C(O[C@]1([C@@H](C)CN(C)CC1)c1ccccc1)CC,training,1.0
Clc1c(C[N+](CCNC(=O)C(=O)NCC[N+](CC)(CC)Cc2c(Cl)cccc2)(CC)CC)cccc1,training,1.0
Brc1c(N)c(CNC2CCC(O)CC2)cc(Br)c1,training,1.0
O=C(N[C@H]1[C@H](O[C@@H]2[C@H](O)[C@@H](N)[C@H](O)[C@@H](CO)O2)[C@@H](O)[C@H](O[C@@H]2[C@H](O)[C@@H](O)[C@H](O)[C@@H](CN)O2)[C@@H](N)C1)[C@@H](O)CCN,training,0.0
O=C(O)C(NC(=O)c1ccc(NCc2nc3c(N)nc(N)nc3nc2)cc1)CCC(=O)O,training,1.0
O=C(N[C@@H]1C(=O)N2[C@@H](C(=O)O)C(C)(C)S[C@H]12)[C@H](N)c1ccc(O)cc1,training,0.0
O=C1C(N)=CC(c2ccncc2)=CN1,training,1.0
O(C)[C@H]1[C@@H](O)[C@H](N)[C@@H](O[C@@H]2[C@H](N)CC[C@@H]([C@@H](N)C)O2)[C@H](O)[C@@H]1NC,training,0.0
C(c1sccc1)(c1sccc1)=C1CN(C)CCC1,training,0.0
Clc1ccc(CC2=NN(C(=O)c3c2cccc3)C2CCN(C)CCC2)cc1,training,1.0
S(=O)(=O)(O)N1[C@@H](C)[C@H](NC(=O)/C(=N\OC(C(=O)O)(C)C)/c2nc(N)sc2)C1=O,training,0.0
O=C1N(C)C(=O)c2n(CCN(CCO)CC)c(Cc3ccccc3)nc2N1C,training,0.0
O(CCCN(C)C)C1(Cc2ccccc2)CCCCCC1,training,0.0
O=[N+]([O-])c1cc([C@@H]2C(C(=O)OC)=C(C)NC(C)=C2C(=O)O[C@H]2CN(Cc3ccccc3)CCC2)ccc1,training,1.0
O=C(Oc1c(C(=O)Oc2ccc(NC(=O)C)cc2)cccc1)C,training,0.0
Clc1ccc(-c2oc3c(n2)cc(C(C(=O)O)C)cc3)cc1,training,0.0
O=C(NNCc1c(O)c(O)c(O)cc1)C(N)CO,training,0.0
Clc1c(S(=O)(=O)N)cc2S(=O)(=O)N=C(CSCc3ccccc3)Nc2c1,training,1.0
C(=C/C=C/C=C(/C=C/C=C(/C=C/C=1C(C)(C)CCCC=1C)\C)\C)(\C=C\C=C(\C=C\C=1C(C)(C)CCCC=1C)/C)/C,training,1.0
F[C@]12[C@@H](O)C[C@]3(C)[C@@](OC(=O)c4ccccc4)(C(=O)CO)[C@@H](C)C[C@H]3[C@@H]1CCC=1[C@]2(C)C=CC(=O)C=1,training,1.0
N(=C(NCc1ccccc1)NC)C,training,0.0
S(=O)(=O)(C[C@](O)(C(=O)Nc1cc(C(F)(F)F)c(C#N)cc1)C)c1ccc(F)cc1,training,1.0
O=C(CCCN1CCCC1)c1c(OC)cc(OC)cc1OC,training,0.0
O=C(CCC)N1CCN(c2nc(N)c3c(n2)cc(OC)c(OC)c3)CCC1,training,1.0
O(CC(O)CNC(C)(C)C)c1c(C#N)cccc1,training,1.0
N(CCNc1onc(-c2ccccc2)n1)(CCCC)CCCC,training,0.0
N(CC(CC1c2c(cccc2)CCc2c1cccc2)C)(C)C,training,1.0
O=C1N(C)C(=O)c2n(C)cnc2N1C,training,0.0
O=C(NC(=O)C(C(CC)C)CC)N,training,0.0
O=C(OCC[N+](C)(C)C)N,training,1.0
S=C1N(C(=O)OCC)C=CN1C,training,1.0
O(CC(O)CNC(C)(C)C)c1c2c(NC(=O)CC2)ccc1,training,1.0
S(CC1=C(C(=O)O)N2C(=O)[C@@H](NC(=O)/C(=N\OC)/c3nc(N)sc3)[C@H]2SC1)c1n(C)nnn1,training,0.0
S(CC#N)CC(=O)N[C@]1(OC)C(=O)N2C(C(=O)O)=C(CSc3n(C)nnn3)CS[C@H]12,training,0.0
S(CC1=C(C(=O)O)N2C(=O)[C@@H](NC(=O)[C@H](NC(=O)N3C(=O)C(=O)N(CC)CC3)c3ccc(O)cc3)[C@H]2SC1)c1n(C)nnn1,training,0.0
O=C(N[C@@H]1C(=O)N2C(C(=O)O)=C(COC(=O)C)CS[C@H]12)/C(=N/OC)/c1nc(N)sc1,training,0.0
S(CC1=C(C(=O)O)N2C(=O)[C@@H](NC(=O)Cc3nc(N)sc3)[C@H]2SC1)c1n(CCN(C)C)nnn1,training,0.0
O=C(OCC1=C(C(=O)OC(OC(=O)C(OC)(C)C)C)N2C(=O)[C@@H](NC(=O)/C(=N/OC)/c3occc3)[C@H]2SC1)N,training,0.0
S(=O)(=O)(N)c1ccc(-n2c(-c3ccc(C)cc3)cc(C(F)(F)F)n2)cc1,training,0.0
Clc1c(C(=O)OCCN(CC)CC)ccc(N)c1,training,0.0
Clc1ccc(C(CCN(C)C)c2ncccc2)cc1,training,1.0
Clc1ccc(C(OCCN(C)C)(C)c2ccccc2)cc1,training,0.0
Clc1ccc(CC(N)(C)C)cc1,training,1.0
Clc1ccc(S(=O)(=O)NC(=O)NCCC)cc1,training,0.0
Clc1c2[C@](O)(C)[C@@H]3C(C(=O)[C@]4(O)C(O)=C(C(=O)N)C(=O)[C@@H](N(C)C)[C@@H]4C3)=C(O)c2c(O)cc1,training,0.0
Ic1c([O-])c(I)cc2C(c3c(Cl)c(Cl)c(Cl)c(Cl)c3C(=O)[O-])=C3C(=C(I)C(=O)C(I)=C3)Oc12,training,1.0
O[C@@H]1[C@@H](c2cc(O)c(O)cc2)Oc2c(c(O)cc(O)c2)C1,training,0.0
S(CCNC(=NC)NC#N)Cc1c(C)[nH]cn1,training,0.0
Fc1ccc(C2(CCCN(C)C)OCc3c2ccc(C#N)c3)cc1,training,1.0
Clc1c(N)cc(OC)c(C(=O)NC2CCN(Cc3ccccc3)CC2)c1,training,1.0
Clc1ccc(CC(O)(C(CN(C)C)C)C)cc1,training,0.0
Clc1c(C23OCCN2CC(=O)Nc2c3cc(Cl)cc2)cccc1,training,1.0
O(C)c1c2O[C@H]3[C@@H](O)C=C[C@H]4[C@@H]5N(C)CC[C@]34c2c(cc1)C5,training,0.0
O=C(O)C=1Oc2c(c(OCC(O)COc3c4C(=O)C=C(C(=O)O)Oc4ccc3)ccc2)C(=O)C=1,training,0.0
O=[N+]([O-])c1ccc(-c2oc(/C=N/N3C(=O)NC(=O)C3)cc2)cc1,training,0.0
O=C(C)[C@@]1(O)C[C@H](O[C@@H]2O[C@@H](C)[C@@H](O)[C@@H](N)C2)c2c(O)c3C(=O)c4c(OC)cccc4C(=O)c3c(O)c2C1,training,1.0
Clc1cc2S(=O)(=O)N=C(C)Nc2cc1,training,0.0
O=C(O[C@@H]1[C@H](c2ccc(OC)cc2)Sc2c(N(CCN(C)C)C1=O)cccc2)C,training,0.0
O=C(N(C)C)C,training,1.0
O(C(c1ccccc1)c1ccccc1)CCN(C)C,training,1.0
S(SC(=S)N(CC)CC)C(=S)N(CC)CC,training,0.0
OCCN(CCO)c1oc(c(-c2ccccc2)n1)-c1ccccc1,training,0.0
C(\C=C\c1[n+](CC)c2c(s1)cccc2)=C/C=C\1/N(CC)c2c(S/1)cccc2,training,1.0
O=C(N1CCN(c2nc(N)c3c(n2)cc(OC)c(OC)c3)CC1)C1Oc2c(OC1)cccc2,training,1.0
O=C(OCC)[C@@H](N[C@H](C(=O)N1[C@H](C(=O)O)CCC1)C)CCc1ccccc1,training,1.0
OC[C@@H](NCCN[C@H](CO)CC)CC,training,0.0
O=C(O)CCCCCCC/C=C\CCCCCCCC,training,0.0
O(CC)c1c(OCC)ccc(Cc2nccc3c2cc(OCC)c(OCC)c3)c1,training,0.0
Cl/C=C\C(O)(C#C)CC,training,0.0
O=C(OCC)C1(c2ccccc2)CCN(C)CCC1,training,0.0
N(C(CN1c2c(Sc3c1cccc3)cccc2)C)(CC)CC,training,0.0
O=C(O[C@@H]1C=C2[C@@H]([C@@H]3[C@H]([C@H]4[C@@](C)([C@](OC(=O)C)(C#C)CC4)CC3)CC2)CC1)C,training,1.0
Clc1ccc(OC(C(=O)OCCn2c3C(=O)N(C)C(=O)N(C)c3nc2)(C)C)cc1,training,0.0
N(=N/n1c(c(C)[n+]2c1cccc2)-c1ccccc1)\n1c(c(C)[n+]2c1cccc2)-c1ccccc1,training,1.0
Clc1ccc(C(O)(CC(O)(C)C)C)cc1,training,0.0
O=C(NC(C)(C)C)[C@@H]1[C@]2(C)[C@H]([C@H]3[C@@H]([C@]4(C)[C@H](NC(=O)C=C4)CC3)CC2)CC1,training,1.0
O=C(O)CCC(=O)c1cc2-c3c4c(ccc3)cccc4-c2cc1,training,0.0
F[C@]12[C@@H](O)C[C@]3(C)[C@@](O)(C(=O)CO)CC[C@H]3[C@@H]1CCC=1[C@]2(C)CCC(=O)C=1,training,1.0
FC(F)(F)c1cc2N(CCCN3CCN(CCO)CC3)c3c(Sc2cc1)cccc3,training,1.0
O=C(O)CC1(CN)CCCCC1,training,0.0
SC[C@H](NC(=O)CC[C@H](N)C(=O)O)C(=O)NCC(=O)O,training,0.0
O=C1C(CC)(c2ccccc2)CCC(=O)N1,training,0.0
OC(CO)CO,training,0.0
O=Cc1c(O)c(O)c(C(C)C)c2c1c(O)c(-c1c(O)c3c(C=O)c(O)c(O)c(C(C)C)c3cc1C)c(C)c2,training,1.0
O=C(NC1C[C@@H]2N(C)[C@H](C1)CCC2)c1nn(C)c2c1cccc2,training,1.0
N(=C(N)N)CCN1CCCCCCC1,training,1.0
N=C(N)N,training,0.0
OC(CN1CC[N+](C)(C)CC1)(c1ccccc1)C1CCCCC1,training,1.0
O=C(C)[C@@]1(O)C[C@H](O[C@@H]2O[C@@H](C)[C@@H](O)[C@@H](N)C2)c2c(O)c3C(=O)c4c(C(=O)c3c(O)c2C1)cccc4,training,1.0
S(=O)(=O)([O-])CCCC[N+]1=C(/C=C\C=C/C=C\C=C/2\N(CCCCS(=O)(=O)[O-])c3c(C\2(C)C)c2c(cc3)cccc2)C(C)(C)c2c3c(ccc12)cccc3,training,1.0
N(C(CCC=C(C)C)C)C,training,0.0
O=[N+](O[C@H]1[C@H]2OC[C@H](O)[C@H]2OC1)[O-],training,1.0
O=C1c2sccc2C(=C2CCN(C)CC2)c2c(cccc2)C1,training,1.0
O=C(O)C(O)C,training,0.0
O=C(O)C(NC(=O)c1ccc(NCC2N(C=O)C=3C(=O)NC(N)=NC=3NC2)cc1)CCC(=O)O,training,0.0
[C@@H]1(c2ccccc2)N=C2SCCN2C1,training,1.0
O[C@H](CO)CN1CCN(c2ccccc2)CC1,training,0.0
Ic1c(Oc2cc(I)c(O)c(I)c2)c(I)cc(C[C@H](N)C(=O)O)c1,training,1.0
Clc1c(OC(C)C2=NCCN2)c(Cl)ccc1,training,1.0
ClC1=C(C(=O)O)N2C(=O)[C@@H](NC(=O)[C@H](N)c3ccccc3)[C@H]2CC1,training,0.0
O=C(O[C@@H]1[C@@H]2[C@@H](CC[C@H]3OC(=O)C[C@H](O)C3)[C@@H](C)C=CC2=C[C@H](C)C1)[C@H](CC)C,training,1.0
Clc1cc2C(N3CCN(C)CC3)=Nc3c(Oc2cc1)cccc3,training,0.0
O=C(O)[C@@H](N)CCCCN,training,0.0
O=C(O)C(O)c1ccccc1,training,0.0
O=C(OC1C[N+](C)(C)CCC1)C(O)(c1ccccc1)c1ccccc1,training,1.0
O=C(OCC)C1(c2ccccc2)CCN(C)CC1,training,0.0
C(N1c2c(Sc3c1cccc3)cccc2)C1C2CCN(C1)CC2,training,1.0
O=C(C(CC(N(C)C)C)(c1ccccc1)c1ccccc1)CC,training,1.0
O=C(OCC[N+](CC)(CC)C)C1c2c(Oc3c1cccc3)cccc2,training,0.0
O=C1N(C)C(=O)NC(=O)C1(C(C#CCC)C)CC=C,training,1.0
O=C(OC)c1ccc(O)cc1,training,0.0
O=C(O[C@@]1(C(=O)COC(=O)C)[C@]2(C)[C@H]([C@H]3[C@H]([C@@H](O)C2)[C@]2(C)C([C@@H](C)C3)=CC(=O)C=C2)CC1)CC,training,1.0
O=C(OCC(=O)[C@]1(O)[C@]2(C)[C@H]([C@H]3[C@H]([C@@H](O)C2)[C@]2(C)C([C@@H](C)C3)=CC(=O)C=C2)CC1)C,training,1.0
O=C(O)[C@@](N)(Cc1ccc(O)cc1)C,training,0.0
O=C(OC)CCCCCC[C@@H]1[C@@H](/C=C/CC(O)(CCCC)C)[C@H](O)CC1=O,training,1.0
O=C(OC[C@H]1[C@]2(OC)N(C=3C(=O)C(C)=C(N)C(=O)C1=3)C[C@@H]1N[C@H]21)N,training,1.0
O=C(O)[C@H]1C(C)(C)S[C@@H]2[C@H](NC(=O)c3c(OCC)ccc4c3cccc4)C(=O)N12,training,0.0
Oc1c2O[C@H]3C(=C)CC[C@@]4(O)[C@@H]5N(CC6CC6)CC[C@]34c2c(cc1)C5,training,1.0
O=C1[C@@H]2Oc3c(O)ccc4c3[C@@]32[C@](O)([C@H](N(CC=C)CC3)C4)CC1,training,1.0
O=C(O)c1cnccc1,training,0.0
O=[N+]([O-])c1cc2C(c3ccccc3)=NCC(=O)N(C)c2cc1,training,1.0
O=[N+]([O-])c1cc(C2C(C(=O)OCC)=C(C)NC(C)=C2C(=O)OC)ccc1,training,1.0
Nc1c2c(C(c3ccccc3)CN(C)C2)ccc1,training,0.0
O=C1C=C2[C@@H]([C@@H]3[C@H]([C@H]4[C@@](C)([C@](O)(C#C)CC4)CC3)CC2)CC1,training,1.0
O=C1OC[C@]2(C)[C@@H]3[C@H]([C@H]4[C@@](C)([C@](O)(C)CC4)CC3)CC[C@H]2C1,training,1.0
O=S1(=O)c2c(N(CC(CN(C)C)C)c3c1cccc3)cccc2,training,1.0
CC1OC(C)OC(C)O1,training,0.0
O([C@H]1[C@H](O[C@@H]2[C@H](N)[C@@H](O)[C@H](O)[C@@H](CO)O2)[C@@H](N)C[C@@H](N)[C@@H]1O)[C@H]1[C@H](O)[C@H](O[C@@H]2[C@H](N)[C@@H](O)[C@H](O)[C@H](CN)O2)[C@@H](CO)O1,training,0.0
O=C(N[C@@H]1C(=O)N2[C@@H](C(=O)O)C(C)(C)S[C@H]12)COc1ccccc1,training,0.0
Oc1cc2[C@@]3(C)[C@@H](C)[C@H](N(CC=C(C)C)CC3)Cc2cc1,training,1.0
OC[C@@H]1[C@@H](O)C[C@H](n2c3NC=NC[C@@H](O)c3nc2)O1,training,1.0
C(CC1NCCCC1)(C1CCCCC1)C1CCCCC1,training,0.0
N(C(=NCCc1ccccc1)N)=C(N)N,training,1.0
O=C1C(c2ccccc2)C(=O)c2c1cccc2,training,0.0
O=C1C(C(CC)c2ccccc2)=C(O)c2c(O1)cccc2,training,1.0
Oc1cc(N(CC2=NCCN2)c2ccc(C)cc2)ccc1,training,1.0
O=C1N(N(c2ccccc2)C(=O)C1CCCC)c1ccccc1,training,0.0
O=C1C(C/C=C(/CCC[C@@H](CCC[C@@H](CCCC(C)C)C)C)\C)=C(C)C(=O)c2c1cccc2,training,1.0
O=C(N[C@@H]1C(=O)N2[C@@H](C(=O)O)C(C)(C)S[C@H]12)[C@H](NC(=O)N1C(=O)C(=O)N(CC)CC1)c1ccccc1,training,0.0
O=C(OCCN1CCCCC1)C(O)(c1ccccc1)c1ccccc1,training,1.0
Clc1c(N2CC=CC2)ccc(C(C(=O)O)C)c1,training,0.0
O/N=C/c1[n+](C)cccc1,training,0.0
S(=O)(=O)(N(CCC)CCC)c1ccc(C(=O)O)cc1,training,0.0
O=C(N(CCC)CCC)C(NC(=O)c1ccccc1)CCC(=O)O,training,0.0
N(C(CN1c2c(Sc3c1cccc3)cccc2)C)(C)C,training,1.0
O(CC(O)CNC(C)C)c1c2c(ccc1)cccc2,training,0.0
O=C(OCCC)c1ccc(O)cc1,training,0.0
O=C1N(C(C)C)c2c(C(c3ccccc3)=N1)ccc(C)c2,training,0.0
O=C(NNCC)[C@H]1[C@H](CO)[C@@H](O)c2c([C@H]1c1cc(OC)c(OC)c(OC)c1)cc1OCOc1c2,training,1.0
O=C([C@@H](NC(=O)[C@H]1NC(=O)CC1)Cc1[nH]cnc1)N1[C@H](C(=O)N)CCC1,training,1.0
O=C(OCC)[C@@H](N[C@H](C(=O)N1[C@H](C(=O)O)Cc2c(cccc2)C1)C)CCc1ccccc1,training,1.0
O(C)c1cc2c([C@H](O)[C@@H]3N4C[C@H](C=C)[C@H](C3)CC4)ccnc2cc1,training,0.0
O=C(c1c(-c2ccc(O)cc2)sc2c1ccc(O)c2)c1ccc(OCCN2CCCCC2)cc1,training,0.0
O=C(O[C@H]1[C@H](OC)[C@@H](C(=O)OC)[C@@H]2[C@H](C1)CN1[C@@H](c3[nH]c4c(c3CC1)ccc(OC)c4)C2)/C=C/c1cc(OC)c(OC)c(OC)c1,training,1.0
O=C(N)c1nn([C@H]2[C@H](O)[C@H](O)[C@@H](CO)O2)cn1,training,0.0
N([C@@H](Cc1ccccc1)C)(CC#C)C,training,1.0
Clc1ccc(C2(C(N(C)C)CC(C)C)CCC2)cc1,training,1.0
S(=O)(=O)(N1CCN(C)CC1)c1cc(c(OCC)cc1)C1=Nc2c(CCC)nn(C)c2C(=O)N1,training,1.0
O=C(O[C@@H]1[C@@H]2[C@@H](CC[C@H]3OC(=O)C[C@H](O)C3)[C@@H](C)C=CC2=C[C@H](C)C1)C(CC)(C)C,training,1.0
N12[C@@H]([C@@H]3CN4[C@H]([C@H](C1)C3)CCCC4)CCCC2,training,0.0
O=C[C@]1(O)[C@@H](O[C@H]2[C@@H](NC)[C@H](O)[C@@H](O[C@H]3[C@@H](O)[C@@H](O)[C@H](O)[C@@H](CO)O3)[C@H](CO)O2)[C@H](O[C@H]2[C@H](O)[C@@H](O)[C@H](N=C(N)N)[C@@H](O)[C@@H]2N=C(N)N)O[C@H]1C,training,0.0
S(=O)(=O)(Nc1nc(OC)nc(OC)c1)c1ccc(N)cc1,training,0.0
S(=O)(=O)(Nc1nnc(OC)cc1)c1ccc(N)cc1,training,0.0
O=C(OCC)Oc1c(OC)cc(C(=O)O[C@H]2[C@H](OC)[C@@H](C(=O)OC)[C@@H]3[C@H](C2)CN2[C@@H](c4[nH]c5c(c4CC2)ccc(OC)c5)C3)cc1OC,training,1.0
O=C1C(C(CC)C)(CC=C)C(=O)NC(=O)N1,training,0.0
O=C(O)c1c(-c2ccc(Cn3c(CCC)nc4c(C)cc(-c5n(C)c6c(n5)cccc6)cc34)cc2)cccc1,training,1.0
S(=O)(=O)(N(C)C)c1cc2N(CCCN3CCN(C)CC3)c3c(Sc2cc1)cccc3,training,1.0
S(C(=O)C(c1ccccc1)c1ccccc1)CCN(CC)CC,training,0.0
C(c1ccccc1)C1=NCCN1,training,0.0
O(C)c1cc([C@]2(O)[C@@H](CN(C)C)CCCC2)ccc1,training,0.0
ClC(Cl)C1NS(=O)(=O)c2c(N1)cc(Cl)c(S(=O)(=O)N)c2,training,1.0
O[C@@H]1[C@]2(C)[C@H]([C@H]3[C@@H]([C@]4(C)[C@@]5(O[C@@H]5C(O)=C(C#N)C4)CC3)CC2)CC1,training,0.0
O(C)c1c(OC)cc(Cc2c(N)nc(N)nc2)cc1OC,training,0.0
C(=C\CN1CCCC1)(\c1ncccc1)/c1ccc(C)cc1,training,1.0
OCC(N)(CO)CO,training,0.0
O(C)c1c([O-])c2Oc3ccc(cc3)C[C@@H]3[N+](C)CCc4c3cc(c(OC)c4)Oc3c(O)ccc(c3)C[C@H]3[N+](C)(C)CCc(c23)c1,training,1.0
O=C(O)[C@@H](N)Cc1ccc(O)cc1,training,0.0
O=C(O)CC[C@@H](C)[C@@H]1[C@]2(C)[C@H]([C@@H]3[C@@H](O)C[C@H]4[C@@](C)([C@H]3CC2)CC[C@@H](O)C4)CC1,training,0.0
O=C(O)C(CCC)CCC,training,0.0
O=C(OC)[C@@]1(c2c(OC)cc3N(C)[C@H]4[C@@](O)(C(=O)N)[C@H](O)[C@@]5(CC)[C@@H]6N(CC=C5)CC[C@]46c3c2)c2[nH]c3c(c2CCN2C[C@](O)(CC)C[C@H](C1)C2)cccc3,training,1.0
O=C(CC(c1ccccc1)C=1C(=O)Oc2c(C=1O)cccc2)C,training,1.0
O=C(Nc1ccccc1)C,test,0.0
O=C(O)c1c2n(Cc3ccc(-c4c(-c5n[nH]nn5)cccc4)cc3)c(OCC)nc2ccc1,test,1.0
O=C(OCCN(CC)CC)C1(c2ccccc2)CCCC1,test,0.0
Clc1cc(Cc2c(O)ccc(Cl)c2)c(O)cc1,test,0.0
O=C(O[C@@H]1[C@]2(C)[C@H]([C@H]3[C@@H](c4c(cc(O)cc4)CC3)CC2)CC1)CCCCCC,test,1.0
Clc1c(S(=O)(=O)N)cc2S(=O)(=O)NCNc2c1,test,0.0
O=C(C[C@@H]1N(C)[C@H](C[C@H](O)c2ccccc2)CCC1)c1ccccc1,test,1.0
ClCCNC[C@@H](O)[C@@H](O)[C@H](O)[C@H](O)CNCCCl,test,1.0
O(CC(O)CO)c1c(C)cccc1,test,0.0
C(N1c2c(Sc3c1cccc3)cccc2)C1CN(C)CC1,test,1.0
CN1CC2N(c3c(cccc3)Cc3c2cccc3)CC1,test,1.0
O=C1C(CN2CCOCC2)CCc2[nH]c(C)c(CC)c12,test,0.0
O(CC(O)CNC(C)(C)C)c1c2c(ccc1)C[C@@H](O)[C@@H](O)C2,test,0.0
CN1CCN(C2=Nc3c(Nc4sc(C)cc24)cccc3)CC1,test,1.0
O(C)c1c2O[C@H]3C(=O)CC[C@@]4(O)[C@@H]5N(C)CC[C@]34c2c(cc1)C5,test,0.0
O=C(CCCCN1C(=O)N(C)c2ncn(C)c2C1=O)C,test,0.0
O=C(O[C@H]1[C@@H](N2CC[N+](C)(C)CC2)C[C@@H]2[C@]1(C)CC[C@@H]1[C@]3(C)[C@H](C[C@H](OC(=O)C)[C@@H](N4CC[N+](C)(C)CC4)C3)CC[C@@H]21)C,test,1.0
OC(CCN1CCCC1)(c1ccccc1)C1CCCCC1,test,1.0
O([C@H]1[C@H](O)[C@H](O)[C@@H](O)[C@H](C)O1)[C@@H]1C=C2[C@@](C)([C@@H]3[C@H]([C@]4(O)[C@@](C)([C@@H](C5=COC(=O)C=C5)CC4)CC3)CC2)CC1,test,1.0
Clc1c(S(=O)(=O)N)cc2C(=O)NC(CC)Nc2c1,test,0.0
BrC(Br)(Br)CO,test,0.0
O=C(N1CCOCC1)c1cc(OC)c(OC)c(OC)c1,test,0.0
O=C(OCCN(CC)CC)C(c1ccccc1)c1ccccc1,test,0.0
P(=O)(O)(O)C(P(=O)(O)O)(O)CCCN,test,1.0
O=C1N([C@H]2[C@H](O)[C@H](O)[C@@H](CO)O2)C=NC(N)=N1,test,0.0
O=C(OCC)c1ccc(N)cc1,test,1.0
S(=O)(=O)([O-])c1c2c(c(N/N=C/3\C(=O)/C(=N\Nc4c5c(c(S(=O)(=O)[O-])cc4)cccc5)/C=C(CO)C\3=O)cc1)cccc2,test,1.0
O=C(N[C@@H]1C(=O)N2C(C(=O)O)=C(OC)CS[C@H]12)[C@H](N)C1=CCC=CC1,test,0.0
S(=O)(=O)(O)C(C(=O)N[C@@H]1C(=O)N2C(C(=O)[O-])=C(C[n+]3ccc(C(=O)N)cc3)CS[C@H]12)c1ccccc1,test,0.0
O=C(N[C@@H]1C(=O)N2C(C(=O)O)=C(C)CS[C@H]12)[C@H](N)c1ccccc1,test,0.0
O=C(N[C@@H]1C(=O)N2C(C(=O)O)=C(C)CS[C@H]12)[C@H](N)C1=CCC=CC1,test,0.0
O=C(CO)[C@]1(O)[C@]2(C)[C@H]([C@H]3[C@H](C(=O)C2)[C@]2(C)C(=CC(=O)CC2)CC3)CC1,test,0.0
[N+](CCCCCCCCCC[N+](C)(C)C)(C)(C)C,test,1.0
OC[C@@H]1[C@@H](O)[C@H](O)[C@@H](O)C(O)O1,test,0.0
O=C1N(N(C)C(C)=C1)c1ccccc1,test,0.0
O=C(O)CCC(=O)c1ccc(-c2ccccc2)cc1,test,0.0
O=C1OC2(CN1)CCN(CCc1ccccc1)CC2,test,0.0
P(=O)(OC(CO)CO)(O)O,test,0.0
Fc1ccc(C(=O)C2CCN(CCN3C(=O)Nc4c(C3=O)cccc4)CC2)cc1,test,1.0
O=C(OC(C[N+](C)(C)C)C)C,test,1.0
O=C1N(C)C(=O)NC(=O)C1(CC)CC,test,0.0
O(C)c1c(C(O)C(N)C)cc(OC)cc1,test,1.0
Ic1c(N(C(=O)C)C)c(I)c(C(=O)N[C@@H]2[C@@H](O)[C@H](O)[C@@H](CO)OC2O)c(I)c1NC(=O)C,test,0.0
O=C1C=C2[C@@H]([C@@H]3[C@H]([C@H]4[C@@](C)([C@@H](O)CC4)CC3)CC2)CC1,test,0.0
O=C(O[C@@H]1[C@]2(C)[C@H]([C@H]3[C@@H]([C@@H]4C(=CC(=O)CC4)CC3)CC2)CC1)C12C=CC(C)(CC1)CC2,test,1.0
O(CC(O)CNC(C)C)c1c2c([nH]cc2)ccc1,test,1.0
OC(c1ccccc1)(c1ccccc1)C1NCCCC1,test,1.0
O(C)c1c(OC)ccc(C2=NN=C(C)C(CC)c3c2cc(OC)c(OC)c3)c1,test,1.0
S(=O)(=O)(NC(=O)NN1CCCCCC1)c1ccc(C)cc1,test,0.0
Clc1c(CCN2CCN(c3nsc4c3cccc4)CC2)cc2c(NC(=O)C2)c1,test,1.0
O[C@]1(CC=C)[C@]2(C)[C@H]([C@H]3[C@@H]([C@@H]4C(=CCCC4)CC3)CC2)CC1,test,1.0
O=NOCCC(C)C,test,0.0
O=C1C(CC)(CC)C(=O)NC(=O)N1,test,0.0
O(CC(C)C)CC(CN(Cc1ccccc1)c1ccccc1)N1CCCC1,test,0.0
O=C(CCC)c1cc2N(CCCN3CCN(C)CC3)c3c(Sc2cc1)cccc3,test,1.0
O=C([O-])CC(O)C[N+](C)(C)C,test,0.0
ClC=1C=2[C@@](C)([C@@H]3[C@H]([C@H]4[C@@](C)([C@@](O)(C(=O)C)CC4)CC3)C=1)CCC(=O)C=2,test,1.0
O(C)c1cc2c(cc1)C[C@@H]1N(C)CC[C@]32[C@@H]1CCCC3,test,1.0
O(C)c1c(OC)cc2c([C@@H](C[C@@H]3[C@@H](CC)CN4[C@H](c5c(cc(OC)c(OC)c5)CC4)C3)NCC2)c1,test,1.0
S(=O)(=O)(Nc1ncc(OCCOC)cn1)c1ccccc1,test,0.0
Ic1c(N)c(I)cc(I)c1CC(C(=O)O)CC,test,0.0
O([C@H]1[C@H](O)[C@@H](O[C@@H]2[C@H](O)[C@@H](N)[C@H](O)[C@@H](CO)O2)[C@H](N)C[C@@H]1N)[C@@H]1[C@H](O)[C@@H](O)[C@H](O)[C@@H](CN)O1,test,0.0
S(=O)(=O)(NC(=O)NC1CCCCC1)c1cc(N)c(C)cc1,test,1.0
O=C(N[C@H](CO)CC)[C@@H]1C=C2[C@H](N(C)C1)Cc1c3c(n(C)c1)cccc23,test,1.0
S(C[C@H]1CN(CCC)[C@H]2[C@@H](c3c4c([nH]cc4C2)ccc3)C1)C,test,1.0
O=C1OC(c2ccc(O)cc2)(c2ccc(O)cc2)c2c1cccc2,test,1.0
S(=O)(=O)(N)c1c(Oc2ccccc2)c(N2CCCC2)cc(C(=O)O)c1,test,1.0
O(CC(O)CNC(C)C)c1ccc(O)cc1,test,1.0
O(C)c1cc(NC(CCCN)C)c2ncccc2c1,test,1.0
Clc1cc2N(CCCN3CCN(C)CC3)c3c(Sc2cc1)cccc3,test,1.0
O=C(OC)[C@@H]1[C@@H](OC)[C@H](OC(=O)c2cc(OC)c(OC)c(OC)c2)C[C@H]2[C@@H]1C[C@H]1N(C2)CCc2c3c([nH]c12)cc(OC)cc3,test,1.0
SC(C(=O)NCC(=O)O)C,test,0.0
Clc1cc2C(c3ccccc3)=NCc3n(c(C)nn3)-c2cc1,test,1.0
O=C(O)CCCCCC[C@@H]1[C@@H](/C=C/[C@@H](O)CCCCC)[C@H](O)CC1=O,test,1.0
N(CCCN(c1ccccc1)C1Cc2c(cccc2)C1)(CC)CC,test,0.0
O=C(OCCN(CC)CC)C(O)(c1ccccc1)c1ccccc1,test,1.0
O=C(OCCOCCOCCOCCOCCOCCOCCOCCOCCOC)c1ccc(NCCCC)cc1,test,0.0
O=C(OC1C(C(=O)N(CC)CC)CN2C(c3c(cc(OC)c(OC)c3)CC2)C1)C,test,1.0
O(C(C)C)CCOCc1ccc(OCC(O)CNC(C)C)cc1,test,1.0
S(CC(=O)O)CC(N)C(=O)O,test,0.0
O=C(N[C@@H]1C(=O)N2C(C(=O)O)=C(COC(=O)C)CS[C@H]12)CC#N,test,0.0
O([C@@H]1[C@@H](C)[C@H](O[C@@H]2O[C@@H](C)[C@H](O)[C@@](OC)(C)C2)[C@@H](C)C(=O)O[C@H](CC)[C@](O)(C)[C@H](O)[C@@H](C)C(=O)[C@H](C)C[C@]1(O)C)[C@H]1[C@H](O)[C@@H](N(C)C)C[C@@H](C)O1,test,0.0
Clc1cc(N2CCN(CCCN3C(=O)N(CC)C(CC)=N3)CC2)ccc1,test,1.0
O=C(OCC(COC(=O)C)CCn1c2nc(N)ncc2nc1)C,test,0.0
P(=O)([O-])([O-])C(=O)O,test,0.0
O(C)c1c(O)cccc1,test,0.0
Clc1cc2C(c3ccccc3)=NCC(=O)N(CC(F)(F)F)c2cc1,test,1.0
Clc1ccc(C(N2CCN(Cc3cc(C)ccc3)CC2)c2ccccc2)cc1,test,1.0
O=C1N(C)C(=O)NC(=O)C1(CC)c1ccccc1,test,0.0
S(=O)(=O)(O)CCS,test,0.0
O=C1C(C#N)=CC(c2ccncc2)=C(C)N1,test,1.0
O=C1CC2=C([C@@H]3[C@H]([C@H]4[C@@](C)([C@](O)(C#C)CC4)CC3)CC2)CC1,test,1.0
O=C(OCC=1N(C)CCCN=1)C(O)(c1ccccc1)C1CCCCC1,test,1.0
CN1C(C)C(c2ccccc2)OCC1,test,0.0
S(=O)(=O)(Nc1c(OC)c(OC)ncn1)c1ccc(N)cc1,test,0.0
[SH0](=O)(CCC1C(=O)N(N(c2ccccc2)C1=O)c1ccccc1)c1ccccc1,test,0.0
Clc1cc2N(CCCN3CCN(CCOC(=O)C)CC3)c3c(Sc2cc1)cccc3,test,1.0
O=C(OCC)C=1n2c3c(c4c2[C@@H]2[C@](CC)(C=1)CCCN2CC4)cccc3,test,1.0
O=C(N(O)C(C)c1sc2c(c1)cccc2)N,test,0.0
O=C(O)[C@H]1C(C)(C)S[C@@H]2[C@H](N=CN3CCCCCC3)C(=O)N12,test,0.0
O=C1C(CCC)C(=O)N2N1C(N(C)C)=Nc1c2cc(C)cc1,test,0.0
N([C@H](Cc1ccccc1)C)(Cc1ccccc1)C,test,1.0
OC(CCN1CCCCC1)(c1ccccc1)C12C=CC(C1)CC2,test,1.0
O=C(Oc1ccc(C(c2ccc(OC(=O)C)cc2)=C2CCCCC2)cc1)C,test,0.0
S(=O)(=O)(c1ccc(N)cc1)c1ccc(N)cc1,test,0.0
O=C(N(O)CCCCCNC(=O)CCC(=O)N(O)CCCCCN)CCC(=O)NCCCCCN(O)C(=O)C,test,0.0
S(=O)(=O)(N(CC)CC)c1ccc(C(=O)O)cc1,test,0.0
OC(CNC(Cc1ccc(O)cc1)C)c1cc(O)cc(O)c1,test,1.0
OC[C@@H]1[C@@H](O)[C@H](O)[C@@](O)(CO)O1,test,0.0
Clc1c2c(c3c(c(C(O)CCN(CCCC)CCCC)c2)ccc(C(F)(F)F)c3)cc(Cl)c1,test,0.0
O=C(N)C(CC[N+](C(C)C)(C(C)C)C)(c1ccccc1)c1ccccc1,test,1.0
O[C@@H]([C@H](O)[C@H](O)CO)[C@H](O)CO,test,0.0
O=C(O)[C@@H](NC(=O)c1ccc(N(Cc2nc3c(N)nc(N)nc3nc2)C)cc1)CCC(=O)O,test,1.0
O=C1C=C2C(=C3[C@@H](c4ccc(N(C)C)cc4)C[C@]4(C)[C@](O)(C#CC)CC[C@H]4[C@@H]3CC2)CC1,test,0.0
O([C@H]1[C@H](O[C@@H]2[C@H](N)[C@@H](O)[C@H](O)[C@@H](CN)O2)[C@@H](N)C[C@@H](N)[C@@H]1O)[C@H]1[C@H](O)[C@H](O[C@@H]2[C@H](N)[C@@H](O)[C@H](O)[C@H](CN)O2)[C@@H](CO)O1,test,0.0
O=C(NNc1ccccc1)N,test,0.0
O[C@H]1[C@H](O)[C@@H]2[C@@](O)(C)[C@H]3N(C[C@@H](C)CC3)C[C@H]2[C@H]2[C@]1(O)[C@@H]1[C@H](O)[C@H](O)[C@@H]3[C@@]4(O)[C@@H](O)CC[C@]3(C)[C@@]1(O4)C2,test,1.0
Fc1cc2[C@]3(C(=O)NC(=O)N3)CCOc2cc1,test,0.0
ClCC/C(=C(/c1ccc(OCCN(C)C)cc1)\c1ccccc1)/c1ccccc1,test,1.0
O=C(NCc1ccc(OCCN(C)C)cc1)c1cc(OC)c(OC)c(OC)c1,test,0.0
OC[C@@H]1[C@@H](O)[C@@H](O)[C@H](n2c3ncnc(N)c3nc2)O1,val,1.0
N(C)(C)c1nc(N(C)C)nc(N(C)C)n1,val,0.0
O=C(OC1C[C@@H]2[N+](CCCC)(C)[C@@H]([C@H]3O[C@@H]23)C1)[C@H](CO)c1ccccc1,val,1.0
O=C(O)CC[C@@]1(O)[C@]2(C)[C@H]([C@H]3[C@@H]([C@]4(C)C(=CC(=O)CC4)C=C3)CC2)CC1,val,0.0
S(CC1=C(C(=O)O)N2C(=O)[C@@H](NC(=O)[C@H](O)c3ccccc3)[C@H]2SC1)c1n(C)nnn1,val,0.0
Clc1c(S(=O)(=O)N)cc2S(=O)(=O)NC(C3C4C=CC(C3)C4)Nc2c1,val,1.0
O=C(N)c1c(/N=N/N(C)C)nc[nH]1,val,0.0
O=C(OC)[C@@H]1[C@@H](OC)[C@H](OC(=O)c2cc(OC)c(OC)c(OC)c2)C[C@H]2[C@@H]1C[C@H]1N(C2)CCc2c3c([nH]c12)cccc3,val,1.0
OCC,val,0.0
O(C)c1c2O[C@H]3C(=O)CC[C@H]4[C@@H]5N(C)CC[C@]34c2c(cc1)C5,val,1.0
Ic1c(C(CCCCCCCCC(=O)OCC)C)cccc1,val,0.0
O=C(NNCc1ccccc1)c1noc(C)c1,val,1.0
O([C@@H]1[C@@H](O)[C@H](O[C@@H]2[C@H](N)[C@@H](O)[C@H](O)[C@@H](CN)O2)[C@@H](N)C[C@H]1N)[C@@H]1[C@H](O)[C@@H](N)[C@H](O)[C@@H](CO)O1,val,0.0
O=C(O)c1c(O)ccc(N=Nc2cc(C(=O)O)c(O)cc2)c1,val,0.0
N(=Nc1ccccc1)c1c(N)nc(N)cc1,val,0.0
N(CCCN1c2c(Sc3c1cccc3)cccc2)(C)C,val,0.0
O=C(O[C@H]1[C@@H]([N+]2(CC=C)CCCC2)C[C@@H]2[C@]1(C)CC[C@@H]1[C@]3(C)[C@H](C[C@H](O)[C@@H](N4CCOCC4)C3)CC[C@@H]21)C,val,1.0
S(=O)(=O)(NC1=NC(=O)N(CC)C=C1)c1ccc(N)cc1,val,0.0
O=C(Nc1ccc(O)cc1)C,val,0.0
Clc1ccc(C2CCC(C=3C(=O)C(=O)c4c(C=3O)cccc4)CC2)cc1,val,0.0
OCc1ccccc1,val,0.0
O=C(Oc1c(OC(=O)c2ccc(C)cc2)ccc(C(O)CNC(C)(C)C)c1)c1ccc(C)cc1,val,1.0
O=C1C=C2[C@@](C)([C@@H]3[C@@H]([C@@H](C)C2)[C@H]2[C@@](C)([C@](O)(C)CC2)CC3)CC1,val,0.0
Clc1ccc(C(OCCN(C)C)c2ncccc2)cc1,val,1.0
O=C1Oc2c(cccc2)C=C1,val,0.0
O=C1NC=Nc2n([C@@H]3O[C@H](CO)CC3)cnc12,val,0.0
S(=O)(=O)(N)c1sc2S(=O)(=O)[C@@H](C)C[C@H](NCC)c2c1,val,1.0
Fc1ccc(C(=O)CCCN2CC=C(N3C(=O)Nc4c3cccc4)CC2)cc1,val,1.0
O(C)c1c(O)c(OC)cc([C@H]2[C@H]3C(=O)OCC3C(O[C@H]3[C@H](O)[C@@H](O)[C@@H]4O[C@H](C)OC[C@H]4O3)c3c2cc2OCOc2c3)c1,val,1.0
O=C(O)C(C)c1cc(Oc2ccccc2)ccc1,val,0.0
O=C(O[C@@H]1[C@H](C)O[C@@H](O[C@H]2[C@H](N(C)C)[C@@H](O)[C@H](O[C@H]3[C@@H](CC=O)C[C@@H](C)[C@@H](O)/C=C/C=C/C[C@@H](C)OC(=O)C[C@@H](OC(=O)C)C3OC)O[C@@H]2C)C[C@]1(O)C)CC(C)C,val,0.0
O=C(CO)[C@@]1(O)[C@@H](C)C[C@@H]2[C@]1(C)CC(=O)[C@@H]1[C@]3(C)C(=CC(=O)C=C3)CC[C@@H]21,val,1.0
O=C(O)[C@H]1C(C)(C)S[C@@H]2[C@H](NC(=O)c3c(OC)cccc3OC)C(=O)N12,val,0.0
O=C(O[C@@H]1[C@]2(C)[C@H]([C@H]3[C@@H]([C@@H]4C(=CC(=O)CC4)CC3)CC2)CC1)CCc1ccccc1,val,1.0
O=[N+]([O-])c1cc(C2C(C(=O)OCCN(Cc3ccccc3)C)=C(C)NC(C)=C2C(=O)OC)ccc1,val,1.0
ClCC[N+]([O-])(CCCl)C,val,1.0
O(C)c1c(OC)ccc2[C@@H]([C@@H]3N(C)CCc4c3c(OC)c3OCOc3c4)OC(=O)c12,val,1.0
O=C1[C@@H](CC)[C@@H](Cc2n(C)cnc2)CO1,val,1.0
O=C(OCCOCC(OCCO)C1C(OCCO)CC(OCCO)O1)CCCCCCC/C=C/CCCCCCCC,val,0.0
O=C(OCC(=O)[C@]1(O)[C@]2(C)[C@H]([C@H]3[C@H]([C@@H](O)C2)[C@]2(C)C(=CC(=O)C=C2)CC3)CC1)CC(C)(C)C,val,1.0
Oc1c(C(C)C)cccc1C(C)C,val,0.0
[SH0](=O)(C)c1ccc(/C=C/2\C(C)=C(CC(=O)O)c3c\2ccc(F)c3)cc1,val,0.0
O=C(OCC(N(C)C)(CC)c1ccccc1)c1cc(OC)c(OC)c(OC)c1,val,0.0
O=C(O)/C=C(/C=C/C=C(/C=C/c1c(C)c(C)c(OC)cc1C)\C)\C,val,1.0
OC(CNC(C)(C)C)c1cc(CO)c(O)cc1,val,1.0
O=C1C(O)=C(O)[C@@H]([C@@H](O)CO)O1,val,0.0
S(CC1=C(C(=O)O)N2C(=O)[C@@H](NC(=O)Cn3nnnc3)[C@H]2SC1)c1sc(C)nn1,val,0.0
Clc1ccc(N/C(=N/C(=NC(C)C)N)/N)cc1,val,0.0
Fc1c(N2CCNCC2)cc2N(C3CC3)C=C(C(=O)O)C(=O)c2c1,val,0.0
Clc1c(N)cc(OC)c(C(=O)NC2C(OC)CN(CCCOc3ccc(F)cc3)CC2)c1,val,1.0
O([C@@H]1[C@@H](O)[C@H](O[C@@H]2[C@H](N)CC[C@@H](CN)O2)[C@@H](N)C[C@H]1N)[C@@H]1[C@H](O)[C@@H](N)[C@H](O)[C@@H](CO)O1,val,1.0
O=C(O)CN(CC(=O)O)CCN(CC(=O)O)CC(=O)O,val,0.0
O=CNc1c(O)ccc([C@@H](O)CN[C@@H](Cc2ccc(OC)cc2)C)c1,val,1.0
Clc1c(OC)cc(OC)c2C(=O)[C@@]3([C@H](C)CC(=O)C=C3OC)Oc12,val,0.0
O=C(N[C@@H]1[C@H](O)Cc2c1cccc2)[C@@H](C[C@H](O)CN1[C@H](C(=O)NC(C)(C)C)CN(Cc2cnccc2)CC1)Cc1ccccc1,val,0.0
Ic1c(N(C(=O)C)CC(O)CO)c(I)c(C(=O)NCC(O)CO)c(I)c1C(=O)NCC(O)CO,val,0.0
O=C(N)[C@H](CC)N1C(=O)CCC1,val,0.0
O([C@H]1[C@H](O[C@@H]2[C@H](N)C[C@H](O)[C@@H](CO)O2)[C@@H](N)C[C@@H](N)[C@@H]1O)[C@H]1[C@H](O)[C@H](O[C@@H]2[C@H](N)[C@@H](O)[C@H](O[C@@H]3[C@@H](O)[C@@H](O)[C@H](O)[C@@H](CO)O3)[C@H](CN)O2)[C@@H](CO)O1,val,0.0
Clc1cc([N+](=O)[O-])c(O)c(-c2c(O)c([N+](=O)[O-])cc(Cl)c2)c1,val,1.0
O(C)c1c2occc2cc2c1OC(=O)C=C2,val,1.0
O=[N+]([O-])c1c(C2C(C(=O)OCC(C)C)=C(C)NC(C)=C2C(=O)OC)cccc1,val,1.0
N1CCNCC1,val,0.0
ClCCN(CCCl)c1ccc(CCCC(=O)OCC(=O)[C@]2(O)[C@]3(C)[C@H]([C@H]4[C@H]([C@@H](O)C3)[C@]3(C)C(=CC(=O)C=C3)CC4)CC2)cc1,val,1.0
O=C(O[C@H]1[C@H](C)O[C@@H](O[C@H]2[C@H](N(C)C)[C@@H](O)[C@H](O[C@@H]3[C@@H](OC)[C@H](O)CC(=O)O[C@H](C)C/C=C/C=C/[C@H](O)[C@H](C)C[C@@H]3CC=O)O[C@@H]2C)C[C@]1(OC(=O)CC)C)CCC,val,0.0
S(=O)(=O)(Nc1c(C)c(C)no1)c1ccc(N)cc1,val,0.0
OC(CNC(C)(C)C)c1cc(O)cc(O)c1,val,1.0
O=C(O)[C@H](N(C(=O)CCCC)Cc1ccc(-c2c(-c3n[nH]nn3)cccc2)cc1)C(C)C,val,0.0
O=C(N(CC)c1cc(C=2n3ncc(C#N)c3N=CC=2)ccc1)C,val,1.0
Clc1c(C2C(C(=O)OCC)=C(COCCN)NC(C)=C2C(=O)OC)cccc1,val,1.0
F[C@]12[C@@H](O)C[C@]3(C)[C@@](O)(C(=O)COC(=O)C)[C@@H](C)C[C@H]3[C@@H]1CCC=1[C@]2(C)C=CC(=O)C=1,val,1.0
O=C(N(CC)CC)Nc1cc(C(=O)C)c(OCC(O)CNC(C)(C)C)cc1,val,0.0
S(=O)(=O)([O-])c1c(N)c2c(O)c(N=Nc3c(C)cc(-c4cc(C)c(N=Nc5c(O)c6c(N)c(S(=O)(=O)[O-])cc(S(=O)(=O)[O-])c6cc5)cc4)cc3)ccc2c(S(=O)(=O)[O-])c1,val,1.0
O=C(O)C=1C(=O)c2c(N(CC)N=1)cc1OCOc1c2,val,0.0
O([C@H]1[C@H](O)[C@@H](O)[C@H](N=C(N)N)[C@@H](O)[C@@H]1N=C(N)N)[C@H]1[C@H](O[C@H]2[C@@H](NC)[C@H](O)[C@@H](O)[C@H](CO)O2)[C@@](O)(CO)[C@H](C)O1,val,0.0
O(C(C)(c1ncccc1)c1ccccc1)CCN(C)C,val,1.0
S(=O)(=O)(N)c1sc2c(n1)ccc(OCC)c2,val,0.0
FC(F)(F)COc1c(C(=O)NCC2NCCCC2)cc(OCC(F)(F)F)cc1,val,0.0
S(=O)(=O)(N(C)C)c1cc2N(CC(N(C)C)C)c3c(Sc2cc1)cccc3,val,1.0
O([C@H]1[C@H](O)[C@@H](O[C@@H]2[C@H](O)[C@@H](NC)[C@](O)(C)CO2)[C@H](N)C[C@@H]1N)[C@@H]1[C@H](N)CC[C@@H](CN)O1,val,1.0
O=C([O-])C[C@@H](O)C[N+](C)(C)C,val,0.0
O(CC1OC(=O)NC1)c1cc(C)cc(C)c1,val,0.0
Clc1cc2nc(/C=C/c3cc([C@H](SCC4(CC(=O)O)CC4)CCc4c(C(O)(C)C)cccc4)ccc3)ccc2cc1,val,1.0
O[C@@H]1[C@@H]2Oc3c(O)ccc4c3[C@@]32[C@](O)([C@H](N(CC2CCC2)CC3)C4)CC1,val,1.0
Clc1cc(N2CCN(CCCN3C(=O)N(CCOc4ccccc4)C(CC)=N3)CC2)ccc1,val,0.0
OC(C(NC(CCc1ccccc1)C)C)c1ccc(O)cc1,val,1.0
O=C(NCCN(CC)CC)c1ccc(N)cc1,val,0.0
O=C(N)c1c(O)cccc1,val,0.0
O(C)c1c(O)ccc([C@H]2[C@H](CO)Oc3c(O2)cc([C@@H]2[C@@H](O)C(=O)c4c(O)cc(O)cc4O2)cc3)c1,val,0.0
Fc1c(N2C[C@@H](C)N[C@@H](C)C2)c(F)c2N(C3CC3)C=C(C(=O)O)C(=O)c2c1N,val,0.0
O=C(N(c1ccccc1)C1(COC)CCN(CCc2sccc2)CC1)CC,val,1.0
O=C1N(C)C(=O)OC1(C)C,val,0.0
O=C(O[C@@H]1[C@H](O)[C@@H](C)O[C@@H](O[C@@H]2[C@@H](C)O[C@@H](O[C@@H]3[C@@H](C)O[C@@H](O[C@@H]4C[C@@H]5[C@@](C)([C@@H]6[C@H]([C@]7(O)[C@@](C)([C@@H](C8=CC(=O)OC8)CC7)CC6)CC5)CC4)C[C@@H]3O)C[C@@H]2O)C1)C,val,1.0
Clc1c(OCC=C)ccc(CC(=O)O)c1,val,1.0
F[C@]12[C@@H](O)C[C@]3(C)[C@@](OC(=O)CCCC)(C(=O)CO)[C@@H](C)C[C@H]3[C@@H]1CCC=1[C@]2(C)C=CC(=O)C=1,val,1.0
ClC(Cl)(Cl)C(OC(CC(O)(C)C)C)O,val,0.0
Clc1c(Cl)ccc(N/C(=N/C(=NC(C)C)N)/N)c1,val,1.0
O=C(C([C@@H](CN1CCOCC1)C)(c1ccccc1)c1ccccc1)N1CCCC1,val,1.0
O=C(O)CCC/C=C\C[C@@H]1[C@@H](/C=C/[C@@H](O)CCCCC)[C@H](O)C[C@@H]1O,val,1.0
O(C(c1ccccc1)c1ccccc1)C1CCN(C)CC1,val,1.0
Clc1cc2C3(c4c(F)cccc4)OCCN3CC(=O)N(CCO)c2cc1,val,1.0
P(=O)(OCC(O)CO)(O)O,val,0.0
Clc1cc2nccc(NC(CCCN(CCO)CC)C)c2cc1,val,0.0
O(CC(NC(C(O)c1ccc(O)cc1)C)C)c1ccccc1,val,1.0
O=C(c1n2c(C(C(=O)O)CC2)cc1)c1ccccc1,val,1.0
O=C(O[C@@]([C@H](CN(C)C)C)(Cc1ccccc1)c1ccccc1)CC,val,1.0
ClCCN(CCCl)C,val,1.0
OC(C#C)(CC)C,val,0.0
O=C1N(C)C(=O)CC1(C)c1ccccc1,val,0.0
O(C)[C@@H]1[C@@H](C)O[C@@H](O[C@@H]2[C@@H](C)O[C@@H](O[C@@H]3[C@@H](C)O[C@@H](O[C@@H]4C[C@@H]5[C@@](C)([C@@H]6[C@H]([C@]7(O)[C@](C)([C@H](O)C6)[C@@H](C6=CC(=O)OC6)CC7)CC5)CC4)C[C@@H]3O)C[C@@H]2O)C[C@@H]1O,val,1.0
O=C1N(C)C(=O)OC1(CC)C,val,0.0
CC1C(c2ccccc2)OCCN1,val,1.0
N(C(CC1CCCCC1)C)C,val,0.0
O[C@@H]1CC=2[C@@](C)([C@@H]3[C@H]([C@H]4[C@@](C)([C@@H]([C@@H](CC[C@H](C(C)C)CC)C)CC4)CC3)CC=2)CC1,val,0.0
S(=O)(=O)(Nc1ncc(OC)cn1)c1ccc(N)cc1,val,0.0
S(=O)(=O)(Nc1ncccc1)c1ccc(N=Nc2cc(C(=O)O)c(O)cc2)cc1,val,0.0
S(=O)(=O)(NC)Cc1cc2c(CCN(C)C)c[nH]c2cc1,val,1.0
O=C1N(C)C(=O)c2[nH]cnc2N1C,val,0.0
O(C[C@@H](O)CNC(C)(C)C)c1c(N2CCOCC2)nsn1,val,1.0
O=C(O)C1NCSC1,val,0.0
O(C)c1c(OC)cc(NCc2c(C)c3c(N)nc(N)nc3cc2)cc1OC,val,1.0
